Leitura,Horario,Temperatura(C),Umidade(%),Dispositivo
7,2025-10-23 07:23:13,18.7,56.9,Pico W_11f0bb
8,2025-10-23 07:23:36,19.0,56.3,Pico W_11f0bb
9,2025-10-23 07:23:58,19.2,55.1,Pico W_11f0bb
10,2025-10-23 07:24:20,19.4,54.8,Pico W_11f0bb
11,2025-10-23 07:24:43,19.9,54.2,Pico W_11f0bb
12,2025-10-23 07:25:05,20.2,53.3,Pico W_11f0bb
13,2025-10-23 07:25:27,20.4,52.5,Pico W_11f0bb
14,2025-10-23 07:25:50,20.5,52.1,Pico W_11f0bb
15,2025-10-23 07:26:12,20.8,52.3,Pico W_11f0bb
16,2025-10-23 07:26:34,21.0,51.5,Pico W_11f0bb
17,2025-10-23 07:26:57,20.9,50.9,Pico W_11f0bb
18,2025-10-23 07:27:19,20.7,51.1,Pico W_11f0bb
19,2025-10-23 07:27:41,20.8,51.0,Pico W_11f0bb
20,2025-10-23 07:28:04,20.8,50.8,Pico W_11f0bb
21,2025-10-23 07:28:26,20.8,50.9,Pico W_11f0bb
22,2025-10-23 07:28:48,21.0,50.9,Pico W_11f0bb
23,2025-10-23 07:29:11,21.0,50.7,Pico W_11f0bb
24,2025-10-23 07:29:33,21.1,50.8,Pico W_11f0bb
25,2025-10-23 07:29:55,21.3,50.4,Pico W_11f0bb
26,2025-10-23 07:30:18,21.2,49.8,Pico W_11f0bb
27,2025-10-23 07:30:40,20.7,50.1,Pico W_11f0bb
28,2025-10-23 07:31:02,20.3,50.8,Pico W_11f0bb
29,2025-10-23 07:31:25,20.2,51.5,Pico W_11f0bb
30,2025-10-23 07:31:47,20.4,51.6,Pico W_11f0bb
31,2025-10-23 07:32:09,20.6,51.5,Pico W_11f0bb
32,2025-10-23 07:32:32,20.8,51.0,Pico W_11f0bb
33,2025-10-23 07:32:54,21.0,50.5,Pico W_11f0bb
34,2025-10-23 07:33:17,21.0,50.2,Pico W_11f0bb
35,2025-10-23 07:33:39,21.3,49.9,Pico W_11f0bb
36,2025-10-23 07:34:01,21.2,49.6,Pico W_11f0bb
37,2025-10-23 07:34:24,21.0,49.7,Pico W_11f0bb
38,2025-10-23 07:34:46,21.1,49.8,Pico W_11f0bb
39,2025-10-23 07:35:08,20.9,49.8,Pico W_11f0bb
40,2025-10-23 07:35:31,20.8,50.2,Pico W_11f0bb
41,2025-10-23 07:35:53,20.7,50.4,Pico W_11f0bb
42,2025-10-23 07:36:15,20.6,50.6,Pico W_11f0bb
43,2025-10-23 07:36:38,20.7,50.8,Pico W_11f0bb
44,2025-10-23 07:37:00,20.9,50.5,Pico W_11f0bb
45,2025-10-23 07:37:22,20.9,50.3,Pico W_11f0bb
46,2025-10-23 07:37:45,21.1,50.1,Pico W_11f0bb
47,2025-10-23 07:38:07,20.9,49.7,Pico W_11f0bb
48,2025-10-23 07:38:29,20.9,49.9,Pico W_11f0bb
49,2025-10-23 07:38:52,21.2,49.8,Pico W_11f0bb
50,2025-10-23 07:39:14,21.4,49.3,Pico W_11f0bb
51,2025-10-23 07:39:36,21.4,49.3,Pico W_11f0bb
52,2025-10-23 07:39:59,21.7,48.9,Pico W_11f0bb
53,2025-10-23 07:40:21,22.0,48.3,Pico W_11f0bb
54,2025-10-23 07:40:43,22.1,48.0,Pico W_11f0bb
55,2025-10-23 07:41:06,22.0,48.0,Pico W_11f0bb
56,2025-10-23 07:41:28,22.0,48.0,Pico W_11f0bb
57,2025-10-23 07:41:50,22.1,48.2,Pico W_11f0bb
58,2025-10-23 07:42:13,22.1,48.0,Pico W_11f0bb
59,2025-10-23 07:42:35,22.2,47.7,Pico W_11f0bb
60,2025-10-23 07:42:57,22.3,47.7,Pico W_11f0bb
61,2025-10-23 07:43:20,22.4,47.6,Pico W_11f0bb
62,2025-10-23 07:43:42,22.3,47.1,Pico W_11f0bb
63,2025-10-23 07:44:04,22.3,47.5,Pico W_11f0bb
64,2025-10-23 07:44:27,22.4,47.5,Pico W_11f0bb
65,2025-10-23 07:44:49,22.3,47.3,Pico W_11f0bb
66,2025-10-23 07:45:12,22.0,47.4,Pico W_11f0bb
67,2025-10-23 07:45:34,21.9,47.5,Pico W_11f0bb
68,2025-10-23 07:45:56,21.8,47.9,Pico W_11f0bb
69,2025-10-23 07:46:19,21.5,48.0,Pico W_11f0bb
70,2025-10-23 07:46:41,21.3,48.6,Pico W_11f0bb
71,2025-10-23 07:47:03,21.4,48.9,Pico W_11f0bb
72,2025-10-23 07:47:26,21.5,48.8,Pico W_11f0bb
73,2025-10-23 07:47:48,21.6,48.5,Pico W_11f0bb
74,2025-10-23 07:48:10,21.7,48.3,Pico W_11f0bb
75,2025-10-23 07:48:33,21.7,48.3,Pico W_11f0bb
76,2025-10-23 07:48:55,22.1,48.1,Pico W_11f0bb
77,2025-10-23 07:49:17,22.4,48.0,Pico W_11f0bb
78,2025-10-23 07:49:40,22.4,46.9,Pico W_11f0bb
79,2025-10-23 07:50:02,22.4,47.0,Pico W_11f0bb
80,2025-10-23 07:50:24,22.5,46.9,Pico W_11f0bb
81,2025-10-23 07:50:47,22.7,46.8,Pico W_11f0bb
82,2025-10-23 07:51:09,22.8,46.7,Pico W_11f0bb
83,2025-10-23 07:51:31,23.0,46.3,Pico W_11f0bb
84,2025-10-23 07:51:54,23.4,46.1,Pico W_11f0bb
85,2025-10-23 07:52:16,23.0,45.6,Pico W_11f0bb
86,2025-10-23 07:52:38,22.9,45.6,Pico W_11f0bb
87,2025-10-23 07:53:01,22.3,46.1,Pico W_11f0bb
88,2025-10-23 07:53:23,22.1,46.9,Pico W_11f0bb
89,2025-10-23 07:53:45,22.4,47.1,Pico W_11f0bb
90,2025-10-23 07:54:08,22.5,46.5,Pico W_11f0bb
91,2025-10-23 07:54:30,22.6,46.4,Pico W_11f0bb
92,2025-10-23 07:54:52,22.7,46.4,Pico W_11f0bb
93,2025-10-23 07:55:15,22.8,46.0,Pico W_11f0bb
94,2025-10-23 07:55:37,22.8,45.8,Pico W_11f0bb
95,2025-10-23 07:55:59,22.6,45.8,Pico W_11f0bb
96,2025-10-23 07:56:22,22.8,46.2,Pico W_11f0bb
97,2025-10-23 07:56:44,22.9,45.8,Pico W_11f0bb
98,2025-10-23 07:57:06,22.8,45.7,Pico W_11f0bb
99,2025-10-23 07:57:29,22.8,45.9,Pico W_11f0bb
100,2025-10-23 07:57:51,23.0,45.8,Pico W_11f0bb
101,2025-10-23 07:58:14,23.1,45.4,Pico W_11f0bb
102,2025-10-23 07:58:36,23.1,45.3,Pico W_11f0bb
103,2025-10-23 07:58:58,23.4,45.5,Pico W_11f0bb
104,2025-10-23 07:59:21,23.7,45.1,Pico W_11f0bb
105,2025-10-23 07:59:43,23.9,44.6,Pico W_11f0bb
106,2025-10-23 08:00:05,24.0,44.4,Pico W_11f0bb
107,2025-10-23 08:00:28,24.2,44.2,Pico W_11f0bb
108,2025-10-23 08:00:50,24.2,43.8,Pico W_11f0bb
109,2025-10-23 08:01:12,24.0,43.7,Pico W_11f0bb
110,2025-10-23 08:01:35,24.1,44.1,Pico W_11f0bb
111,2025-10-23 08:01:57,24.4,43.9,Pico W_11f0bb
112,2025-10-23 08:02:19,24.2,43.3,Pico W_11f0bb
113,2025-10-23 08:02:42,24.2,43.7,Pico W_11f0bb
114,2025-10-23 08:03:04,24.1,43.4,Pico W_11f0bb
115,2025-10-23 08:03:26,24.0,43.3,Pico W_11f0bb
116,2025-10-23 08:03:49,23.7,43.7,Pico W_11f0bb
117,2025-10-23 08:04:11,23.6,44.0,Pico W_11f0bb
118,2025-10-23 08:04:33,23.7,44.2,Pico W_11f0bb
119,2025-10-23 08:04:56,24.0,44.0,Pico W_11f0bb
120,2025-10-23 08:05:18,24.5,43.2,Pico W_11f0bb
121,2025-10-23 08:05:40,24.5,42.6,Pico W_11f0bb
122,2025-10-23 08:06:03,24.5,42.5,Pico W_11f0bb
123,2025-10-23 08:06:25,24.2,42.9,Pico W_11f0bb
124,2025-10-23 08:06:47,24.3,43.1,Pico W_11f0bb
125,2025-10-23 08:07:10,24.2,43.2,Pico W_11f0bb
126,2025-10-23 08:07:32,24.3,42.9,Pico W_11f0bb
127,2025-10-23 08:07:54,24.0,42.7,Pico W_11f0bb
128,2025-10-23 08:08:17,23.7,43.3,Pico W_11f0bb
129,2025-10-23 08:08:39,23.5,43.5,Pico W_11f0bb
130,2025-10-23 08:09:01,23.5,44.0,Pico W_11f0bb
131,2025-10-23 08:09:24,23.6,43.9,Pico W_11f0bb
132,2025-10-23 08:09:46,23.7,43.9,Pico W_11f0bb
133,2025-10-23 08:10:08,24.0,43.7,Pico W_11f0bb
134,2025-10-23 08:10:31,23.9,43.4,Pico W_11f0bb
135,2025-10-23 08:10:53,23.7,43.8,Pico W_11f0bb
136,2025-10-23 08:11:16,23.6,43.3,Pico W_11f0bb
137,2025-10-23 08:11:38,23.6,43.6,Pico W_11f0bb
138,2025-10-23 08:12:00,23.5,43.7,Pico W_11f0bb
139,2025-10-23 08:12:23,23.5,44.0,Pico W_11f0bb
140,2025-10-23 08:12:45,23.7,43.8,Pico W_11f0bb
141,2025-10-23 08:13:07,23.9,43.6,Pico W_11f0bb
142,2025-10-23 08:13:30,24.1,43.3,Pico W_11f0bb
143,2025-10-23 08:13:52,24.0,43.2,Pico W_11f0bb
144,2025-10-23 08:14:14,23.9,43.0,Pico W_11f0bb
145,2025-10-23 08:14:37,23.7,42.9,Pico W_11f0bb
146,2025-10-23 08:14:59,23.8,43.3,Pico W_11f0bb
147,2025-10-23 08:15:21,24.0,43.2,Pico W_11f0bb
148,2025-10-23 08:15:44,24.2,43.3,Pico W_11f0bb
149,2025-10-23 08:16:06,24.3,42.8,Pico W_11f0bb
150,2025-10-23 08:16:28,24.4,42.3,Pico W_11f0bb
151,2025-10-23 08:16:51,24.6,42.0,Pico W_11f0bb
152,2025-10-23 08:17:13,25.0,41.7,Pico W_11f0bb
153,2025-10-23 08:17:35,24.8,41.5,Pico W_11f0bb
154,2025-10-23 08:17:58,25.0,41.6,Pico W_11f0bb
155,2025-10-23 08:18:20,25.2,41.1,Pico W_11f0bb
156,2025-10-23 08:18:42,24.8,41.3,Pico W_11f0bb
157,2025-10-23 08:19:05,24.9,41.7,Pico W_11f0bb
158,2025-10-23 08:19:27,24.8,41.5,Pico W_11f0bb
159,2025-10-23 08:19:49,24.9,41.6,Pico W_11f0bb
160,2025-10-23 08:20:12,24.9,41.3,Pico W_11f0bb
161,2025-10-23 08:20:34,24.8,41.0,Pico W_11f0bb
162,2025-10-23 08:20:56,24.8,41.1,Pico W_11f0bb
163,2025-10-23 08:21:19,25.0,40.9,Pico W_11f0bb
164,2025-10-23 08:21:41,25.0,40.6,Pico W_11f0bb
165,2025-10-23 08:22:03,25.1,40.5,Pico W_11f0bb
166,2025-10-23 08:22:26,24.8,40.4,Pico W_11f0bb
167,2025-10-23 08:22:48,24.3,41.0,Pico W_11f0bb
168,2025-10-23 08:23:11,24.5,41.3,Pico W_11f0bb
169,2025-10-23 08:23:33,24.7,41.1,Pico W_11f0bb
170,2025-10-23 08:23:55,24.7,41.2,Pico W_11f0bb
171,2025-10-23 08:24:18,24.8,41.1,Pico W_11f0bb
172,2025-10-23 08:24:40,24.7,41.3,Pico W_11f0bb
173,2025-10-23 08:25:02,24.4,41.2,Pico W_11f0bb
174,2025-10-23 08:25:25,24.2,41.5,Pico W_11f0bb
175,2025-10-23 08:25:47,23.9,42.0,Pico W_11f0bb
176,2025-10-23 08:26:09,23.9,42.3,Pico W_11f0bb
177,2025-10-23 08:26:32,24.2,42.2,Pico W_11f0bb
178,2025-10-23 08:26:54,24.5,41.7,Pico W_11f0bb
179,2025-10-23 08:27:16,24.2,41.5,Pico W_11f0bb
180,2025-10-23 08:27:39,24.0,41.8,Pico W_11f0bb
181,2025-10-23 08:28:01,24.1,41.9,Pico W_11f0bb
182,2025-10-23 08:28:23,24.4,42.2,Pico W_11f0bb
183,2025-10-23 08:28:46,24.9,41.6,Pico W_11f0bb
184,2025-10-23 08:29:08,24.9,40.9,Pico W_11f0bb
185,2025-10-23 08:29:30,25.2,40.7,Pico W_11f0bb
186,2025-10-23 08:29:53,25.4,40.2,Pico W_11f0bb
187,2025-10-23 08:30:15,25.3,40.1,Pico W_11f0bb
188,2025-10-23 08:30:37,25.3,39.9,Pico W_11f0bb
189,2025-10-23 08:31:00,25.2,39.9,Pico W_11f0bb
190,2025-10-23 08:31:22,25.3,40.1,Pico W_11f0bb
191,2025-10-23 08:31:44,25.4,40.3,Pico W_11f0bb
192,2025-10-23 08:32:07,25.4,40.0,Pico W_11f0bb
193,2025-10-23 08:32:29,25.5,39.5,Pico W_11f0bb
194,2025-10-23 08:32:51,25.4,39.4,Pico W_11f0bb
195,2025-10-23 08:33:14,25.5,39.6,Pico W_11f0bb
196,2025-10-23 08:33:36,25.6,39.9,Pico W_11f0bb
197,2025-10-23 08:33:58,25.5,39.6,Pico W_11f0bb
198,2025-10-23 08:34:21,25.4,39.7,Pico W_11f0bb
199,2025-10-23 08:34:43,25.1,39.6,Pico W_11f0bb
200,2025-10-23 08:35:06,24.7,39.9,Pico W_11f0bb
201,2025-10-23 08:35:28,24.3,40.3,Pico W_11f0bb
202,2025-10-23 08:35:50,23.8,41.1,Pico W_11f0bb
203,2025-10-23 08:36:13,23.5,42.0,Pico W_11f0bb
204,2025-10-23 08:36:35,23.4,42.5,Pico W_11f0bb
205,2025-10-23 08:36:57,23.1,43.0,Pico W_11f0bb
206,2025-10-23 08:37:20,22.9,43.5,Pico W_11f0bb
207,2025-10-23 08:37:42,22.9,43.6,Pico W_11f0bb
208,2025-10-23 08:38:04,22.7,44.0,Pico W_11f0bb
209,2025-10-23 08:38:27,23.0,42.8,Pico W_11f0bb
210,2025-10-23 08:38:49,22.7,42.8,Pico W_11f0bb
211,2025-10-23 08:39:11,22.8,42.6,Pico W_11f0bb
212,2025-10-23 08:39:34,22.4,43.2,Pico W_11f0bb
213,2025-10-23 08:39:56,22.2,43.9,Pico W_11f0bb
214,2025-10-23 08:40:18,22.4,43.8,Pico W_11f0bb
215,2025-10-23 08:40:41,22.2,44.0,Pico W_11f0bb
216,2025-10-23 08:41:03,22.6,43.8,Pico W_11f0bb
217,2025-10-23 08:41:25,22.4,43.2,Pico W_11f0bb
218,2025-10-23 08:41:48,22.3,43.6,Pico W_11f0bb
219,2025-10-23 08:42:10,22.6,43.8,Pico W_11f0bb
220,2025-10-23 08:42:32,22.3,43.3,Pico W_11f0bb
221,2025-10-23 08:42:55,22.4,43.7,Pico W_11f0bb
222,2025-10-23 08:43:17,22.4,43.4,Pico W_11f0bb
223,2025-10-23 08:43:39,22.3,43.6,Pico W_11f0bb
224,2025-10-23 08:44:02,22.3,44.0,Pico W_11f0bb
225,2025-10-23 08:44:24,22.4,43.9,Pico W_11f0bb
226,2025-10-23 08:44:46,22.7,42.9,Pico W_11f0bb
227,2025-10-23 08:45:09,22.6,42.9,Pico W_11f0bb
228,2025-10-23 08:45:31,22.8,42.9,Pico W_11f0bb
229,2025-10-23 08:45:53,23.0,42.5,Pico W_11f0bb
230,2025-10-23 08:46:16,23.3,42.3,Pico W_11f0bb
231,2025-10-23 08:46:38,23.6,41.6,Pico W_11f0bb
232,2025-10-23 08:47:01,23.8,41.3,Pico W_11f0bb
233,2025-10-23 08:47:23,24.8,40.3,Pico W_11f0bb
234,2025-10-23 08:47:45,25.6,39.0,Pico W_11f0bb
235,2025-10-23 08:48:08,26.5,38.0,Pico W_11f0bb
236,2025-10-23 08:48:30,27.1,37.0,Pico W_11f0bb
237,2025-10-23 08:48:52,27.5,36.1,Pico W_11f0bb
238,2025-10-23 08:49:15,27.9,35.2,Pico W_11f0bb
239,2025-10-23 08:49:37,28.1,34.3,Pico W_11f0bb
240,2025-10-23 08:49:59,28.3,34.2,Pico W_11f0bb
241,2025-10-23 08:50:22,28.3,34.1,Pico W_11f0bb
242,2025-10-23 08:50:44,28.2,34.0,Pico W_11f0bb
243,2025-10-23 08:51:06,28.1,33.8,Pico W_11f0bb
244,2025-10-23 08:51:29,27.8,34.2,Pico W_11f0bb
245,2025-10-23 08:51:51,28.0,34.1,Pico W_11f0bb
246,2025-10-23 08:52:13,28.6,34.0,Pico W_11f0bb
247,2025-10-23 08:52:36,29.0,33.4,Pico W_11f0bb
248,2025-10-23 08:52:58,28.8,33.3,Pico W_11f0bb
249,2025-10-23 08:53:20,28.8,33.1,Pico W_11f0bb
250,2025-10-23 08:53:43,28.7,33.6,Pico W_11f0bb
251,2025-10-23 08:54:05,29.1,33.5,Pico W_11f0bb
252,2025-10-23 08:54:27,29.2,32.9,Pico W_11f0bb
253,2025-10-23 08:54:50,29.2,32.6,Pico W_11f0bb
254,2025-10-23 08:55:12,29.5,32.7,Pico W_11f0bb
255,2025-10-23 08:55:34,29.7,32.3,Pico W_11f0bb
256,2025-10-23 08:55:57,29.8,32.1,Pico W_11f0bb
257,2025-10-23 08:56:19,29.4,32.2,Pico W_11f0bb
258,2025-10-23 08:56:41,29.3,32.6,Pico W_11f0bb
259,2025-10-23 08:57:04,29.3,32.6,Pico W_11f0bb
260,2025-10-23 08:57:26,29.2,32.1,Pico W_11f0bb
261,2025-10-23 08:57:48,29.2,32.4,Pico W_11f0bb
262,2025-10-23 08:58:11,29.3,32.3,Pico W_11f0bb
263,2025-10-23 08:58:33,29.0,32.0,Pico W_11f0bb
264,2025-10-23 08:58:55,29.1,32.4,Pico W_11f0bb
265,2025-10-23 08:59:18,29.3,32.1,Pico W_11f0bb
266,2025-10-23 08:59:40,29.4,31.7,Pico W_11f0bb
267,2025-10-23 09:00:03,29.8,31.6,Pico W_11f0bb
268,2025-10-23 09:00:25,30.2,31.3,Pico W_11f0bb
269,2025-10-23 09:00:47,30.1,31.0,Pico W_11f0bb
270,2025-10-23 09:01:10,30.1,31.3,Pico W_11f0bb
271,2025-10-23 09:01:32,30.1,31.4,Pico W_11f0bb
272,2025-10-23 09:01:54,30.3,31.1,Pico W_11f0bb
273,2025-10-23 09:02:17,30.1,31.2,Pico W_11f0bb
274,2025-10-23 09:02:39,30.2,31.2,Pico W_11f0bb
275,2025-10-23 09:03:01,30.5,31.3,Pico W_11f0bb
276,2025-10-23 09:03:24,30.7,31.1,Pico W_11f0bb
277,2025-10-23 09:03:46,30.4,31.0,Pico W_11f0bb
278,2025-10-23 09:04:08,30.1,30.6,Pico W_11f0bb
279,2025-10-23 09:04:31,30.0,31.2,Pico W_11f0bb
280,2025-10-23 09:04:53,30.2,31.0,Pico W_11f0bb
281,2025-10-23 09:05:15,30.3,30.7,Pico W_11f0bb
282,2025-10-23 09:05:38,30.2,30.7,Pico W_11f0bb
283,2025-10-23 09:06:00,30.5,30.7,Pico W_11f0bb
284,2025-10-23 09:06:22,30.7,30.9,Pico W_11f0bb
285,2025-10-23 09:06:45,31.1,30.4,Pico W_11f0bb
286,2025-10-23 09:07:07,31.2,30.2,Pico W_11f0bb
287,2025-10-23 09:07:29,31.1,30.6,Pico W_11f0bb
288,2025-10-23 09:07:52,31.2,30.0,Pico W_11f0bb
289,2025-10-23 09:08:14,31.4,29.8,Pico W_11f0bb
290,2025-10-23 09:08:36,31.0,29.8,Pico W_11f0bb
291,2025-10-23 09:08:59,30.5,30.2,Pico W_11f0bb
292,2025-10-23 09:09:21,30.5,30.8,Pico W_11f0bb
293,2025-10-23 09:09:43,30.3,30.5,Pico W_11f0bb
294,2025-10-23 09:10:06,30.4,29.9,Pico W_11f0bb
295,2025-10-23 09:10:28,30.6,30.0,Pico W_11f0bb
296,2025-10-23 09:10:50,31.0,29.5,Pico W_11f0bb
297,2025-10-23 09:11:13,30.7,29.5,Pico W_11f0bb
298,2025-10-23 09:11:35,30.5,29.8,Pico W_11f0bb
299,2025-10-23 09:11:58,30.5,29.8,Pico W_11f0bb
300,2025-10-23 09:12:20,30.6,30.0,Pico W_11f0bb
301,2025-10-23 09:12:42,30.5,29.8,Pico W_11f0bb
302,2025-10-23 09:13:05,30.4,30.1,Pico W_11f0bb
303,2025-10-23 09:13:27,30.8,30.0,Pico W_11f0bb
304,2025-10-23 09:13:49,30.9,29.8,Pico W_11f0bb
305,2025-10-23 09:14:12,31.3,29.7,Pico W_11f0bb
306,2025-10-23 09:14:34,31.6,29.7,Pico W_11f0bb
307,2025-10-23 09:14:56,31.8,29.7,Pico W_11f0bb
308,2025-10-23 09:15:19,31.7,29.3,Pico W_11f0bb
309,2025-10-23 09:15:41,31.6,28.6,Pico W_11f0bb
310,2025-10-23 09:16:03,31.4,28.5,Pico W_11f0bb
311,2025-10-23 09:16:26,31.4,28.7,Pico W_11f0bb
312,2025-10-23 09:16:48,31.2,28.5,Pico W_11f0bb
313,2025-10-23 09:17:10,31.1,28.2,Pico W_11f0bb
314,2025-10-23 09:17:33,31.2,28.0,Pico W_11f0bb
315,2025-10-23 09:17:55,31.6,28.2,Pico W_11f0bb
316,2025-10-23 09:18:17,31.6,28.0,Pico W_11f0bb
317,2025-10-23 09:18:40,31.9,27.9,Pico W_11f0bb
318,2025-10-23 09:19:02,31.9,27.5,Pico W_11f0bb
319,2025-10-23 09:19:24,31.9,27.3,Pico W_11f0bb
320,2025-10-23 09:19:47,31.6,26.6,Pico W_11f0bb
321,2025-10-23 09:20:09,30.7,26.9,Pico W_11f0bb
322,2025-10-23 09:20:31,30.8,27.5,Pico W_11f0bb
323,2025-10-23 09:20:54,31.0,27.6,Pico W_11f0bb
324,2025-10-23 09:21:16,30.9,27.6,Pico W_11f0bb
325,2025-10-23 09:21:38,30.4,27.5,Pico W_11f0bb
326,2025-10-23 09:22:01,30.1,27.9,Pico W_11f0bb
327,2025-10-23 09:22:23,29.9,28.6,Pico W_11f0bb
328,2025-10-23 09:22:45,29.6,28.8,Pico W_11f0bb
329,2025-10-23 09:23:08,29.5,28.7,Pico W_11f0bb
330,2025-10-23 09:23:30,30.0,29.0,Pico W_11f0bb
331,2025-10-23 09:23:53,30.5,28.8,Pico W_11f0bb
332,2025-10-23 09:24:15,30.7,28.7,Pico W_11f0bb
333,2025-10-23 09:24:37,30.9,28.6,Pico W_11f0bb
334,2025-10-23 09:25:00,31.0,28.9,Pico W_11f0bb
335,2025-10-23 09:25:22,31.4,28.4,Pico W_11f0bb
336,2025-10-23 09:25:44,31.7,28.3,Pico W_11f0bb
337,2025-10-23 09:26:07,32.0,27.7,Pico W_11f0bb
338,2025-10-23 09:26:29,32.2,27.9,Pico W_11f0bb
339,2025-10-23 09:26:51,32.4,27.7,Pico W_11f0bb
340,2025-10-23 09:27:14,32.7,27.5,Pico W_11f0bb
341,2025-10-23 09:27:36,32.6,27.6,Pico W_11f0bb
342,2025-10-23 09:27:58,32.1,27.4,Pico W_11f0bb
343,2025-10-23 09:28:21,31.6,27.7,Pico W_11f0bb
344,2025-10-23 09:28:43,31.7,27.9,Pico W_11f0bb
345,2025-10-23 09:29:05,31.9,28.2,Pico W_11f0bb
346,2025-10-23 09:29:28,31.7,28.4,Pico W_11f0bb
347,2025-10-23 09:29:50,31.7,28.1,Pico W_11f0bb
348,2025-10-23 09:30:12,31.8,28.6,Pico W_11f0bb
349,2025-10-23 09:30:35,31.5,27.9,Pico W_11f0bb
350,2025-10-23 09:30:57,31.7,27.9,Pico W_11f0bb
351,2025-10-23 09:31:19,31.8,27.6,Pico W_11f0bb
352,2025-10-23 09:31:42,31.8,28.0,Pico W_11f0bb
353,2025-10-23 09:32:04,32.0,28.5,Pico W_11f0bb
354,2025-10-23 09:32:26,32.2,28.3,Pico W_11f0bb
355,2025-10-23 09:32:49,32.3,27.9,Pico W_11f0bb
356,2025-10-23 09:33:11,31.9,27.2,Pico W_11f0bb
357,2025-10-23 09:33:33,31.2,27.4,Pico W_11f0bb
358,2025-10-23 09:33:56,31.2,27.6,Pico W_11f0bb
359,2025-10-23 09:34:18,31.3,27.7,Pico W_11f0bb
360,2025-10-23 09:34:40,31.8,28.5,Pico W_11f0bb
361,2025-10-23 09:35:03,32.1,28.2,Pico W_11f0bb
362,2025-10-23 09:35:25,32.2,28.1,Pico W_11f0bb
363,2025-10-23 09:35:47,32.3,28.5,Pico W_11f0bb
364,2025-10-23 09:36:10,32.5,27.7,Pico W_11f0bb
365,2025-10-23 09:36:32,32.5,28.2,Pico W_11f0bb
366,2025-10-23 09:36:55,32.7,27.4,Pico W_11f0bb
367,2025-10-23 09:37:17,32.7,26.9,Pico W_11f0bb
368,2025-10-23 09:37:39,32.8,27.2,Pico W_11f0bb
369,2025-10-23 09:38:02,32.5,27.0,Pico W_11f0bb
370,2025-10-23 09:38:24,32.2,27.0,Pico W_11f0bb
371,2025-10-23 09:38:46,32.0,27.4,Pico W_11f0bb
372,2025-10-23 09:39:09,32.4,27.3,Pico W_11f0bb
373,2025-10-23 09:39:31,32.4,27.1,Pico W_11f0bb
374,2025-10-23 09:39:53,32.4,27.2,Pico W_11f0bb
375,2025-10-23 09:40:16,32.5,27.4,Pico W_11f0bb
376,2025-10-23 09:40:38,32.7,27.7,Pico W_11f0bb
377,2025-10-23 09:41:00,33.0,27.4,Pico W_11f0bb
378,2025-10-23 09:41:23,33.1,27.0,Pico W_11f0bb
379,2025-10-23 09:41:45,33.1,27.2,Pico W_11f0bb
380,2025-10-23 09:42:07,33.4,26.7,Pico W_11f0bb
381,2025-10-23 09:42:30,33.1,26.1,Pico W_11f0bb
382,2025-10-23 09:42:52,32.5,26.7,Pico W_11f0bb
383,2025-10-23 09:43:14,32.4,26.7,Pico W_11f0bb
384,2025-10-23 09:43:37,32.6,27.2,Pico W_11f0bb
385,2025-10-23 09:43:59,32.7,27.0,Pico W_11f0bb
386,2025-10-23 09:44:21,32.7,27.0,Pico W_11f0bb
387,2025-10-23 09:44:44,32.9,27.1,Pico W_11f0bb
388,2025-10-23 09:45:06,33.1,26.4,Pico W_11f0bb
389,2025-10-23 09:45:28,33.1,25.9,Pico W_11f0bb
390,2025-10-23 09:45:51,33.3,25.9,Pico W_11f0bb
391,2025-10-23 09:46:13,33.6,25.9,Pico W_11f0bb
392,2025-10-23 09:46:35,33.8,25.3,Pico W_11f0bb
393,2025-10-23 09:46:58,33.4,25.2,Pico W_11f0bb
394,2025-10-23 09:47:20,33.3,25.6,Pico W_11f0bb
395,2025-10-23 09:47:42,33.4,26.3,Pico W_11f0bb
396,2025-10-23 09:48:05,33.4,25.4,Pico W_11f0bb
397,2025-10-23 09:48:27,32.9,25.1,Pico W_11f0bb
398,2025-10-23 09:48:49,32.5,25.0,Pico W_11f0bb
399,2025-10-23 09:49:12,32.0,25.7,Pico W_11f0bb
400,2025-10-23 09:49:34,32.3,26.2,Pico W_11f0bb
401,2025-10-23 09:49:57,32.6,25.9,Pico W_11f0bb
402,2025-10-23 09:50:19,32.7,25.7,Pico W_11f0bb
403,2025-10-23 09:50:41,32.8,25.8,Pico W_11f0bb
404,2025-10-23 09:51:04,32.6,25.6,Pico W_11f0bb
405,2025-10-23 09:51:26,32.7,25.8,Pico W_11f0bb
406,2025-10-23 09:51:48,33.0,26.4,Pico W_11f0bb
407,2025-10-23 09:52:11,33.2,26.7,Pico W_11f0bb
408,2025-10-23 09:52:33,33.2,26.2,Pico W_11f0bb
409,2025-10-23 09:52:55,33.3,26.3,Pico W_11f0bb
410,2025-10-23 09:53:18,33.0,26.1,Pico W_11f0bb
411,2025-10-23 09:53:40,32.7,26.5,Pico W_11f0bb
412,2025-10-23 09:54:02,32.0,26.2,Pico W_11f0bb
413,2025-10-23 09:54:25,32.0,26.7,Pico W_11f0bb
414,2025-10-23 09:54:47,31.9,27.0,Pico W_11f0bb
415,2025-10-23 09:55:09,32.0,27.6,Pico W_11f0bb
416,2025-10-23 09:55:32,32.2,27.8,Pico W_11f0bb
417,2025-10-23 09:55:54,32.3,27.6,Pico W_11f0bb
418,2025-10-23 09:56:16,31.8,27.6,Pico W_11f0bb
419,2025-10-23 09:56:39,32.1,28.0,Pico W_11f0bb
420,2025-10-23 09:57:01,32.4,28.1,Pico W_11f0bb
421,2025-10-23 09:57:23,32.8,27.7,Pico W_11f0bb
422,2025-10-23 09:57:46,33.1,27.2,Pico W_11f0bb
423,2025-10-23 09:58:08,33.2,27.2,Pico W_11f0bb
424,2025-10-23 09:58:30,32.9,26.9,Pico W_11f0bb
425,2025-10-23 09:58:53,32.6,27.7,Pico W_11f0bb
426,2025-10-23 09:59:15,32.2,27.4,Pico W_11f0bb
427,2025-10-23 09:59:37,32.2,27.3,Pico W_11f0bb
428,2025-10-23 10:00:00,32.4,26.8,Pico W_11f0bb
429,2025-10-23 10:00:22,32.4,26.5,Pico W_11f0bb
430,2025-10-23 10:00:44,31.8,26.6,Pico W_11f0bb
431,2025-10-23 10:01:07,31.8,27.2,Pico W_11f0bb
432,2025-10-23 10:01:29,31.9,28.1,Pico W_11f0bb
433,2025-10-23 10:01:51,31.5,28.5,Pico W_11f0bb
434,2025-10-23 10:02:14,31.3,28.6,Pico W_11f0bb
435,2025-10-23 10:02:36,31.0,29.1,Pico W_11f0bb
436,2025-10-23 10:02:59,30.6,29.3,Pico W_11f0bb
437,2025-10-23 10:03:21,30.0,29.9,Pico W_11f0bb
438,2025-10-23 10:03:43,29.5,30.5,Pico W_11f0bb
439,2025-10-23 10:04:06,29.2,30.7,Pico W_11f0bb
440,2025-10-23 10:04:28,29.0,31.4,Pico W_11f0bb
441,2025-10-23 10:04:50,28.8,31.7,Pico W_11f0bb
442,2025-10-23 10:05:13,28.5,31.5,Pico W_11f0bb
443,2025-10-23 10:05:35,28.2,32.1,Pico W_11f0bb
444,2025-10-23 10:05:57,28.0,32.4,Pico W_11f0bb
445,2025-10-23 10:06:20,27.9,32.8,Pico W_11f0bb
446,2025-10-23 10:06:42,27.8,32.7,Pico W_11f0bb
447,2025-10-23 10:07:04,27.5,32.9,Pico W_11f0bb
448,2025-10-23 10:07:27,27.4,33.2,Pico W_11f0bb
449,2025-10-23 10:07:49,27.3,32.8,Pico W_11f0bb
450,2025-10-23 10:08:11,27.3,33.2,Pico W_11f0bb
451,2025-10-23 10:08:34,27.2,33.0,Pico W_11f0bb
452,2025-10-23 10:08:56,27.2,33.0,Pico W_11f0bb
453,2025-10-23 10:09:18,27.4,33.0,Pico W_11f0bb
454,2025-10-23 10:09:41,27.8,32.8,Pico W_11f0bb
455,2025-10-23 10:10:03,28.5,33.0,Pico W_11f0bb
456,2025-10-23 10:10:25,29.1,31.8,Pico W_11f0bb
457,2025-10-23 10:10:48,29.2,30.9,Pico W_11f0bb
458,2025-10-23 10:11:10,29.5,30.9,Pico W_11f0bb
459,2025-10-23 10:11:32,29.4,30.1,Pico W_11f0bb
460,2025-10-23 10:11:55,29.5,30.5,Pico W_11f0bb
461,2025-10-23 10:12:17,29.7,30.7,Pico W_11f0bb
462,2025-10-23 10:12:39,29.6,30.6,Pico W_11f0bb
463,2025-10-23 10:13:02,29.4,31.0,Pico W_11f0bb
464,2025-10-23 10:13:24,29.2,31.0,Pico W_11f0bb
465,2025-10-23 10:13:46,28.9,31.0,Pico W_11f0bb
466,2025-10-23 10:14:09,28.6,31.3,Pico W_11f0bb
467,2025-10-23 10:14:31,28.5,31.6,Pico W_11f0bb
468,2025-10-23 10:14:54,28.3,31.0,Pico W_11f0bb
469,2025-10-23 10:15:16,28.5,31.1,Pico W_11f0bb
470,2025-10-23 10:15:38,28.7,30.9,Pico W_11f0bb
471,2025-10-23 10:16:01,29.0,30.6,Pico W_11f0bb
472,2025-10-23 10:16:23,29.2,30.5,Pico W_11f0bb
473,2025-10-23 10:16:45,28.9,30.4,Pico W_11f0bb
474,2025-10-23 10:17:08,28.8,30.8,Pico W_11f0bb
475,2025-10-23 10:17:30,28.8,31.4,Pico W_11f0bb
476,2025-10-23 10:17:52,28.7,31.4,Pico W_11f0bb
477,2025-10-23 10:18:15,28.6,31.8,Pico W_11f0bb
478,2025-10-23 10:18:37,28.5,31.9,Pico W_11f0bb
479,2025-10-23 10:18:59,28.4,32.0,Pico W_11f0bb
480,2025-10-23 10:19:22,28.4,32.3,Pico W_11f0bb
481,2025-10-23 10:19:44,28.5,32.4,Pico W_11f0bb
482,2025-10-23 10:20:06,28.7,32.2,Pico W_11f0bb
483,2025-10-23 10:20:29,29.0,32.1,Pico W_11f0bb
484,2025-10-23 10:20:51,29.4,32.0,Pico W_11f0bb
485,2025-10-23 10:21:13,29.6,31.6,Pico W_11f0bb
486,2025-10-23 10:21:36,29.9,30.8,Pico W_11f0bb
487,2025-10-23 10:21:58,30.2,30.5,Pico W_11f0bb
488,2025-10-23 10:22:20,30.2,30.4,Pico W_11f0bb
489,2025-10-23 10:22:43,30.2,30.2,Pico W_11f0bb
490,2025-10-23 10:23:05,30.2,30.5,Pico W_11f0bb
491,2025-10-23 10:23:27,30.4,30.6,Pico W_11f0bb
492,2025-10-23 10:23:50,30.7,30.3,Pico W_11f0bb
493,2025-10-23 10:24:12,31.0,30.0,Pico W_11f0bb
494,2025-10-23 10:24:34,31.3,29.5,Pico W_11f0bb
495,2025-10-23 10:24:57,31.6,28.8,Pico W_11f0bb
496,2025-10-23 10:25:19,31.7,29.1,Pico W_11f0bb
497,2025-10-23 10:25:41,31.9,27.9,Pico W_11f0bb
498,2025-10-23 10:26:04,32.0,27.7,Pico W_11f0bb
499,2025-10-23 10:26:26,32.2,27.6,Pico W_11f0bb
500,2025-10-23 10:26:49,32.1,27.4,Pico W_11f0bb
501,2025-10-23 10:27:11,32.1,27.6,Pico W_11f0bb
502,2025-10-23 10:27:33,32.0,27.8,Pico W_11f0bb
503,2025-10-23 10:27:56,31.8,27.3,Pico W_11f0bb
504,2025-10-23 10:28:18,31.7,27.2,Pico W_11f0bb
505,2025-10-23 10:28:40,32.0,27.8,Pico W_11f0bb
506,2025-10-23 10:29:03,32.0,28.0,Pico W_11f0bb
507,2025-10-23 10:29:25,32.1,27.8,Pico W_11f0bb
508,2025-10-23 10:29:47,32.0,27.7,Pico W_11f0bb
509,2025-10-23 10:30:10,31.9,27.7,Pico W_11f0bb
510,2025-10-23 10:30:32,31.8,27.8,Pico W_11f0bb
511,2025-10-23 10:30:54,32.0,27.4,Pico W_11f0bb
512,2025-10-23 10:31:17,32.0,27.3,Pico W_11f0bb
513,2025-10-23 10:31:39,32.4,27.1,Pico W_11f0bb
514,2025-10-23 10:32:01,32.5,27.2,Pico W_11f0bb
515,2025-10-23 10:32:24,32.2,27.0,Pico W_11f0bb
516,2025-10-23 10:32:46,32.0,27.3,Pico W_11f0bb
517,2025-10-23 10:33:08,32.2,27.6,Pico W_11f0bb
518,2025-10-23 10:33:31,32.3,27.8,Pico W_11f0bb
519,2025-10-23 10:33:53,32.6,27.5,Pico W_11f0bb
520,2025-10-23 10:34:15,32.8,27.6,Pico W_11f0bb
521,2025-10-23 10:34:38,32.8,27.6,Pico W_11f0bb
522,2025-10-23 10:35:00,32.8,27.8,Pico W_11f0bb
523,2025-10-23 10:35:22,32.5,27.6,Pico W_11f0bb
524,2025-10-23 10:35:45,32.5,27.9,Pico W_11f0bb
525,2025-10-23 10:36:07,32.3,28.0,Pico W_11f0bb
526,2025-10-23 10:36:29,31.8,27.7,Pico W_11f0bb
527,2025-10-23 10:36:52,31.3,28.1,Pico W_11f0bb
528,2025-10-23 10:37:14,31.2,28.4,Pico W_11f0bb
529,2025-10-23 10:37:36,31.5,28.4,Pico W_11f0bb
530,2025-10-23 10:37:59,31.9,28.6,Pico W_11f0bb
531,2025-10-23 10:38:21,32.0,28.2,Pico W_11f0bb
532,2025-10-23 10:38:43,31.5,28.4,Pico W_11f0bb
533,2025-10-23 10:39:06,31.9,28.5,Pico W_11f0bb
534,2025-10-23 10:39:28,31.9,28.4,Pico W_11f0bb
535,2025-10-23 10:39:51,32.0,28.3,Pico W_11f0bb
536,2025-10-23 10:40:13,32.1,28.2,Pico W_11f0bb
537,2025-10-23 10:40:35,31.9,28.2,Pico W_11f0bb
538,2025-10-23 10:40:58,31.7,28.0,Pico W_11f0bb
539,2025-10-23 10:41:20,31.6,28.4,Pico W_11f0bb
540,2025-10-23 10:41:42,31.8,28.3,Pico W_11f0bb
541,2025-10-23 10:42:05,32.1,28.4,Pico W_11f0bb
542,2025-10-23 10:42:27,32.3,28.1,Pico W_11f0bb
543,2025-10-23 10:42:49,32.3,27.9,Pico W_11f0bb
544,2025-10-23 10:43:12,32.4,27.6,Pico W_11f0bb
545,2025-10-23 10:43:34,32.3,27.5,Pico W_11f0bb
546,2025-10-23 10:43:56,31.4,27.7,Pico W_11f0bb
547,2025-10-23 10:44:19,30.6,28.2,Pico W_11f0bb
548,2025-10-23 10:44:41,30.4,28.8,Pico W_11f0bb
549,2025-10-23 10:45:03,30.0,29.2,Pico W_11f0bb
550,2025-10-23 10:45:26,30.0,29.7,Pico W_11f0bb
551,2025-10-23 10:45:48,29.8,29.4,Pico W_11f0bb
552,2025-10-23 10:46:10,29.9,29.4,Pico W_11f0bb
553,2025-10-23 10:46:33,29.9,29.3,Pico W_11f0bb
554,2025-10-23 10:46:55,29.8,29.8,Pico W_11f0bb
555,2025-10-23 10:47:17,29.7,29.8,Pico W_11f0bb
556,2025-10-23 10:47:40,29.9,30.1,Pico W_11f0bb
557,2025-10-23 10:48:02,29.8,29.9,Pico W_11f0bb
558,2025-10-23 10:48:24,29.4,29.7,Pico W_11f0bb
559,2025-10-23 10:48:47,29.0,30.6,Pico W_11f0bb
560,2025-10-23 10:49:09,28.7,31.7,Pico W_11f0bb
561,2025-10-23 10:49:31,28.4,31.7,Pico W_11f0bb
562,2025-10-23 10:49:54,28.1,32.1,Pico W_11f0bb
563,2025-10-23 10:50:16,27.9,32.0,Pico W_11f0bb
564,2025-10-23 10:50:38,27.7,32.5,Pico W_11f0bb
565,2025-10-23 10:51:01,27.5,32.7,Pico W_11f0bb
566,2025-10-23 10:51:23,27.4,32.8,Pico W_11f0bb
567,2025-10-23 10:51:45,27.5,33.1,Pico W_11f0bb
568,2025-10-23 10:52:08,27.6,33.2,Pico W_11f0bb
569,2025-10-23 10:52:30,27.4,33.3,Pico W_11f0bb
570,2025-10-23 10:52:53,27.6,33.9,Pico W_11f0bb
571,2025-10-23 10:53:15,27.7,32.8,Pico W_11f0bb
572,2025-10-23 10:53:37,28.0,33.0,Pico W_11f0bb
573,2025-10-23 10:54:00,28.2,32.2,Pico W_11f0bb
574,2025-10-23 10:54:22,28.4,32.4,Pico W_11f0bb
575,2025-10-23 10:54:44,28.4,32.2,Pico W_11f0bb
576,2025-10-23 10:55:07,28.5,32.1,Pico W_11f0bb
577,2025-10-23 10:55:29,28.8,31.3,Pico W_11f0bb
578,2025-10-23 10:55:51,29.0,31.4,Pico W_11f0bb
579,2025-10-23 10:56:14,28.9,31.2,Pico W_11f0bb
580,2025-10-23 10:56:36,28.4,31.1,Pico W_11f0bb
581,2025-10-23 10:56:58,28.3,31.8,Pico W_11f0bb
582,2025-10-23 10:57:21,28.1,31.6,Pico W_11f0bb
583,2025-10-23 10:57:43,27.8,31.7,Pico W_11f0bb
584,2025-10-23 10:58:05,28.0,31.9,Pico W_11f0bb
585,2025-10-23 10:58:28,28.3,31.7,Pico W_11f0bb
586,2025-10-23 10:58:50,29.0,31.4,Pico W_11f0bb
587,2025-10-23 10:59:12,29.8,31.1,Pico W_11f0bb
588,2025-10-23 10:59:35,30.5,30.7,Pico W_11f0bb
589,2025-10-23 10:59:57,31.2,29.6,Pico W_11f0bb
590,2025-10-23 11:00:19,31.8,29.3,Pico W_11f0bb
591,2025-10-23 11:00:42,32.4,28.2,Pico W_11f0bb
592,2025-10-23 11:01:04,32.8,27.7,Pico W_11f0bb
593,2025-10-23 11:01:26,33.2,27.5,Pico W_11f0bb
594,2025-10-23 11:01:49,33.3,27.3,Pico W_11f0bb
595,2025-10-23 11:02:11,33.0,26.2,Pico W_11f0bb
596,2025-10-23 11:02:33,32.8,26.2,Pico W_11f0bb
597,2025-10-23 11:02:56,32.3,26.6,Pico W_11f0bb
598,2025-10-23 11:03:18,32.5,26.8,Pico W_11f0bb
599,2025-10-23 11:03:40,32.8,26.0,Pico W_11f0bb
600,2025-10-23 11:04:03,32.9,26.3,Pico W_11f0bb
601,2025-10-23 11:04:25,32.8,27.1,Pico W_11f0bb
602,2025-10-23 11:04:48,32.8,26.6,Pico W_11f0bb
603,2025-10-23 11:05:10,32.4,26.1,Pico W_11f0bb
604,2025-10-23 11:05:32,32.0,26.1,Pico W_11f0bb
605,2025-10-23 11:05:55,31.5,27.0,Pico W_11f0bb
606,2025-10-23 11:06:17,30.8,26.7,Pico W_11f0bb
607,2025-10-23 11:06:39,30.3,27.4,Pico W_11f0bb
608,2025-10-23 11:07:02,29.9,27.9,Pico W_11f0bb
609,2025-10-23 11:07:24,29.6,28.1,Pico W_11f0bb
610,2025-10-23 11:07:46,29.5,28.3,Pico W_11f0bb
611,2025-10-23 11:08:09,29.6,28.9,Pico W_11f0bb
612,2025-10-23 11:08:31,29.8,29.0,Pico W_11f0bb
613,2025-10-23 11:08:53,30.0,28.4,Pico W_11f0bb
614,2025-10-23 11:09:16,30.0,28.7,Pico W_11f0bb
615,2025-10-23 11:09:38,29.9,28.8,Pico W_11f0bb
616,2025-10-23 11:10:00,29.8,28.9,Pico W_11f0bb
617,2025-10-23 11:10:23,29.8,29.3,Pico W_11f0bb
618,2025-10-23 11:10:45,29.9,30.2,Pico W_11f0bb
619,2025-10-23 11:11:07,30.0,29.8,Pico W_11f0bb
620,2025-10-23 11:11:30,30.1,29.3,Pico W_11f0bb
621,2025-10-23 11:11:52,30.1,28.7,Pico W_11f0bb
622,2025-10-23 11:12:14,29.9,28.7,Pico W_11f0bb
623,2025-10-23 11:12:37,29.5,28.2,Pico W_11f0bb
624,2025-10-23 11:12:59,29.2,29.1,Pico W_11f0bb
625,2025-10-23 11:13:21,29.1,29.3,Pico W_11f0bb
626,2025-10-23 11:13:44,29.4,29.7,Pico W_11f0bb
627,2025-10-23 11:14:06,29.7,29.2,Pico W_11f0bb
628,2025-10-23 11:14:28,29.9,29.2,Pico W_11f0bb
629,2025-10-23 11:14:51,30.1,27.9,Pico W_11f0bb
630,2025-10-23 11:15:13,30.3,28.1,Pico W_11f0bb
631,2025-10-23 11:15:36,30.4,27.6,Pico W_11f0bb
632,2025-10-23 11:15:58,30.6,27.4,Pico W_11f0bb
633,2025-10-23 11:16:20,30.5,27.7,Pico W_11f0bb
634,2025-10-23 11:16:43,30.2,28.1,Pico W_11f0bb
635,2025-10-23 11:17:05,29.8,28.2,Pico W_11f0bb
636,2025-10-23 11:17:27,29.8,28.6,Pico W_11f0bb
637,2025-10-23 11:17:50,29.9,28.5,Pico W_11f0bb
638,2025-10-23 11:18:12,30.0,28.3,Pico W_11f0bb
639,2025-10-23 11:18:34,30.1,28.4,Pico W_11f0bb
640,2025-10-23 11:18:57,30.2,28.4,Pico W_11f0bb
641,2025-10-23 11:19:19,29.9,28.0,Pico W_11f0bb
642,2025-10-23 11:19:41,29.9,28.5,Pico W_11f0bb
643,2025-10-23 11:20:04,29.4,28.5,Pico W_11f0bb
644,2025-10-23 11:20:26,29.4,28.8,Pico W_11f0bb
645,2025-10-23 11:20:48,29.7,28.5,Pico W_11f0bb
646,2025-10-23 11:21:11,30.0,28.4,Pico W_11f0bb
647,2025-10-23 11:21:33,30.6,28.3,Pico W_11f0bb
648,2025-10-23 11:21:55,30.9,26.9,Pico W_11f0bb
649,2025-10-23 11:22:18,31.1,26.7,Pico W_11f0bb
650,2025-10-23 11:22:40,31.3,26.8,Pico W_11f0bb
651,2025-10-23 11:23:02,31.4,26.8,Pico W_11f0bb
652,2025-10-23 11:23:25,31.3,26.6,Pico W_11f0bb
653,2025-10-23 11:23:47,31.2,26.7,Pico W_11f0bb
654,2025-10-23 11:24:09,31.3,26.6,Pico W_11f0bb
655,2025-10-23 11:24:32,31.6,27.3,Pico W_11f0bb
656,2025-10-23 11:24:54,31.9,26.5,Pico W_11f0bb
657,2025-10-23 11:25:16,32.1,27.0,Pico W_11f0bb
658,2025-10-23 11:25:39,32.3,26.0,Pico W_11f0bb
659,2025-10-23 11:26:01,32.4,25.8,Pico W_11f0bb
660,2025-10-23 11:26:23,32.7,25.5,Pico W_11f0bb
661,2025-10-23 11:26:46,32.7,25.4,Pico W_11f0bb
662,2025-10-23 11:27:08,32.3,25.3,Pico W_11f0bb
663,2025-10-23 11:27:30,31.6,25.5,Pico W_11f0bb
664,2025-10-23 11:27:53,31.7,25.7,Pico W_11f0bb
665,2025-10-23 11:28:15,31.9,25.8,Pico W_11f0bb
666,2025-10-23 11:28:37,31.5,25.5,Pico W_11f0bb
667,2025-10-23 11:29:00,31.2,26.4,Pico W_11f0bb
668,2025-10-23 11:29:22,31.0,26.6,Pico W_11f0bb
669,2025-10-23 11:29:45,30.8,26.7,Pico W_11f0bb
670,2025-10-23 11:30:07,30.7,27.3,Pico W_11f0bb
671,2025-10-23 11:30:29,30.6,28.0,Pico W_11f0bb
672,2025-10-23 11:30:52,30.8,28.4,Pico W_11f0bb
673,2025-10-23 11:31:14,30.7,26.1,Pico W_11f0bb
674,2025-10-23 11:31:36,30.8,26.1,Pico W_11f0bb
675,2025-10-23 11:31:59,31.0,26.4,Pico W_11f0bb
676,2025-10-23 11:32:21,31.1,25.2,Pico W_11f0bb
677,2025-10-23 11:32:43,31.4,25.0,Pico W_11f0bb
678,2025-10-23 11:33:06,31.5,24.4,Pico W_11f0bb
679,2025-10-23 11:33:28,31.8,24.4,Pico W_11f0bb
680,2025-10-23 11:33:50,32.1,24.5,Pico W_11f0bb
681,2025-10-23 11:34:13,32.2,24.6,Pico W_11f0bb
682,2025-10-23 11:34:35,32.4,24.3,Pico W_11f0bb
683,2025-10-23 11:34:57,32.7,24.3,Pico W_11f0bb
684,2025-10-23 11:35:20,33.0,23.8,Pico W_11f0bb
685,2025-10-23 11:35:42,32.4,23.6,Pico W_11f0bb
686,2025-10-23 11:36:04,31.7,24.0,Pico W_11f0bb
687,2025-10-23 11:36:27,31.5,24.4,Pico W_11f0bb
688,2025-10-23 11:36:49,30.9,24.1,Pico W_11f0bb
689,2025-10-23 11:37:11,31.1,24.6,Pico W_11f0bb
690,2025-10-23 11:37:34,31.4,24.9,Pico W_11f0bb
691,2025-10-23 11:37:56,31.8,24.2,Pico W_11f0bb
692,2025-10-23 11:38:18,32.0,24.7,Pico W_11f0bb
693,2025-10-23 11:38:41,32.2,23.8,Pico W_11f0bb
694,2025-10-23 11:39:03,32.5,23.5,Pico W_11f0bb
695,2025-10-23 11:39:25,32.5,23.7,Pico W_11f0bb
696,2025-10-23 11:39:48,32.5,24.2,Pico W_11f0bb
697,2025-10-23 11:40:10,32.5,23.8,Pico W_11f0bb
698,2025-10-23 11:40:32,32.1,23.4,Pico W_11f0bb
699,2025-10-23 11:40:55,31.6,23.8,Pico W_11f0bb
700,2025-10-23 11:41:17,31.5,23.7,Pico W_11f0bb
701,2025-10-23 11:41:40,31.2,24.0,Pico W_11f0bb
702,2025-10-23 11:42:02,30.9,24.1,Pico W_11f0bb
703,2025-10-23 11:42:24,31.0,23.8,Pico W_11f0bb
704,2025-10-23 11:42:47,31.2,24.1,Pico W_11f0bb
705,2025-10-23 11:43:09,31.4,24.2,Pico W_11f0bb
706,2025-10-23 11:43:31,31.6,24.6,Pico W_11f0bb
707,2025-10-23 11:43:54,31.3,23.8,Pico W_11f0bb
708,2025-10-23 11:44:16,30.7,24.0,Pico W_11f0bb
709,2025-10-23 11:44:38,29.9,24.2,Pico W_11f0bb
710,2025-10-23 11:45:01,29.6,25.1,Pico W_11f0bb
711,2025-10-23 11:45:23,28.7,24.8,Pico W_11f0bb
712,2025-10-23 11:45:45,28.1,26.3,Pico W_11f0bb
713,2025-10-23 11:46:08,28.1,27.5,Pico W_11f0bb
714,2025-10-23 11:46:30,28.0,26.1,Pico W_11f0bb
715,2025-10-23 11:46:52,27.9,26.7,Pico W_11f0bb
716,2025-10-23 11:47:15,27.7,26.5,Pico W_11f0bb
717,2025-10-23 11:47:37,27.4,26.6,Pico W_11f0bb
718,2025-10-23 11:47:59,27.1,26.5,Pico W_11f0bb
719,2025-10-23 11:48:22,27.2,26.9,Pico W_11f0bb
720,2025-10-23 11:48:44,27.3,26.8,Pico W_11f0bb
721,2025-10-23 11:49:06,27.5,26.9,Pico W_11f0bb
722,2025-10-23 11:49:29,27.5,27.4,Pico W_11f0bb
723,2025-10-23 11:49:51,27.8,27.1,Pico W_11f0bb
724,2025-10-23 11:50:13,27.7,26.8,Pico W_11f0bb
725,2025-10-23 11:50:36,27.6,26.9,Pico W_11f0bb
726,2025-10-23 11:50:58,27.3,26.9,Pico W_11f0bb
727,2025-10-23 11:51:20,27.4,27.2,Pico W_11f0bb
728,2025-10-23 11:51:43,27.7,28.6,Pico W_11f0bb
729,2025-10-23 11:52:05,28.2,28.4,Pico W_11f0bb
730,2025-10-23 11:52:27,28.5,27.5,Pico W_11f0bb
731,2025-10-23 11:52:50,28.7,27.6,Pico W_11f0bb
732,2025-10-23 11:53:12,29.2,26.9,Pico W_11f0bb
733,2025-10-23 11:53:34,29.5,26.7,Pico W_11f0bb
734,2025-10-23 11:53:57,30.0,26.7,Pico W_11f0bb
735,2025-10-23 11:54:19,30.0,26.4,Pico W_11f0bb
736,2025-10-23 11:54:42,30.3,26.3,Pico W_11f0bb
737,2025-10-23 11:55:04,30.7,25.8,Pico W_11f0bb
738,2025-10-23 11:55:26,31.1,25.5,Pico W_11f0bb
739,2025-10-23 11:55:49,31.2,25.1,Pico W_11f0bb
740,2025-10-23 11:56:11,31.1,24.8,Pico W_11f0bb
741,2025-10-23 11:56:33,31.3,24.6,Pico W_11f0bb
742,2025-10-23 11:56:56,31.7,24.7,Pico W_11f0bb
743,2025-10-23 11:57:18,32.1,24.2,Pico W_11f0bb
744,2025-10-23 11:57:40,32.3,24.0,Pico W_11f0bb
745,2025-10-23 11:58:03,32.5,23.8,Pico W_11f0bb
746,2025-10-23 11:58:25,32.8,23.4,Pico W_11f0bb
747,2025-10-23 11:58:47,32.5,23.7,Pico W_11f0bb
748,2025-10-23 11:59:10,32.1,22.7,Pico W_11f0bb
749,2025-10-23 11:59:32,31.2,23.5,Pico W_11f0bb
750,2025-10-23 11:59:54,31.0,23.1,Pico W_11f0bb
751,2025-10-23 12:00:17,30.8,24.1,Pico W_11f0bb
752,2025-10-23 12:00:39,30.7,24.0,Pico W_11f0bb
753,2025-10-23 12:01:01,30.2,24.0,Pico W_11f0bb
754,2025-10-23 12:01:24,30.1,24.7,Pico W_11f0bb
755,2025-10-23 12:01:46,30.2,24.9,Pico W_11f0bb
756,2025-10-23 12:02:08,29.8,25.1,Pico W_11f0bb
757,2025-10-23 12:02:31,29.9,25.7,Pico W_11f0bb
758,2025-10-23 12:02:53,30.1,26.4,Pico W_11f0bb
759,2025-10-23 12:03:15,30.4,26.2,Pico W_11f0bb
760,2025-10-23 12:03:38,30.6,25.5,Pico W_11f0bb
761,2025-10-23 12:04:00,30.5,25.6,Pico W_11f0bb
762,2025-10-23 12:04:22,30.5,25.3,Pico W_11f0bb
763,2025-10-23 12:04:45,30.5,25.8,Pico W_11f0bb
764,2025-10-23 12:05:07,30.7,25.3,Pico W_11f0bb
765,2025-10-23 12:05:29,30.6,25.4,Pico W_11f0bb
766,2025-10-23 12:05:52,30.8,25.7,Pico W_11f0bb
767,2025-10-23 12:06:14,31.0,25.6,Pico W_11f0bb
768,2025-10-23 12:06:37,31.2,25.2,Pico W_11f0bb
769,2025-10-23 12:06:59,31.4,24.9,Pico W_11f0bb
770,2025-10-23 12:07:21,31.8,25.0,Pico W_11f0bb
771,2025-10-23 12:07:44,32.2,25.2,Pico W_11f0bb
772,2025-10-23 12:08:06,32.4,25.2,Pico W_11f0bb
773,2025-10-23 12:08:28,32.3,24.8,Pico W_11f0bb
774,2025-10-23 12:08:51,32.2,24.5,Pico W_11f0bb
775,2025-10-23 12:09:13,32.4,24.8,Pico W_11f0bb
776,2025-10-23 12:09:35,32.1,23.5,Pico W_11f0bb
777,2025-10-23 12:09:58,31.9,23.7,Pico W_11f0bb
778,2025-10-23 12:10:20,31.4,23.0,Pico W_11f0bb
779,2025-10-23 12:10:42,30.8,23.5,Pico W_11f0bb
780,2025-10-23 12:11:05,30.5,23.9,Pico W_11f0bb
781,2025-10-23 12:11:27,30.4,24.6,Pico W_11f0bb
782,2025-10-23 12:11:49,30.2,24.6,Pico W_11f0bb
783,2025-10-23 12:12:12,29.9,24.4,Pico W_11f0bb
784,2025-10-23 12:12:34,30.0,24.7,Pico W_11f0bb
785,2025-10-23 12:12:56,30.3,25.5,Pico W_11f0bb
786,2025-10-23 12:13:19,30.6,24.6,Pico W_11f0bb
787,2025-10-23 12:13:41,31.0,24.2,Pico W_11f0bb
788,2025-10-23 12:14:03,31.3,23.2,Pico W_11f0bb
789,2025-10-23 12:14:26,31.7,23.4,Pico W_11f0bb
790,2025-10-23 12:14:48,31.8,22.9,Pico W_11f0bb
791,2025-10-23 12:15:10,32.2,23.4,Pico W_11f0bb
792,2025-10-23 12:15:33,32.5,23.3,Pico W_11f0bb
793,2025-10-23 12:15:55,32.8,23.4,Pico W_11f0bb
794,2025-10-23 12:16:17,32.6,22.9,Pico W_11f0bb
795,2025-10-23 12:16:40,32.5,23.3,Pico W_11f0bb
796,2025-10-23 12:17:02,32.5,23.4,Pico W_11f0bb
797,2025-10-23 12:17:25,32.6,22.7,Pico W_11f0bb
798,2025-10-23 12:17:47,32.6,22.4,Pico W_11f0bb
799,2025-10-23 12:18:09,32.3,22.5,Pico W_11f0bb
800,2025-10-23 12:18:32,31.2,22.7,Pico W_11f0bb
801,2025-10-23 12:18:54,30.5,23.7,Pico W_11f0bb
802,2025-10-23 12:19:16,30.2,23.9,Pico W_11f0bb
803,2025-10-23 12:19:39,29.9,23.5,Pico W_11f0bb
804,2025-10-23 12:20:01,29.6,23.7,Pico W_11f0bb
805,2025-10-23 12:20:23,29.5,24.3,Pico W_11f0bb
806,2025-10-23 12:20:46,29.4,24.5,Pico W_11f0bb
807,2025-10-23 12:21:08,29.7,24.5,Pico W_11f0bb
808,2025-10-23 12:21:30,29.8,25.4,Pico W_11f0bb
809,2025-10-23 12:21:53,29.9,25.4,Pico W_11f0bb
810,2025-10-23 12:22:15,29.9,25.3,Pico W_11f0bb
811,2025-10-23 12:22:37,29.8,25.2,Pico W_11f0bb
812,2025-10-23 12:23:00,29.8,25.5,Pico W_11f0bb
813,2025-10-23 12:23:22,29.7,25.4,Pico W_11f0bb
814,2025-10-23 12:23:44,29.7,25.6,Pico W_11f0bb
815,2025-10-23 12:24:07,29.5,25.7,Pico W_11f0bb
816,2025-10-23 12:24:29,29.4,25.7,Pico W_11f0bb
817,2025-10-23 12:24:51,29.2,25.5,Pico W_11f0bb
818,2025-10-23 12:25:14,29.1,25.7,Pico W_11f0bb
819,2025-10-23 12:25:36,28.7,25.5,Pico W_11f0bb
820,2025-10-23 12:25:58,28.4,26.4,Pico W_11f0bb
821,2025-10-23 12:26:21,28.1,26.5,Pico W_11f0bb
822,2025-10-23 12:26:43,27.9,26.8,Pico W_11f0bb
823,2025-10-23 12:27:05,27.9,27.5,Pico W_11f0bb
824,2025-10-23 12:27:28,28.1,27.4,Pico W_11f0bb
825,2025-10-23 12:27:50,28.4,27.7,Pico W_11f0bb
826,2025-10-23 12:28:12,28.4,27.1,Pico W_11f0bb
827,2025-10-23 12:28:35,28.5,26.8,Pico W_11f0bb
828,2025-10-23 12:28:57,28.5,27.1,Pico W_11f0bb
829,2025-10-23 12:29:20,28.5,27.2,Pico W_11f0bb
830,2025-10-23 12:29:42,28.5,27.4,Pico W_11f0bb
831,2025-10-23 12:30:04,28.5,27.2,Pico W_11f0bb
832,2025-10-23 12:30:27,28.5,26.8,Pico W_11f0bb
833,2025-10-23 12:30:49,28.5,27.0,Pico W_11f0bb
834,2025-10-23 12:31:11,28.6,27.2,Pico W_11f0bb
835,2025-10-23 12:31:34,28.7,27.2,Pico W_11f0bb
836,2025-10-23 12:31:56,28.7,26.5,Pico W_11f0bb
837,2025-10-23 12:32:18,28.6,26.7,Pico W_11f0bb
838,2025-10-23 12:32:41,28.7,26.6,Pico W_11f0bb
839,2025-10-23 12:33:03,28.9,27.1,Pico W_11f0bb
840,2025-10-23 12:33:25,29.0,26.7,Pico W_11f0bb
841,2025-10-23 12:33:48,29.0,26.7,Pico W_11f0bb
842,2025-10-23 12:34:10,29.1,26.9,Pico W_11f0bb
843,2025-10-23 12:34:32,29.2,26.3,Pico W_11f0bb
844,2025-10-23 12:34:55,29.2,26.4,Pico W_11f0bb
845,2025-10-23 12:35:17,29.5,26.8,Pico W_11f0bb
846,2025-10-23 12:35:39,29.7,26.7,Pico W_11f0bb
847,2025-10-23 12:36:02,30.1,26.5,Pico W_11f0bb
848,2025-10-23 12:36:24,30.3,26.0,Pico W_11f0bb
849,2025-10-23 12:36:46,30.4,25.5,Pico W_11f0bb
850,2025-10-23 12:37:09,30.8,25.1,Pico W_11f0bb
851,2025-10-23 12:37:31,31.2,24.9,Pico W_11f0bb
852,2025-10-23 12:37:53,31.4,25.2,Pico W_11f0bb
853,2025-10-23 12:38:16,31.5,25.0,Pico W_11f0bb
854,2025-10-23 12:38:38,31.6,25.1,Pico W_11f0bb
855,2025-10-23 12:39:00,31.5,24.4,Pico W_11f0bb
856,2025-10-23 12:39:23,31.3,24.4,Pico W_11f0bb
857,2025-10-23 12:39:45,30.9,24.5,Pico W_11f0bb
858,2025-10-23 12:40:07,30.7,24.7,Pico W_11f0bb
859,2025-10-23 12:40:30,30.3,24.6,Pico W_11f0bb
860,2025-10-23 12:40:52,30.1,25.3,Pico W_11f0bb
861,2025-10-23 12:41:15,29.9,25.2,Pico W_11f0bb
862,2025-10-23 12:41:37,29.6,25.5,Pico W_11f0bb
863,2025-10-23 12:41:59,29.4,25.4,Pico W_11f0bb
864,2025-10-23 12:42:22,29.3,25.8,Pico W_11f0bb
865,2025-10-23 12:42:44,29.2,25.6,Pico W_11f0bb
866,2025-10-23 12:43:06,29.1,25.3,Pico W_11f0bb
867,2025-10-23 12:43:29,29.1,26.3,Pico W_11f0bb
868,2025-10-23 12:43:51,29.0,26.8,Pico W_11f0bb
869,2025-10-23 12:44:13,28.9,26.8,Pico W_11f0bb
870,2025-10-23 12:44:36,28.9,26.6,Pico W_11f0bb
871,2025-10-23 12:44:58,29.0,26.8,Pico W_11f0bb
872,2025-10-23 12:45:20,28.9,26.3,Pico W_11f0bb
873,2025-10-23 12:45:43,28.8,26.0,Pico W_11f0bb
874,2025-10-23 12:46:05,28.7,26.0,Pico W_11f0bb
875,2025-10-23 12:46:27,28.7,26.0,Pico W_11f0bb
876,2025-10-23 12:46:50,28.8,26.2,Pico W_11f0bb
877,2025-10-23 12:47:12,28.7,26.3,Pico W_11f0bb
878,2025-10-23 12:47:34,28.8,27.0,Pico W_11f0bb
879,2025-10-23 12:47:57,28.8,27.2,Pico W_11f0bb
880,2025-10-23 12:48:19,28.8,26.7,Pico W_11f0bb
881,2025-10-23 12:48:41,28.8,26.7,Pico W_11f0bb
882,2025-10-23 12:49:04,28.9,27.0,Pico W_11f0bb
883,2025-10-23 12:49:26,29.0,27.5,Pico W_11f0bb
884,2025-10-23 12:49:48,29.0,26.2,Pico W_11f0bb
885,2025-10-23 12:50:11,29.0,26.4,Pico W_11f0bb
886,2025-10-23 12:50:33,29.3,26.4,Pico W_11f0bb
887,2025-10-23 12:50:55,29.6,26.3,Pico W_11f0bb
888,2025-10-23 12:51:18,29.8,26.0,Pico W_11f0bb
889,2025-10-23 12:51:40,29.9,25.5,Pico W_11f0bb
890,2025-10-23 12:52:02,30.2,25.8,Pico W_11f0bb
891,2025-10-23 12:52:25,30.5,25.4,Pico W_11f0bb
892,2025-10-23 12:52:47,30.8,25.4,Pico W_11f0bb
893,2025-10-23 12:53:09,30.8,25.1,Pico W_11f0bb
894,2025-10-23 12:53:32,30.9,25.2,Pico W_11f0bb
895,2025-10-23 12:53:54,31.1,25.2,Pico W_11f0bb
896,2025-10-23 12:54:17,31.2,25.0,Pico W_11f0bb
897,2025-10-23 12:54:39,31.4,24.9,Pico W_11f0bb
898,2025-10-23 12:55:01,31.6,24.6,Pico W_11f0bb
899,2025-10-23 12:55:24,31.8,24.3,Pico W_11f0bb
900,2025-10-23 12:55:46,32.0,24.0,Pico W_11f0bb
901,2025-10-23 12:56:08,32.3,23.9,Pico W_11f0bb
902,2025-10-23 12:56:31,32.7,23.9,Pico W_11f0bb
903,2025-10-23 12:56:53,32.7,23.7,Pico W_11f0bb
904,2025-10-23 12:57:15,32.9,23.5,Pico W_11f0bb
905,2025-10-23 12:57:38,33.0,23.3,Pico W_11f0bb
906,2025-10-23 12:58:00,32.9,23.3,Pico W_11f0bb
907,2025-10-23 12:58:22,32.8,23.4,Pico W_11f0bb
908,2025-10-23 12:58:45,32.8,23.9,Pico W_11f0bb
909,2025-10-23 12:59:07,32.4,23.5,Pico W_11f0bb
910,2025-10-23 12:59:29,32.4,23.7,Pico W_11f0bb
911,2025-10-23 12:59:52,32.4,24.1,Pico W_11f0bb
912,2025-10-23 13:00:14,32.3,23.8,Pico W_11f0bb
913,2025-10-23 13:00:36,32.2,24.2,Pico W_11f0bb
914,2025-10-23 13:00:59,32.2,24.5,Pico W_11f0bb
915,2025-10-23 13:01:21,32.2,24.1,Pico W_11f0bb
916,2025-10-23 13:01:43,32.1,24.3,Pico W_11f0bb
917,2025-10-23 13:02:06,31.9,24.0,Pico W_11f0bb
918,2025-10-23 13:02:28,31.6,23.7,Pico W_11f0bb
919,2025-10-23 13:02:50,31.5,24.2,Pico W_11f0bb
920,2025-10-23 13:03:13,31.4,24.2,Pico W_11f0bb
921,2025-10-23 13:03:35,31.3,24.3,Pico W_11f0bb
922,2025-10-23 13:03:57,31.4,24.6,Pico W_11f0bb
923,2025-10-23 13:04:20,31.3,24.0,Pico W_11f0bb
924,2025-10-23 13:04:42,30.7,23.5,Pico W_11f0bb
925,2025-10-23 13:05:04,30.5,24.2,Pico W_11f0bb
926,2025-10-23 13:05:27,30.3,24.4,Pico W_11f0bb
927,2025-10-23 13:05:49,30.2,24.7,Pico W_11f0bb
928,2025-10-23 13:06:11,30.1,25.4,Pico W_11f0bb
929,2025-10-23 13:06:34,30.1,26.4,Pico W_11f0bb
930,2025-10-23 13:06:56,30.2,26.1,Pico W_11f0bb
931,2025-10-23 13:07:19,30.3,25.6,Pico W_11f0bb
932,2025-10-23 13:07:41,30.3,25.6,Pico W_11f0bb
933,2025-10-23 13:08:03,30.3,25.1,Pico W_11f0bb
934,2025-10-23 13:08:26,30.2,25.0,Pico W_11f0bb
935,2025-10-23 13:08:48,30.1,25.6,Pico W_11f0bb
936,2025-10-23 13:09:10,30.1,26.1,Pico W_11f0bb
937,2025-10-23 13:09:33,30.1,26.3,Pico W_11f0bb
938,2025-10-23 13:09:55,30.1,25.7,Pico W_11f0bb
939,2025-10-23 13:10:17,29.6,25.4,Pico W_11f0bb
940,2025-10-23 13:10:40,29.3,25.7,Pico W_11f0bb
941,2025-10-23 13:11:02,29.3,25.9,Pico W_11f0bb
942,2025-10-23 13:11:24,29.2,26.5,Pico W_11f0bb
943,2025-10-23 13:11:47,29.2,26.5,Pico W_11f0bb
944,2025-10-23 13:12:09,29.5,26.5,Pico W_11f0bb
945,2025-10-23 13:12:31,29.7,26.2,Pico W_11f0bb
946,2025-10-23 13:12:54,29.9,25.8,Pico W_11f0bb
947,2025-10-23 13:13:16,30.1,25.4,Pico W_11f0bb
948,2025-10-23 13:13:38,29.9,25.1,Pico W_11f0bb
949,2025-10-23 13:14:01,29.9,25.3,Pico W_11f0bb
950,2025-10-23 13:14:23,30.0,25.5,Pico W_11f0bb
951,2025-10-23 13:14:45,30.2,25.5,Pico W_11f0bb
952,2025-10-23 13:15:08,30.3,25.3,Pico W_11f0bb
953,2025-10-23 13:15:30,30.1,24.8,Pico W_11f0bb
954,2025-10-23 13:15:52,30.0,24.8,Pico W_11f0bb
955,2025-10-23 13:16:15,30.0,24.8,Pico W_11f0bb
956,2025-10-23 13:16:37,30.2,24.6,Pico W_11f0bb
957,2025-10-23 13:16:59,30.4,24.9,Pico W_11f0bb
958,2025-10-23 13:17:22,30.5,25.1,Pico W_11f0bb
959,2025-10-23 13:17:44,30.7,25.1,Pico W_11f0bb
960,2025-10-23 13:18:06,30.8,25.2,Pico W_11f0bb
961,2025-10-23 13:18:29,30.6,24.3,Pico W_11f0bb
962,2025-10-23 13:18:51,30.5,24.1,Pico W_11f0bb
963,2025-10-23 13:19:14,30.5,24.4,Pico W_11f0bb
964,2025-10-23 13:19:36,30.6,24.6,Pico W_11f0bb
965,2025-10-23 13:19:58,30.6,24.1,Pico W_11f0bb
966,2025-10-23 13:20:21,30.3,24.1,Pico W_11f0bb
967,2025-10-23 13:20:43,30.4,24.3,Pico W_11f0bb
968,2025-10-23 13:21:05,30.7,25.0,Pico W_11f0bb
969,2025-10-23 13:21:28,31.1,24.7,Pico W_11f0bb
970,2025-10-23 13:21:50,31.5,24.7,Pico W_11f0bb
971,2025-10-23 13:22:12,31.7,24.7,Pico W_11f0bb
972,2025-10-23 13:22:35,32.0,24.2,Pico W_11f0bb
973,2025-10-23 13:22:57,32.4,24.0,Pico W_11f0bb
974,2025-10-23 13:23:19,32.5,23.8,Pico W_11f0bb
975,2025-10-23 13:23:42,32.3,23.5,Pico W_11f0bb
976,2025-10-23 13:24:04,32.1,23.5,Pico W_11f0bb
977,2025-10-23 13:24:26,32.0,24.3,Pico W_11f0bb
978,2025-10-23 13:24:49,32.1,24.2,Pico W_11f0bb
979,2025-10-23 13:25:11,32.2,24.1,Pico W_11f0bb
980,2025-10-23 13:25:33,32.4,24.0,Pico W_11f0bb
981,2025-10-23 13:25:56,32.5,24.2,Pico W_11f0bb
982,2025-10-23 13:26:18,32.6,23.3,Pico W_11f0bb
983,2025-10-23 13:26:40,32.8,23.5,Pico W_11f0bb
984,2025-10-23 13:27:03,33.0,23.9,Pico W_11f0bb
985,2025-10-23 13:27:25,32.7,23.8,Pico W_11f0bb
986,2025-10-23 13:27:47,31.9,24.1,Pico W_11f0bb
987,2025-10-23 13:28:10,31.6,24.3,Pico W_11f0bb
988,2025-10-23 13:28:32,31.5,24.3,Pico W_11f0bb
989,2025-10-23 13:28:54,31.5,24.5,Pico W_11f0bb
990,2025-10-23 13:29:17,31.4,25.1,Pico W_11f0bb
991,2025-10-23 13:29:39,31.4,25.2,Pico W_11f0bb
992,2025-10-23 13:30:01,31.4,24.7,Pico W_11f0bb
993,2025-10-23 13:30:24,31.4,24.7,Pico W_11f0bb
994,2025-10-23 13:30:46,31.4,24.8,Pico W_11f0bb
995,2025-10-23 13:31:09,31.3,25.0,Pico W_11f0bb
996,2025-10-23 13:31:31,31.4,24.8,Pico W_11f0bb
997,2025-10-23 13:31:53,31.6,24.5,Pico W_11f0bb
998,2025-10-23 13:32:16,31.9,24.3,Pico W_11f0bb
999,2025-10-23 13:32:38,31.8,24.5,Pico W_11f0bb
1000,2025-10-23 13:33:00,31.7,24.5,Pico W_11f0bb
1001,2025-10-23 13:33:23,31.5,24.6,Pico W_11f0bb
1002,2025-10-23 13:33:45,31.4,25.2,Pico W_11f0bb
1003,2025-10-23 13:34:07,31.4,24.7,Pico W_11f0bb
1004,2025-10-23 13:34:30,31.4,25.0,Pico W_11f0bb
1005,2025-10-23 13:34:52,31.4,24.8,Pico W_11f0bb
1006,2025-10-23 13:35:14,31.2,24.6,Pico W_11f0bb
1007,2025-10-23 13:35:37,31.1,24.8,Pico W_11f0bb
1008,2025-10-23 13:35:59,31.1,24.3,Pico W_11f0bb
1009,2025-10-23 13:36:21,31.1,24.2,Pico W_11f0bb
1010,2025-10-23 13:36:44,31.1,24.6,Pico W_11f0bb
1011,2025-10-23 13:37:06,31.2,23.8,Pico W_11f0bb
1012,2025-10-23 13:37:28,31.5,24.1,Pico W_11f0bb
1013,2025-10-23 13:37:51,31.9,24.1,Pico W_11f0bb
1014,2025-10-23 13:38:13,32.1,24.0,Pico W_11f0bb
1015,2025-10-23 13:38:35,32.4,23.6,Pico W_11f0bb
1016,2025-10-23 13:38:58,32.5,23.9,Pico W_11f0bb
1017,2025-10-23 13:39:20,32.7,24.3,Pico W_11f0bb
1018,2025-10-23 13:39:42,32.9,24.0,Pico W_11f0bb
1019,2025-10-23 13:40:05,33.0,23.3,Pico W_11f0bb
1020,2025-10-23 13:40:27,33.3,23.1,Pico W_11f0bb
1021,2025-10-23 13:40:49,33.4,23.0,Pico W_11f0bb
1022,2025-10-23 13:41:12,33.0,22.9,Pico W_11f0bb
1023,2025-10-23 13:41:34,32.9,23.2,Pico W_11f0bb
1024,2025-10-23 13:41:56,32.5,23.0,Pico W_11f0bb
1025,2025-10-23 13:42:19,32.5,23.2,Pico W_11f0bb
1026,2025-10-23 13:42:41,32.4,23.1,Pico W_11f0bb
1027,2025-10-23 13:43:03,32.1,23.5,Pico W_11f0bb
1028,2025-10-23 13:43:26,32.1,23.7,Pico W_11f0bb
1029,2025-10-23 13:43:48,31.8,23.6,Pico W_11f0bb
1030,2025-10-23 13:44:11,31.8,23.8,Pico W_11f0bb
1031,2025-10-23 13:44:33,31.8,23.8,Pico W_11f0bb
1032,2025-10-23 13:44:55,31.8,23.9,Pico W_11f0bb
1033,2025-10-23 13:45:18,31.9,23.9,Pico W_11f0bb
1034,2025-10-23 13:45:40,32.0,23.8,Pico W_11f0bb
1035,2025-10-23 13:46:02,32.1,23.8,Pico W_11f0bb
1036,2025-10-23 13:46:25,32.0,24.0,Pico W_11f0bb
1037,2025-10-23 13:46:47,32.2,23.9,Pico W_11f0bb
1038,2025-10-23 13:47:09,32.4,24.1,Pico W_11f0bb
1039,2025-10-23 13:47:32,32.5,24.6,Pico W_11f0bb
1040,2025-10-23 13:47:54,32.6,24.6,Pico W_11f0bb
1041,2025-10-23 13:48:16,32.7,24.3,Pico W_11f0bb
1042,2025-10-23 13:48:39,32.7,24.4,Pico W_11f0bb
1043,2025-10-23 13:49:01,32.2,24.0,Pico W_11f0bb
1044,2025-10-23 13:49:23,32.0,24.3,Pico W_11f0bb
1045,2025-10-23 13:49:46,31.6,24.3,Pico W_11f0bb
1046,2025-10-23 13:50:08,31.1,24.6,Pico W_11f0bb
1047,2025-10-23 13:50:30,30.7,25.2,Pico W_11f0bb
1048,2025-10-23 13:50:53,30.6,26.0,Pico W_11f0bb
1049,2025-10-23 13:51:15,30.6,26.3,Pico W_11f0bb
1050,2025-10-23 13:51:37,30.6,26.1,Pico W_11f0bb
1051,2025-10-23 13:52:00,30.6,26.0,Pico W_11f0bb
1052,2025-10-23 13:52:22,30.4,26.3,Pico W_11f0bb
1053,2025-10-23 13:52:44,30.4,26.5,Pico W_11f0bb
1054,2025-10-23 13:53:07,30.5,26.5,Pico W_11f0bb
1055,2025-10-23 13:53:29,30.1,25.8,Pico W_11f0bb
1056,2025-10-23 13:53:51,29.9,26.3,Pico W_11f0bb
1057,2025-10-23 13:54:14,29.9,26.2,Pico W_11f0bb
1058,2025-10-23 13:54:36,29.9,26.3,Pico W_11f0bb
1059,2025-10-23 13:54:58,29.6,25.9,Pico W_11f0bb
1060,2025-10-23 13:55:21,29.3,26.3,Pico W_11f0bb
1061,2025-10-23 13:55:43,29.5,26.5,Pico W_11f0bb
1062,2025-10-23 13:56:06,29.7,26.3,Pico W_11f0bb
1063,2025-10-23 13:56:28,29.8,26.0,Pico W_11f0bb
1064,2025-10-23 13:56:50,29.6,26.0,Pico W_11f0bb
1065,2025-10-23 13:57:13,29.6,25.5,Pico W_11f0bb
1066,2025-10-23 13:57:35,29.4,25.6,Pico W_11f0bb
1067,2025-10-23 13:57:57,29.3,26.2,Pico W_11f0bb
1068,2025-10-23 13:58:20,29.2,26.7,Pico W_11f0bb
1069,2025-10-23 13:58:42,29.2,26.9,Pico W_11f0bb
1070,2025-10-23 13:59:04,29.1,27.2,Pico W_11f0bb
1071,2025-10-23 13:59:27,29.3,27.2,Pico W_11f0bb
1072,2025-10-23 13:59:49,29.2,26.9,Pico W_11f0bb
1073,2025-10-23 14:00:11,29.2,26.7,Pico W_11f0bb
1074,2025-10-23 14:00:34,29.2,27.3,Pico W_11f0bb
1075,2025-10-23 14:00:56,29.3,27.8,Pico W_11f0bb
1076,2025-10-23 14:01:18,29.5,27.9,Pico W_11f0bb
1077,2025-10-23 14:01:41,29.6,27.4,Pico W_11f0bb
1078,2025-10-23 14:02:03,29.8,27.1,Pico W_11f0bb
1079,2025-10-23 14:02:25,30.1,27.4,Pico W_11f0bb
1080,2025-10-23 14:02:48,30.3,26.8,Pico W_11f0bb
1081,2025-10-23 14:03:10,30.7,26.8,Pico W_11f0bb
1082,2025-10-23 14:03:32,30.9,26.3,Pico W_11f0bb
1083,2025-10-23 14:03:55,30.9,25.7,Pico W_11f0bb
1084,2025-10-23 14:04:17,30.9,26.0,Pico W_11f0bb
1085,2025-10-23 14:04:39,31.0,25.9,Pico W_11f0bb
1086,2025-10-23 14:05:02,31.1,26.0,Pico W_11f0bb
1087,2025-10-23 14:05:24,31.0,26.0,Pico W_11f0bb
1088,2025-10-23 14:05:46,31.0,25.8,Pico W_11f0bb
1089,2025-10-23 14:06:09,31.1,25.7,Pico W_11f0bb
1090,2025-10-23 14:06:31,31.0,25.5,Pico W_11f0bb
1091,2025-10-23 14:06:53,30.9,25.8,Pico W_11f0bb
1092,2025-10-23 14:07:16,31.2,26.4,Pico W_11f0bb
1093,2025-10-23 14:07:38,31.5,26.3,Pico W_11f0bb
1094,2025-10-23 14:08:01,31.7,25.7,Pico W_11f0bb
1095,2025-10-23 14:08:23,32.2,26.1,Pico W_11f0bb
1096,2025-10-23 14:08:45,32.3,24.8,Pico W_11f0bb
1097,2025-10-23 14:09:08,32.5,24.7,Pico W_11f0bb
1098,2025-10-23 14:09:30,32.7,24.6,Pico W_11f0bb
1099,2025-10-23 14:09:52,32.7,24.4,Pico W_11f0bb
1100,2025-10-23 14:10:15,32.9,24.6,Pico W_11f0bb
1101,2025-10-23 14:10:37,32.9,25.1,Pico W_11f0bb
1102,2025-10-23 14:10:59,33.1,24.4,Pico W_11f0bb
1103,2025-10-23 14:11:22,33.1,24.3,Pico W_11f0bb
1104,2025-10-23 14:11:44,33.0,24.1,Pico W_11f0bb
1105,2025-10-23 14:12:06,32.8,24.5,Pico W_11f0bb
1106,2025-10-23 14:12:29,32.8,24.4,Pico W_11f0bb
1107,2025-10-23 14:12:51,32.8,24.3,Pico W_11f0bb
1108,2025-10-23 14:13:13,32.7,23.5,Pico W_11f0bb
1109,2025-10-23 14:13:36,32.9,23.4,Pico W_11f0bb
1110,2025-10-23 14:13:58,32.8,22.6,Pico W_11f0bb
1111,2025-10-23 14:14:20,32.6,22.7,Pico W_11f0bb
1112,2025-10-23 14:14:43,32.6,23.4,Pico W_11f0bb
1113,2025-10-23 14:15:05,32.5,23.7,Pico W_11f0bb
1114,2025-10-23 14:15:27,32.6,23.6,Pico W_11f0bb
1115,2025-10-23 14:15:50,32.8,23.8,Pico W_11f0bb
1116,2025-10-23 14:16:12,32.8,23.4,Pico W_11f0bb
1117,2025-10-23 14:16:34,32.9,22.7,Pico W_11f0bb
1118,2025-10-23 14:16:57,33.2,22.6,Pico W_11f0bb
1119,2025-10-23 14:17:19,33.3,23.1,Pico W_11f0bb
1120,2025-10-23 14:17:41,33.5,23.1,Pico W_11f0bb
1121,2025-10-23 14:18:04,33.6,23.2,Pico W_11f0bb
1122,2025-10-23 14:18:26,32.8,23.0,Pico W_11f0bb
1123,2025-10-23 14:18:48,32.3,23.4,Pico W_11f0bb
1124,2025-10-23 14:19:11,32.2,23.8,Pico W_11f0bb
1125,2025-10-23 14:19:33,32.1,23.5,Pico W_11f0bb
1126,2025-10-23 14:19:56,31.6,24.3,Pico W_11f0bb
1127,2025-10-23 14:20:18,31.5,24.6,Pico W_11f0bb
1128,2025-10-23 14:20:40,31.1,24.2,Pico W_11f0bb
1129,2025-10-23 14:21:03,31.1,24.4,Pico W_11f0bb
1130,2025-10-23 14:21:25,31.5,24.6,Pico W_11f0bb
1131,2025-10-23 14:21:47,31.9,24.4,Pico W_11f0bb
1132,2025-10-23 14:22:10,32.4,24.7,Pico W_11f0bb
1133,2025-10-23 14:22:32,32.7,24.1,Pico W_11f0bb
1134,2025-10-23 14:22:54,33.1,24.1,Pico W_11f0bb
1135,2025-10-23 14:23:17,33.4,22.9,Pico W_11f0bb
1136,2025-10-23 14:23:39,33.7,22.3,Pico W_11f0bb
1137,2025-10-23 14:24:01,33.7,21.8,Pico W_11f0bb
1138,2025-10-23 14:24:24,33.9,22.4,Pico W_11f0bb
1139,2025-10-23 14:24:46,34.1,22.0,Pico W_11f0bb
1140,2025-10-23 14:25:08,34.3,22.0,Pico W_11f0bb
1141,2025-10-23 14:25:31,34.6,21.4,Pico W_11f0bb
1142,2025-10-23 14:25:53,34.7,21.8,Pico W_11f0bb
1143,2025-10-23 14:26:15,34.8,22.3,Pico W_11f0bb
1144,2025-10-23 14:26:38,34.9,21.8,Pico W_11f0bb
1145,2025-10-23 14:27:00,34.8,22.3,Pico W_11f0bb
1146,2025-10-23 14:27:22,34.6,21.8,Pico W_11f0bb
1147,2025-10-23 14:27:45,34.5,22.1,Pico W_11f0bb
1148,2025-10-23 14:28:07,34.5,22.2,Pico W_11f0bb
1149,2025-10-23 14:28:29,34.6,22.1,Pico W_11f0bb
1150,2025-10-23 14:28:52,34.7,21.9,Pico W_11f0bb
1151,2025-10-23 14:29:14,34.9,22.0,Pico W_11f0bb
1152,2025-10-23 14:29:36,35.1,22.4,Pico W_11f0bb
1153,2025-10-23 14:29:59,34.9,21.3,Pico W_11f0bb
1154,2025-10-23 14:30:21,34.2,21.3,Pico W_11f0bb
1155,2025-10-23 14:30:43,33.5,21.6,Pico W_11f0bb
1156,2025-10-23 14:31:06,32.5,22.0,Pico W_11f0bb
1157,2025-10-23 14:31:28,31.9,22.2,Pico W_11f0bb
1158,2025-10-23 14:31:50,31.3,23.0,Pico W_11f0bb
1159,2025-10-23 14:32:13,31.0,23.6,Pico W_11f0bb
1160,2025-10-23 14:32:35,30.9,23.8,Pico W_11f0bb
1161,2025-10-23 14:32:57,30.9,24.3,Pico W_11f0bb
1162,2025-10-23 14:33:20,30.7,24.6,Pico W_11f0bb
1163,2025-10-23 14:33:42,30.5,25.5,Pico W_11f0bb
1164,2025-10-23 14:34:05,30.4,25.0,Pico W_11f0bb
1165,2025-10-23 14:34:27,30.1,25.1,Pico W_11f0bb
1166,2025-10-23 14:34:49,29.9,25.3,Pico W_11f0bb
1167,2025-10-23 14:35:12,29.9,25.5,Pico W_11f0bb
1168,2025-10-23 14:35:34,30.0,25.6,Pico W_11f0bb
1169,2025-10-23 14:35:56,30.0,25.0,Pico W_11f0bb
1170,2025-10-23 14:36:19,30.0,24.8,Pico W_11f0bb
1171,2025-10-23 14:36:41,30.0,25.4,Pico W_11f0bb
1172,2025-10-23 14:37:03,30.2,25.2,Pico W_11f0bb
1173,2025-10-23 14:37:26,30.2,25.2,Pico W_11f0bb
1174,2025-10-23 14:37:48,30.3,25.3,Pico W_11f0bb
1175,2025-10-23 14:38:10,30.4,25.3,Pico W_11f0bb
1176,2025-10-23 14:38:33,30.5,25.3,Pico W_11f0bb
1177,2025-10-23 14:38:55,30.5,24.6,Pico W_11f0bb
1178,2025-10-23 14:39:17,30.4,24.8,Pico W_11f0bb
1179,2025-10-23 14:39:40,30.4,25.1,Pico W_11f0bb
1180,2025-10-23 14:40:02,30.5,24.9,Pico W_11f0bb
1181,2025-10-23 14:40:24,30.6,24.7,Pico W_11f0bb
1182,2025-10-23 14:40:47,30.8,24.3,Pico W_11f0bb
1183,2025-10-23 14:41:09,31.0,24.4,Pico W_11f0bb
1184,2025-10-23 14:41:31,30.9,24.8,Pico W_11f0bb
1185,2025-10-23 14:41:54,30.7,24.9,Pico W_11f0bb
1186,2025-10-23 14:42:16,30.3,25.2,Pico W_11f0bb
1187,2025-10-23 14:42:38,30.3,25.4,Pico W_11f0bb
1188,2025-10-23 14:43:01,30.3,26.0,Pico W_11f0bb
1189,2025-10-23 14:43:23,30.3,26.1,Pico W_11f0bb
1190,2025-10-23 14:43:45,30.3,25.7,Pico W_11f0bb
1191,2025-10-23 14:44:08,30.2,25.9,Pico W_11f0bb
1192,2025-10-23 14:44:30,30.1,25.9,Pico W_11f0bb
1193,2025-10-23 14:44:52,30.1,26.2,Pico W_11f0bb
1194,2025-10-23 14:45:15,30.2,26.2,Pico W_11f0bb
1195,2025-10-23 14:45:37,30.2,26.3,Pico W_11f0bb
1196,2025-10-23 14:46:00,30.2,25.5,Pico W_11f0bb
1197,2025-10-23 14:46:22,30.0,25.6,Pico W_11f0bb
1198,2025-10-23 14:46:44,29.8,25.5,Pico W_11f0bb
1199,2025-10-23 14:47:07,29.7,26.0,Pico W_11f0bb
1200,2025-10-23 14:47:29,29.9,25.7,Pico W_11f0bb
1201,2025-10-23 14:47:51,29.8,25.5,Pico W_11f0bb
1202,2025-10-23 14:48:14,29.8,25.8,Pico W_11f0bb
1203,2025-10-23 14:48:36,29.8,26.3,Pico W_11f0bb
1204,2025-10-23 14:48:58,29.9,26.4,Pico W_11f0bb
1205,2025-10-23 14:49:21,30.0,26.2,Pico W_11f0bb
1206,2025-10-23 14:49:43,30.1,25.9,Pico W_11f0bb
1207,2025-10-23 14:50:05,30.1,25.8,Pico W_11f0bb
1208,2025-10-23 14:50:28,30.0,25.8,Pico W_11f0bb
1209,2025-10-23 14:50:50,30.1,26.1,Pico W_11f0bb
1210,2025-10-23 14:51:12,30.2,26.2,Pico W_11f0bb
1211,2025-10-23 14:51:35,30.4,25.7,Pico W_11f0bb
1212,2025-10-23 14:51:57,30.4,25.8,Pico W_11f0bb
1213,2025-10-23 14:52:19,30.6,25.1,Pico W_11f0bb
1214,2025-10-23 14:52:42,30.7,24.6,Pico W_11f0bb
1215,2025-10-23 14:53:04,30.9,25.2,Pico W_11f0bb
1216,2025-10-23 14:53:26,31.0,25.3,Pico W_11f0bb
1217,2025-10-23 14:53:49,31.2,24.9,Pico W_11f0bb
1218,2025-10-23 14:54:11,31.4,25.3,Pico W_11f0bb
1219,2025-10-23 14:54:33,31.5,25.2,Pico W_11f0bb
1220,2025-10-23 14:54:56,31.3,25.0,Pico W_11f0bb
1221,2025-10-23 14:55:18,31.3,24.9,Pico W_11f0bb
1222,2025-10-23 14:55:40,31.0,25.1,Pico W_11f0bb
1223,2025-10-23 14:56:03,30.9,25.4,Pico W_11f0bb
1224,2025-10-23 14:56:25,30.7,25.5,Pico W_11f0bb
1225,2025-10-23 14:56:47,30.7,26.0,Pico W_11f0bb
1226,2025-10-23 14:57:10,30.7,26.1,Pico W_11f0bb
1227,2025-10-23 14:57:32,30.6,25.9,Pico W_11f0bb
1228,2025-10-23 14:57:55,30.6,25.8,Pico W_11f0bb
1229,2025-10-23 14:58:17,30.6,25.7,Pico W_11f0bb
1230,2025-10-23 14:58:39,30.4,25.9,Pico W_11f0bb
1231,2025-10-23 14:59:02,30.5,26.1,Pico W_11f0bb
1232,2025-10-23 14:59:24,30.8,25.5,Pico W_11f0bb
1233,2025-10-23 14:59:46,30.9,25.3,Pico W_11f0bb
1234,2025-10-23 15:00:09,31.2,25.4,Pico W_11f0bb
1235,2025-10-23 15:00:31,31.4,24.5,Pico W_11f0bb
1236,2025-10-23 15:00:53,31.6,23.9,Pico W_11f0bb
1237,2025-10-23 15:01:16,31.7,24.3,Pico W_11f0bb
1238,2025-10-23 15:01:38,31.8,24.2,Pico W_11f0bb
1239,2025-10-23 15:02:00,31.6,23.9,Pico W_11f0bb
1240,2025-10-23 15:02:23,31.5,24.1,Pico W_11f0bb
1241,2025-10-23 15:02:45,31.5,23.9,Pico W_11f0bb
1242,2025-10-23 15:03:07,31.5,24.3,Pico W_11f0bb
1243,2025-10-23 15:03:30,31.6,24.1,Pico W_11f0bb
1244,2025-10-23 15:03:52,31.7,23.9,Pico W_11f0bb
1245,2025-10-23 15:04:14,31.7,23.9,Pico W_11f0bb
1246,2025-10-23 15:04:37,31.7,23.7,Pico W_11f0bb
1247,2025-10-23 15:04:59,31.8,23.9,Pico W_11f0bb
1248,2025-10-23 15:05:21,32.0,23.6,Pico W_11f0bb
1249,2025-10-23 15:05:44,32.2,23.8,Pico W_11f0bb
1250,2025-10-23 15:06:06,32.5,23.6,Pico W_11f0bb
1251,2025-10-23 15:06:28,32.5,23.8,Pico W_11f0bb
1252,2025-10-23 15:06:51,32.5,23.8,Pico W_11f0bb
1253,2025-10-23 15:07:13,32.6,23.9,Pico W_11f0bb
1254,2025-10-23 15:07:35,32.7,23.9,Pico W_11f0bb
1255,2025-10-23 15:07:58,32.7,24.2,Pico W_11f0bb
1256,2025-10-23 15:08:20,32.7,23.6,Pico W_11f0bb
1257,2025-10-23 15:08:42,32.5,23.6,Pico W_11f0bb
1258,2025-10-23 15:09:05,32.0,23.1,Pico W_11f0bb
1259,2025-10-23 15:09:27,31.9,23.9,Pico W_11f0bb
1260,2025-10-23 15:09:50,31.5,23.4,Pico W_11f0bb
1261,2025-10-23 15:10:12,31.6,23.7,Pico W_11f0bb
1262,2025-10-23 15:10:34,31.7,23.9,Pico W_11f0bb
1263,2025-10-23 15:10:57,31.7,24.0,Pico W_11f0bb
1264,2025-10-23 15:11:19,31.8,23.7,Pico W_11f0bb
1265,2025-10-23 15:11:41,31.7,23.5,Pico W_11f0bb
1266,2025-10-23 15:12:04,31.6,23.3,Pico W_11f0bb
1267,2025-10-23 15:12:26,31.5,23.5,Pico W_11f0bb
1268,2025-10-23 15:12:48,31.4,23.0,Pico W_11f0bb
1269,2025-10-23 15:13:11,31.4,23.6,Pico W_11f0bb
1270,2025-10-23 15:13:33,31.4,23.6,Pico W_11f0bb
1271,2025-10-23 15:13:55,31.5,24.0,Pico W_11f0bb
1272,2025-10-23 15:14:18,31.6,23.5,Pico W_11f0bb
1273,2025-10-23 15:14:40,31.7,23.4,Pico W_11f0bb
1274,2025-10-23 15:15:02,31.8,23.5,Pico W_11f0bb
1275,2025-10-23 15:15:25,31.8,23.4,Pico W_11f0bb
1276,2025-10-23 15:15:47,31.8,23.2,Pico W_11f0bb
1277,2025-10-23 15:16:09,31.9,23.4,Pico W_11f0bb
1278,2025-10-23 15:16:32,31.7,23.6,Pico W_11f0bb
1279,2025-10-23 15:16:54,31.6,23.8,Pico W_11f0bb
1280,2025-10-23 15:17:16,31.5,24.1,Pico W_11f0bb
1281,2025-10-23 15:17:39,31.5,24.8,Pico W_11f0bb
1282,2025-10-23 15:18:01,31.6,24.3,Pico W_11f0bb
1283,2025-10-23 15:18:23,31.6,24.6,Pico W_11f0bb
1284,2025-10-23 15:18:46,31.6,24.2,Pico W_11f0bb
1285,2025-10-23 15:19:08,31.6,24.3,Pico W_11f0bb
1286,2025-10-23 15:19:30,31.7,24.2,Pico W_11f0bb
1287,2025-10-23 15:19:53,31.9,24.4,Pico W_11f0bb
1288,2025-10-23 15:20:15,32.0,24.1,Pico W_11f0bb
1289,2025-10-23 15:20:38,32.0,23.7,Pico W_11f0bb
1290,2025-10-23 15:21:00,32.0,23.8,Pico W_11f0bb
1291,2025-10-23 15:21:22,31.9,24.0,Pico W_11f0bb
1292,2025-10-23 15:21:45,32.1,24.2,Pico W_11f0bb
1293,2025-10-23 15:22:07,32.1,23.2,Pico W_11f0bb
1294,2025-10-23 15:22:29,31.9,23.4,Pico W_11f0bb
1295,2025-10-23 15:22:52,31.5,23.7,Pico W_11f0bb
1296,2025-10-23 15:23:14,31.4,23.9,Pico W_11f0bb
1297,2025-10-23 15:23:36,31.1,24.0,Pico W_11f0bb
1298,2025-10-23 15:23:59,31.0,24.1,Pico W_11f0bb
1299,2025-10-23 15:24:21,30.6,24.0,Pico W_11f0bb
1300,2025-10-23 15:24:43,30.7,24.8,Pico W_11f0bb
1301,2025-10-23 15:25:06,30.9,24.9,Pico W_11f0bb
1302,2025-10-23 15:25:28,30.9,24.7,Pico W_11f0bb
1303,2025-10-23 15:25:50,30.8,24.7,Pico W_11f0bb
1304,2025-10-23 15:26:13,30.8,24.6,Pico W_11f0bb
1305,2025-10-23 15:26:35,30.8,24.8,Pico W_11f0bb
1306,2025-10-23 15:26:57,30.8,24.7,Pico W_11f0bb
1307,2025-10-23 15:27:20,30.9,24.9,Pico W_11f0bb
1308,2025-10-23 15:27:42,30.8,24.1,Pico W_11f0bb
1309,2025-10-23 15:28:04,30.8,24.3,Pico W_11f0bb
1310,2025-10-23 15:28:27,30.9,24.6,Pico W_11f0bb
1311,2025-10-23 15:28:49,31.0,24.6,Pico W_11f0bb
1312,2025-10-23 15:29:11,31.0,24.2,Pico W_11f0bb
1313,2025-10-23 15:29:34,31.0,24.3,Pico W_11f0bb
1314,2025-10-23 15:29:56,31.4,24.2,Pico W_11f0bb
1315,2025-10-23 15:30:18,31.5,23.8,Pico W_11f0bb
1316,2025-10-23 15:30:41,31.5,24.2,Pico W_11f0bb
1317,2025-10-23 15:31:03,31.4,23.5,Pico W_11f0bb
1318,2025-10-23 15:31:25,31.4,23.5,Pico W_11f0bb
1319,2025-10-23 15:31:48,31.4,23.3,Pico W_11f0bb
1320,2025-10-23 15:32:10,31.3,23.7,Pico W_11f0bb
1321,2025-10-23 15:32:32,31.1,24.2,Pico W_11f0bb
1322,2025-10-23 15:32:55,31.0,23.8,Pico W_11f0bb
1323,2025-10-23 15:33:17,31.1,24.2,Pico W_11f0bb
1324,2025-10-23 15:33:40,31.1,24.1,Pico W_11f0bb
1325,2025-10-23 15:34:02,31.2,24.3,Pico W_11f0bb
1326,2025-10-23 15:34:24,31.5,24.0,Pico W_11f0bb
1327,2025-10-23 15:34:47,31.6,24.1,Pico W_11f0bb
1328,2025-10-23 15:35:09,31.5,23.5,Pico W_11f0bb
1329,2025-10-23 15:35:31,31.3,23.9,Pico W_11f0bb
1330,2025-10-23 15:35:54,31.2,23.5,Pico W_11f0bb
1331,2025-10-23 15:36:16,31.2,23.5,Pico W_11f0bb
1332,2025-10-23 15:36:38,31.4,24.0,Pico W_11f0bb
1333,2025-10-23 15:37:01,31.8,23.8,Pico W_11f0bb
1334,2025-10-23 15:37:23,32.0,23.5,Pico W_11f0bb
1335,2025-10-23 15:37:45,31.9,23.5,Pico W_11f0bb
1336,2025-10-23 15:38:08,31.4,23.4,Pico W_11f0bb
1337,2025-10-23 15:38:30,31.1,23.3,Pico W_11f0bb
1338,2025-10-23 15:38:52,31.1,23.5,Pico W_11f0bb
1339,2025-10-23 15:39:15,31.2,24.2,Pico W_11f0bb
1340,2025-10-23 15:39:37,31.4,24.0,Pico W_11f0bb
1341,2025-10-23 15:39:59,31.6,23.9,Pico W_11f0bb
1342,2025-10-23 15:40:22,31.6,23.5,Pico W_11f0bb
1343,2025-10-23 15:40:44,31.5,23.1,Pico W_11f0bb
1344,2025-10-23 15:41:06,31.4,23.6,Pico W_11f0bb
1345,2025-10-23 15:41:29,31.3,23.7,Pico W_11f0bb
1346,2025-10-23 15:41:51,31.5,23.7,Pico W_11f0bb
1347,2025-10-23 15:42:13,31.5,23.7,Pico W_11f0bb
1348,2025-10-23 15:42:36,31.7,23.9,Pico W_11f0bb
1349,2025-10-23 15:42:58,31.8,23.4,Pico W_11f0bb
1350,2025-10-23 15:43:20,32.1,23.2,Pico W_11f0bb
1351,2025-10-23 15:43:43,32.3,22.8,Pico W_11f0bb
1352,2025-10-23 15:44:05,32.5,22.6,Pico W_11f0bb
1353,2025-10-23 15:44:27,32.8,22.5,Pico W_11f0bb
1354,2025-10-23 15:44:50,33.1,22.8,Pico W_11f0bb
1355,2025-10-23 15:45:12,32.9,23.2,Pico W_11f0bb
1356,2025-10-23 15:45:35,32.7,23.0,Pico W_11f0bb
1357,2025-10-23 15:45:57,32.6,23.1,Pico W_11f0bb
1358,2025-10-23 15:46:19,32.5,23.0,Pico W_11f0bb
1359,2025-10-23 15:46:42,32.4,22.7,Pico W_11f0bb
1360,2025-10-23 15:47:04,32.4,22.6,Pico W_11f0bb
1361,2025-10-23 15:47:26,32.6,22.7,Pico W_11f0bb
1362,2025-10-23 15:47:49,32.6,22.5,Pico W_11f0bb
1363,2025-10-23 15:48:11,32.2,22.6,Pico W_11f0bb
1364,2025-10-23 15:48:33,32.3,23.1,Pico W_11f0bb
1365,2025-10-23 15:48:56,32.5,23.0,Pico W_11f0bb
1366,2025-10-23 15:49:18,32.4,22.8,Pico W_11f0bb
1367,2025-10-23 15:49:40,32.4,22.8,Pico W_11f0bb
1368,2025-10-23 15:50:03,32.4,22.6,Pico W_11f0bb
1369,2025-10-23 15:50:25,32.6,22.7,Pico W_11f0bb
1370,2025-10-23 15:50:47,32.7,22.3,Pico W_11f0bb
1371,2025-10-23 15:51:10,32.7,22.7,Pico W_11f0bb
1372,2025-10-23 15:51:32,32.6,22.5,Pico W_11f0bb
1373,2025-10-23 15:51:54,32.7,22.4,Pico W_11f0bb
1374,2025-10-23 15:52:17,32.7,22.4,Pico W_11f0bb
1375,2025-10-23 15:52:39,32.6,22.6,Pico W_11f0bb
1376,2025-10-23 15:53:01,32.5,22.6,Pico W_11f0bb
1377,2025-10-23 15:53:24,32.2,22.3,Pico W_11f0bb
1378,2025-10-23 15:53:46,31.9,22.5,Pico W_11f0bb
1379,2025-10-23 15:54:08,31.7,22.7,Pico W_11f0bb
1380,2025-10-23 15:54:31,31.5,22.7,Pico W_11f0bb
1381,2025-10-23 15:54:53,31.4,23.0,Pico W_11f0bb
1382,2025-10-23 15:55:15,31.3,23.1,Pico W_11f0bb
1383,2025-10-23 15:55:38,31.2,23.0,Pico W_11f0bb
1384,2025-10-23 15:56:00,31.4,23.2,Pico W_11f0bb
1385,2025-10-23 15:56:22,31.6,23.1,Pico W_11f0bb
1386,2025-10-23 15:56:45,31.7,22.9,Pico W_11f0bb
1387,2025-10-23 15:57:07,31.5,23.0,Pico W_11f0bb
1388,2025-10-23 15:57:30,31.5,23.0,Pico W_11f0bb
1389,2025-10-23 15:57:52,31.5,23.1,Pico W_11f0bb
1390,2025-10-23 15:58:14,31.5,23.2,Pico W_11f0bb
1391,2025-10-23 15:58:37,31.5,23.1,Pico W_11f0bb
1392,2025-10-23 15:58:59,31.4,23.0,Pico W_11f0bb
1393,2025-10-23 15:59:21,31.5,22.9,Pico W_11f0bb
1394,2025-10-23 15:59:44,31.4,22.6,Pico W_11f0bb
1395,2025-10-23 16:00:06,31.0,22.1,Pico W_11f0bb
1396,2025-10-23 16:00:28,30.8,22.7,Pico W_11f0bb
1397,2025-10-23 16:00:51,30.8,22.7,Pico W_11f0bb
1398,2025-10-23 16:01:13,30.8,22.8,Pico W_11f0bb
1399,2025-10-23 16:01:35,30.8,22.7,Pico W_11f0bb
1400,2025-10-23 16:01:58,30.6,22.7,Pico W_11f0bb
1401,2025-10-23 16:02:20,30.5,22.8,Pico W_11f0bb
1402,2025-10-23 16:02:42,30.4,22.8,Pico W_11f0bb
1403,2025-10-23 16:03:05,30.3,23.2,Pico W_11f0bb
1404,2025-10-23 16:03:27,30.3,22.8,Pico W_11f0bb
1405,2025-10-23 16:03:49,30.3,22.9,Pico W_11f0bb
1406,2025-10-23 16:04:12,30.4,22.9,Pico W_11f0bb
1407,2025-10-23 16:04:34,30.5,22.8,Pico W_11f0bb
1408,2025-10-23 16:04:56,30.6,22.7,Pico W_11f0bb
1409,2025-10-23 16:05:19,30.8,22.6,Pico W_11f0bb
1410,2025-10-23 16:05:41,30.8,22.7,Pico W_11f0bb
1411,2025-10-23 16:06:03,30.9,22.7,Pico W_11f0bb
1412,2025-10-23 16:06:26,30.9,22.6,Pico W_11f0bb
1413,2025-10-23 16:06:48,31.0,22.6,Pico W_11f0bb
1414,2025-10-23 16:07:10,31.1,22.5,Pico W_11f0bb
1415,2025-10-23 16:07:33,31.3,22.4,Pico W_11f0bb
1416,2025-10-23 16:07:55,31.7,22.1,Pico W_11f0bb
1417,2025-10-23 16:08:17,31.8,21.7,Pico W_11f0bb
1418,2025-10-23 16:08:40,31.8,21.5,Pico W_11f0bb
1419,2025-10-23 16:09:02,31.8,22.0,Pico W_11f0bb
1420,2025-10-23 16:09:25,31.7,21.7,Pico W_11f0bb
1421,2025-10-23 16:09:47,31.7,21.9,Pico W_11f0bb
1422,2025-10-23 16:10:09,31.4,22.0,Pico W_11f0bb
1423,2025-10-23 16:10:32,31.1,22.6,Pico W_11f0bb
1424,2025-10-23 16:10:54,31.0,22.9,Pico W_11f0bb
1425,2025-10-23 16:11:16,31.0,23.1,Pico W_11f0bb
1426,2025-10-23 16:11:39,30.9,23.5,Pico W_11f0bb
1427,2025-10-23 16:12:01,31.0,23.3,Pico W_11f0bb
1428,2025-10-23 16:12:23,31.0,23.1,Pico W_11f0bb
1429,2025-10-23 16:12:46,30.9,22.7,Pico W_11f0bb
1430,2025-10-23 16:13:08,30.9,22.6,Pico W_11f0bb
1431,2025-10-23 16:13:30,30.7,22.4,Pico W_11f0bb
1432,2025-10-23 16:13:53,30.7,22.6,Pico W_11f0bb
1433,2025-10-23 16:14:15,30.7,22.5,Pico W_11f0bb
1434,2025-10-23 16:14:37,30.6,22.2,Pico W_11f0bb
1435,2025-10-23 16:15:00,30.6,22.6,Pico W_11f0bb
1436,2025-10-23 16:15:22,30.7,22.6,Pico W_11f0bb
1437,2025-10-23 16:15:44,30.7,22.2,Pico W_11f0bb
1438,2025-10-23 16:16:07,30.7,22.2,Pico W_11f0bb
1439,2025-10-23 16:16:29,30.7,22.5,Pico W_11f0bb
1440,2025-10-23 16:16:51,30.7,22.5,Pico W_11f0bb
1441,2025-10-23 16:17:14,30.8,22.5,Pico W_11f0bb
1442,2025-10-23 16:17:36,30.8,22.8,Pico W_11f0bb
1443,2025-10-23 16:17:58,30.9,22.8,Pico W_11f0bb
1444,2025-10-23 16:18:21,30.9,22.5,Pico W_11f0bb
1445,2025-10-23 16:18:43,30.7,22.6,Pico W_11f0bb
1446,2025-10-23 16:19:05,30.7,22.6,Pico W_11f0bb
1447,2025-10-23 16:19:28,30.7,22.6,Pico W_11f0bb
1448,2025-10-23 16:19:50,30.7,22.9,Pico W_11f0bb
1449,2025-10-23 16:20:12,30.6,23.2,Pico W_11f0bb
1450,2025-10-23 16:20:35,30.5,23.0,Pico W_11f0bb
1451,2025-10-23 16:20:57,30.2,23.0,Pico W_11f0bb
1452,2025-10-23 16:21:20,30.0,23.6,Pico W_11f0bb
1453,2025-10-23 16:21:42,30.1,23.7,Pico W_11f0bb
1454,2025-10-23 16:22:04,30.1,23.7,Pico W_11f0bb
1455,2025-10-23 16:22:27,30.2,23.6,Pico W_11f0bb
1456,2025-10-23 16:22:49,30.1,23.3,Pico W_11f0bb
1457,2025-10-23 16:23:11,30.0,23.5,Pico W_11f0bb
1458,2025-10-23 16:23:34,30.1,23.8,Pico W_11f0bb
1459,2025-10-23 16:23:56,30.2,23.8,Pico W_11f0bb
1460,2025-10-23 16:24:18,30.3,23.8,Pico W_11f0bb
1461,2025-10-23 16:24:41,30.3,23.7,Pico W_11f0bb
1462,2025-10-23 16:25:03,30.3,23.5,Pico W_11f0bb
1463,2025-10-23 16:25:25,30.2,23.7,Pico W_11f0bb
1464,2025-10-23 16:25:48,30.3,23.7,Pico W_11f0bb
1465,2025-10-23 16:26:10,30.2,23.4,Pico W_11f0bb
1466,2025-10-23 16:26:32,30.1,23.6,Pico W_11f0bb
1467,2025-10-23 16:26:55,30.0,24.0,Pico W_11f0bb
1468,2025-10-23 16:27:17,30.1,23.9,Pico W_11f0bb
1469,2025-10-23 16:27:39,30.2,23.8,Pico W_11f0bb
1470,2025-10-23 16:28:02,30.2,23.9,Pico W_11f0bb
1471,2025-10-23 16:28:24,30.1,23.9,Pico W_11f0bb
1472,2025-10-23 16:28:46,30.0,24.1,Pico W_11f0bb
1473,2025-10-23 16:29:09,30.1,24.0,Pico W_11f0bb
1474,2025-10-23 16:29:31,30.1,24.2,Pico W_11f0bb
1475,2025-10-23 16:29:53,30.2,24.2,Pico W_11f0bb
1476,2025-10-23 16:30:16,30.2,24.4,Pico W_11f0bb
1477,2025-10-23 16:30:38,30.2,23.9,Pico W_11f0bb
1478,2025-10-23 16:31:00,30.1,24.0,Pico W_11f0bb
1479,2025-10-23 16:31:23,30.1,24.3,Pico W_11f0bb
1480,2025-10-23 16:31:45,30.1,23.8,Pico W_11f0bb
1481,2025-10-23 16:32:07,30.0,23.7,Pico W_11f0bb
1482,2025-10-23 16:32:30,30.1,23.7,Pico W_11f0bb
1483,2025-10-23 16:32:52,30.2,23.2,Pico W_11f0bb
1484,2025-10-23 16:33:15,30.3,24.0,Pico W_11f0bb
1485,2025-10-23 16:33:37,30.2,23.5,Pico W_11f0bb
1486,2025-10-23 16:33:59,30.1,23.5,Pico W_11f0bb
1487,2025-10-23 16:34:22,30.1,23.5,Pico W_11f0bb
1488,2025-10-23 16:34:44,30.1,23.6,Pico W_11f0bb
1489,2025-10-23 16:35:06,30.2,23.4,Pico W_11f0bb
1490,2025-10-23 16:35:29,30.1,23.4,Pico W_11f0bb
1491,2025-10-23 16:35:51,30.0,23.3,Pico W_11f0bb
1492,2025-10-23 16:36:13,29.9,23.4,Pico W_11f0bb
1493,2025-10-23 16:36:36,29.8,23.7,Pico W_11f0bb
1494,2025-10-23 16:36:58,29.8,23.8,Pico W_11f0bb
1495,2025-10-23 16:37:20,29.7,23.6,Pico W_11f0bb
1496,2025-10-23 16:37:43,29.7,24.0,Pico W_11f0bb
1497,2025-10-23 16:38:05,29.8,24.2,Pico W_11f0bb
1498,2025-10-23 16:38:27,29.8,24.0,Pico W_11f0bb
1499,2025-10-23 16:38:50,29.8,24.0,Pico W_11f0bb
1500,2025-10-23 16:39:12,29.8,23.8,Pico W_11f0bb
1501,2025-10-23 16:39:34,29.8,23.9,Pico W_11f0bb
1502,2025-10-23 16:39:57,29.8,24.2,Pico W_11f0bb
1503,2025-10-23 16:40:19,29.8,23.9,Pico W_11f0bb
1504,2025-10-23 16:40:41,29.7,25.7,Pico W_11f0bb
1505,2025-10-23 16:41:04,29.6,28.0,Pico W_11f0bb
1506,2025-10-23 16:41:26,29.4,29.7,Pico W_11f0bb
1507,2025-10-23 16:41:48,29.2,32.3,Pico W_11f0bb
1508,2025-10-23 16:42:11,28.8,34.9,Pico W_11f0bb
1509,2025-10-23 16:42:33,28.6,36.2,Pico W_11f0bb
1510,2025-10-23 16:42:55,28.6,36.9,Pico W_11f0bb
1511,2025-10-23 16:43:18,28.5,37.3,Pico W_11f0bb
1512,2025-10-23 16:43:40,28.5,37.8,Pico W_11f0bb
1513,2025-10-23 16:44:02,28.4,38.0,Pico W_11f0bb
1514,2025-10-23 16:44:25,28.4,38.2,Pico W_11f0bb
1515,2025-10-23 16:44:47,28.3,38.4,Pico W_11f0bb
1516,2025-10-23 16:45:09,28.1,39.0,Pico W_11f0bb
1517,2025-10-23 16:45:32,27.9,39.3,Pico W_11f0bb
1518,2025-10-23 16:45:54,27.9,39.6,Pico W_11f0bb
1519,2025-10-23 16:46:17,27.8,39.8,Pico W_11f0bb
1520,2025-10-23 16:46:39,27.9,39.8,Pico W_11f0bb
1521,2025-10-23 16:47:01,27.9,39.9,Pico W_11f0bb
1522,2025-10-23 16:47:24,27.9,39.8,Pico W_11f0bb
1523,2025-10-23 16:47:46,27.7,39.8,Pico W_11f0bb
1524,2025-10-23 16:48:08,27.5,40.1,Pico W_11f0bb
1525,2025-10-23 16:48:31,27.4,40.4,Pico W_11f0bb
1526,2025-10-23 16:48:53,27.5,40.6,Pico W_11f0bb
1527,2025-10-23 16:49:15,27.5,40.4,Pico W_11f0bb
1528,2025-10-23 16:49:38,27.3,40.5,Pico W_11f0bb
1529,2025-10-23 16:50:00,27.3,40.7,Pico W_11f0bb
1530,2025-10-23 16:50:22,27.4,40.7,Pico W_11f0bb
1531,2025-10-23 16:50:45,27.3,40.8,Pico W_11f0bb
1532,2025-10-23 16:51:07,27.2,40.8,Pico W_11f0bb
1533,2025-10-23 16:51:29,27.2,41.1,Pico W_11f0bb
1534,2025-10-23 16:51:52,27.3,41.0,Pico W_11f0bb
1535,2025-10-23 16:52:14,27.4,40.7,Pico W_11f0bb
1536,2025-10-23 16:52:36,27.4,40.7,Pico W_11f0bb
1537,2025-10-23 16:52:59,27.5,40.6,Pico W_11f0bb
1538,2025-10-23 16:53:21,27.4,40.7,Pico W_11f0bb
1539,2025-10-23 16:53:43,27.4,41.0,Pico W_11f0bb
1540,2025-10-23 16:54:06,27.3,41.0,Pico W_11f0bb
1541,2025-10-23 16:54:28,27.3,41.1,Pico W_11f0bb
1542,2025-10-23 16:54:50,27.3,41.2,Pico W_11f0bb
1543,2025-10-23 16:55:13,27.2,41.4,Pico W_11f0bb
1544,2025-10-23 16:55:35,27.2,41.3,Pico W_11f0bb
1545,2025-10-23 16:55:57,27.2,41.5,Pico W_11f0bb
1546,2025-10-23 16:56:20,27.2,41.7,Pico W_11f0bb
1547,2025-10-23 16:56:42,27.2,41.8,Pico W_11f0bb
1548,2025-10-23 16:57:04,27.3,41.7,Pico W_11f0bb
1549,2025-10-23 16:57:27,27.3,41.8,Pico W_11f0bb
1550,2025-10-23 16:57:49,27.2,41.8,Pico W_11f0bb
1551,2025-10-23 16:58:12,27.0,42.0,Pico W_11f0bb
1552,2025-10-23 16:58:34,27.0,42.3,Pico W_11f0bb
1553,2025-10-23 16:58:56,27.1,42.4,Pico W_11f0bb
1554,2025-10-23 16:59:19,27.0,41.9,Pico W_11f0bb
1555,2025-10-23 16:59:41,27.0,42.4,Pico W_11f0bb
1556,2025-10-23 17:00:03,26.7,42.5,Pico W_11f0bb
1557,2025-10-23 17:00:26,26.7,42.7,Pico W_11f0bb
1558,2025-10-23 17:00:48,26.6,42.9,Pico W_11f0bb
1559,2025-10-23 17:01:10,26.6,42.9,Pico W_11f0bb
1560,2025-10-23 17:01:33,26.6,43.0,Pico W_11f0bb
1561,2025-10-23 17:01:55,26.6,43.2,Pico W_11f0bb
1562,2025-10-23 17:02:17,26.7,43.0,Pico W_11f0bb
1563,2025-10-23 17:02:40,26.8,42.9,Pico W_11f0bb
1564,2025-10-23 17:03:02,26.7,42.7,Pico W_11f0bb
1565,2025-10-23 17:03:24,26.6,42.7,Pico W_11f0bb
1566,2025-10-23 17:03:47,26.4,42.7,Pico W_11f0bb
1567,2025-10-23 17:04:09,26.4,42.9,Pico W_11f0bb
1568,2025-10-23 17:04:31,26.4,42.8,Pico W_11f0bb
1569,2025-10-23 17:04:54,26.4,42.9,Pico W_11f0bb
1570,2025-10-23 17:05:16,26.4,43.0,Pico W_11f0bb
1571,2025-10-23 17:05:38,26.4,43.1,Pico W_11f0bb
1572,2025-10-23 17:06:01,26.4,43.1,Pico W_11f0bb
1573,2025-10-23 17:06:23,26.5,43.2,Pico W_11f0bb
1574,2025-10-23 17:06:45,26.5,43.2,Pico W_11f0bb
1575,2025-10-23 17:07:08,26.5,43.1,Pico W_11f0bb
1576,2025-10-23 17:07:30,26.4,43.2,Pico W_11f0bb
1577,2025-10-23 17:07:52,26.4,43.4,Pico W_11f0bb
1578,2025-10-23 17:08:15,26.4,43.4,Pico W_11f0bb
1579,2025-10-23 17:08:37,26.3,43.5,Pico W_11f0bb
1580,2025-10-23 17:08:59,26.4,43.7,Pico W_11f0bb
1581,2025-10-23 17:09:22,26.4,43.7,Pico W_11f0bb
1582,2025-10-23 17:09:44,26.5,43.5,Pico W_11f0bb
1583,2025-10-23 17:10:07,26.5,43.6,Pico W_11f0bb
1584,2025-10-23 17:10:29,26.5,43.7,Pico W_11f0bb
1585,2025-10-23 17:10:51,26.4,43.6,Pico W_11f0bb
1586,2025-10-23 17:11:14,26.2,43.8,Pico W_11f0bb
1587,2025-10-23 17:11:36,26.1,44.0,Pico W_11f0bb
1588,2025-10-23 17:11:58,26.1,44.4,Pico W_11f0bb
1589,2025-10-23 17:12:21,26.2,44.4,Pico W_11f0bb
1590,2025-10-23 17:12:43,26.1,44.4,Pico W_11f0bb
1591,2025-10-23 17:13:05,26.0,44.5,Pico W_11f0bb
1592,2025-10-23 17:13:28,25.9,44.7,Pico W_11f0bb
1593,2025-10-23 17:13:50,25.8,44.8,Pico W_11f0bb
1594,2025-10-23 17:14:12,25.7,45.0,Pico W_11f0bb
1595,2025-10-23 17:14:35,25.6,45.3,Pico W_11f0bb
1596,2025-10-23 17:14:57,25.6,45.5,Pico W_11f0bb
1597,2025-10-23 17:15:19,25.7,45.5,Pico W_11f0bb
1598,2025-10-23 17:15:42,25.7,45.4,Pico W_11f0bb
1599,2025-10-23 17:16:04,25.8,45.4,Pico W_11f0bb
1600,2025-10-23 17:16:26,25.8,45.4,Pico W_11f0bb
1601,2025-10-23 17:16:49,25.8,45.4,Pico W_11f0bb
1602,2025-10-23 17:17:11,25.7,45.4,Pico W_11f0bb
1603,2025-10-23 17:17:33,25.6,45.4,Pico W_11f0bb
1604,2025-10-23 17:17:56,25.5,45.4,Pico W_11f0bb
1605,2025-10-23 17:18:18,25.4,45.8,Pico W_11f0bb
1606,2025-10-23 17:18:40,25.5,45.8,Pico W_11f0bb
1607,2025-10-23 17:19:03,25.5,45.8,Pico W_11f0bb
1608,2025-10-23 17:19:25,25.5,45.7,Pico W_11f0bb
1609,2025-10-23 17:19:47,25.5,45.8,Pico W_11f0bb
1610,2025-10-23 17:20:10,25.5,45.8,Pico W_11f0bb
1611,2025-10-23 17:20:32,25.4,45.9,Pico W_11f0bb
1612,2025-10-23 17:20:54,25.4,46.1,Pico W_11f0bb
1613,2025-10-23 17:21:17,25.2,46.1,Pico W_11f0bb
1614,2025-10-23 17:21:39,25.1,46.3,Pico W_11f0bb
1615,2025-10-23 17:22:02,25.1,46.5,Pico W_11f0bb
1616,2025-10-23 17:22:24,25.1,46.6,Pico W_11f0bb
1617,2025-10-23 17:22:46,25.0,46.7,Pico W_11f0bb
1618,2025-10-23 17:23:09,25.0,47.0,Pico W_11f0bb
1619,2025-10-23 17:23:31,25.0,47.0,Pico W_11f0bb
1620,2025-10-23 17:23:53,25.0,47.0,Pico W_11f0bb
1621,2025-10-23 17:24:16,25.1,47.1,Pico W_11f0bb
1622,2025-10-23 17:24:38,25.1,47.0,Pico W_11f0bb
1623,2025-10-23 17:25:00,25.2,47.0,Pico W_11f0bb
1624,2025-10-23 17:25:23,25.2,46.9,Pico W_11f0bb
1625,2025-10-23 17:25:45,25.2,46.9,Pico W_11f0bb
1626,2025-10-23 17:26:07,25.2,46.9,Pico W_11f0bb
1627,2025-10-23 17:26:30,25.1,47.0,Pico W_11f0bb
1628,2025-10-23 17:26:52,25.0,47.2,Pico W_11f0bb
1629,2025-10-23 17:27:14,25.0,47.3,Pico W_11f0bb
1630,2025-10-23 17:27:37,25.0,47.2,Pico W_11f0bb
1631,2025-10-23 17:27:59,24.8,47.4,Pico W_11f0bb
1632,2025-10-23 17:28:21,24.6,47.7,Pico W_11f0bb
1633,2025-10-23 17:28:44,24.5,47.8,Pico W_11f0bb
1634,2025-10-23 17:29:06,24.5,47.8,Pico W_11f0bb
1635,2025-10-23 17:29:28,24.4,48.2,Pico W_11f0bb
1636,2025-10-23 17:29:51,24.4,48.2,Pico W_11f0bb
1637,2025-10-23 17:30:13,24.4,48.3,Pico W_11f0bb
1638,2025-10-23 17:30:35,24.4,48.4,Pico W_11f0bb
1639,2025-10-23 17:30:58,24.3,48.5,Pico W_11f0bb
1640,2025-10-23 17:31:20,24.2,48.6,Pico W_11f0bb
1641,2025-10-23 17:31:42,24.2,48.7,Pico W_11f0bb
1642,2025-10-23 17:32:05,24.3,48.8,Pico W_11f0bb
1643,2025-10-23 17:32:27,24.4,48.7,Pico W_11f0bb
1644,2025-10-23 17:32:49,24.5,48.7,Pico W_11f0bb
1645,2025-10-23 17:33:12,24.5,48.5,Pico W_11f0bb
1646,2025-10-23 17:33:34,24.2,48.5,Pico W_11f0bb
1647,2025-10-23 17:33:57,24.1,48.9,Pico W_11f0bb
1648,2025-10-23 17:34:19,24.1,49.0,Pico W_11f0bb
1649,2025-10-23 17:34:41,24.2,49.1,Pico W_11f0bb
1650,2025-10-23 17:35:04,24.2,49.1,Pico W_11f0bb
1651,2025-10-23 17:35:26,24.2,49.1,Pico W_11f0bb
1652,2025-10-23 17:35:48,24.2,49.2,Pico W_11f0bb
1653,2025-10-23 17:36:11,24.3,49.2,Pico W_11f0bb
1654,2025-10-23 17:36:33,24.3,49.1,Pico W_11f0bb
1655,2025-10-23 17:36:55,24.3,48.9,Pico W_11f0bb
1656,2025-10-23 17:37:18,24.1,49.0,Pico W_11f0bb
1657,2025-10-23 17:37:40,24.0,49.3,Pico W_11f0bb
1658,2025-10-23 17:38:02,24.0,49.4,Pico W_11f0bb
1659,2025-10-23 17:38:25,23.9,49.5,Pico W_11f0bb
1660,2025-10-23 17:38:47,23.9,49.6,Pico W_11f0bb
1661,2025-10-23 17:39:09,23.9,49.5,Pico W_11f0bb
1662,2025-10-23 17:39:32,23.9,49.7,Pico W_11f0bb
1663,2025-10-23 17:39:54,23.9,49.8,Pico W_11f0bb
1664,2025-10-23 17:40:16,23.9,49.7,Pico W_11f0bb
1665,2025-10-23 17:40:39,23.9,49.7,Pico W_11f0bb
1666,2025-10-23 17:41:01,23.9,49.7,Pico W_11f0bb
1667,2025-10-23 17:41:23,23.9,49.7,Pico W_11f0bb
1668,2025-10-23 17:41:46,23.9,49.7,Pico W_11f0bb
1669,2025-10-23 17:42:08,23.9,49.8,Pico W_11f0bb
1670,2025-10-23 17:42:30,23.8,49.9,Pico W_11f0bb
1671,2025-10-23 17:42:53,23.8,49.9,Pico W_11f0bb
1672,2025-10-23 17:43:15,23.8,50.0,Pico W_11f0bb
1673,2025-10-23 17:43:37,23.8,49.9,Pico W_11f0bb
1674,2025-10-23 17:44:00,23.8,50.0,Pico W_11f0bb
1675,2025-10-23 17:44:22,23.8,50.0,Pico W_11f0bb
1676,2025-10-23 17:44:44,23.8,50.0,Pico W_11f0bb
1677,2025-10-23 17:45:07,23.8,50.0,Pico W_11f0bb
1678,2025-10-23 17:45:29,23.6,50.1,Pico W_11f0bb
1679,2025-10-23 17:45:52,23.6,50.2,Pico W_11f0bb
1680,2025-10-23 17:46:14,23.5,50.4,Pico W_11f0bb
1681,2025-10-23 17:46:36,23.5,50.4,Pico W_11f0bb
1682,2025-10-23 17:46:59,23.4,50.5,Pico W_11f0bb
1683,2025-10-23 17:47:21,23.3,50.6,Pico W_11f0bb
1684,2025-10-23 17:47:43,23.4,50.7,Pico W_11f0bb
1685,2025-10-23 17:48:06,23.4,50.6,Pico W_11f0bb
1686,2025-10-23 17:48:28,23.4,50.6,Pico W_11f0bb
1687,2025-10-23 17:48:50,23.4,50.6,Pico W_11f0bb
1688,2025-10-23 17:49:13,23.3,50.6,Pico W_11f0bb
1689,2025-10-23 17:49:35,23.4,50.9,Pico W_11f0bb
1690,2025-10-23 17:49:57,23.4,50.8,Pico W_11f0bb
1691,2025-10-23 17:50:20,23.4,50.7,Pico W_11f0bb
1692,2025-10-23 17:50:42,23.4,50.7,Pico W_11f0bb
1693,2025-10-23 17:51:04,23.3,50.7,Pico W_11f0bb
1694,2025-10-23 17:51:27,23.2,51.0,Pico W_11f0bb
1695,2025-10-23 17:51:49,23.2,51.1,Pico W_11f0bb
1696,2025-10-23 17:52:11,23.2,51.1,Pico W_11f0bb
1697,2025-10-23 17:52:34,23.2,51.2,Pico W_11f0bb
1698,2025-10-23 17:52:56,23.2,51.2,Pico W_11f0bb
1699,2025-10-23 17:53:18,23.3,51.1,Pico W_11f0bb
1700,2025-10-23 17:53:41,23.3,51.1,Pico W_11f0bb
1701,2025-10-23 17:54:03,23.3,51.1,Pico W_11f0bb
1702,2025-10-23 17:54:25,23.3,50.9,Pico W_11f0bb
1703,2025-10-23 17:54:48,23.3,51.0,Pico W_11f0bb
1704,2025-10-23 17:55:10,23.2,51.1,Pico W_11f0bb
1705,2025-10-23 17:55:32,23.1,51.1,Pico W_11f0bb
1706,2025-10-23 17:55:55,23.1,51.2,Pico W_11f0bb
1707,2025-10-23 17:56:17,23.1,51.3,Pico W_11f0bb
1708,2025-10-23 17:56:39,23.1,51.6,Pico W_11f0bb
1709,2025-10-23 17:57:02,23.1,51.5,Pico W_11f0bb
1710,2025-10-23 17:57:24,23.0,51.6,Pico W_11f0bb
1711,2025-10-23 17:57:47,23.0,51.7,Pico W_11f0bb
1712,2025-10-23 17:58:09,22.9,51.7,Pico W_11f0bb
1713,2025-10-23 17:58:31,22.9,51.8,Pico W_11f0bb
1714,2025-10-23 17:58:54,22.9,51.9,Pico W_11f0bb
1715,2025-10-23 17:59:16,22.9,51.9,Pico W_11f0bb
1716,2025-10-23 17:59:38,22.9,51.9,Pico W_11f0bb
1717,2025-10-23 18:00:01,22.9,52.0,Pico W_11f0bb
1718,2025-10-23 18:00:23,22.9,51.9,Pico W_11f0bb
1719,2025-10-23 18:00:45,22.9,52.0,Pico W_11f0bb
1720,2025-10-23 18:01:08,23.0,51.9,Pico W_11f0bb
1721,2025-10-23 18:01:30,23.0,51.9,Pico W_11f0bb
1722,2025-10-23 18:01:52,23.0,51.8,Pico W_11f0bb
1723,2025-10-23 18:02:15,23.1,51.8,Pico W_11f0bb
1724,2025-10-23 18:02:37,23.1,51.7,Pico W_11f0bb
1725,2025-10-23 18:02:59,23.1,51.5,Pico W_11f0bb
1726,2025-10-23 18:03:22,23.0,51.7,Pico W_11f0bb
1727,2025-10-23 18:03:44,23.0,51.7,Pico W_11f0bb
1728,2025-10-23 18:04:06,23.1,51.7,Pico W_11f0bb
1729,2025-10-23 18:04:29,23.1,51.6,Pico W_11f0bb
1730,2025-10-23 18:04:51,23.2,51.7,Pico W_11f0bb
1731,2025-10-23 18:05:13,23.2,51.7,Pico W_11f0bb
1732,2025-10-23 18:05:36,23.2,51.6,Pico W_11f0bb
1733,2025-10-23 18:05:58,23.2,51.5,Pico W_11f0bb
1734,2025-10-23 18:06:20,23.1,51.7,Pico W_11f0bb
1735,2025-10-23 18:06:43,23.0,51.6,Pico W_11f0bb
1736,2025-10-23 18:07:05,23.1,51.7,Pico W_11f0bb
1737,2025-10-23 18:07:27,23.0,51.6,Pico W_11f0bb
1738,2025-10-23 18:07:50,22.9,51.7,Pico W_11f0bb
1739,2025-10-23 18:08:12,22.9,51.8,Pico W_11f0bb
1740,2025-10-23 18:08:34,22.9,52.0,Pico W_11f0bb
1741,2025-10-23 18:08:57,22.9,52.0,Pico W_11f0bb
1742,2025-10-23 18:09:19,22.9,52.2,Pico W_11f0bb
1743,2025-10-23 18:09:41,22.9,52.1,Pico W_11f0bb
1744,2025-10-23 18:10:04,22.8,52.1,Pico W_11f0bb
1745,2025-10-23 18:10:26,22.7,52.1,Pico W_11f0bb
1746,2025-10-23 18:10:49,22.6,52.3,Pico W_11f0bb
1747,2025-10-23 18:11:11,22.6,52.6,Pico W_11f0bb
1748,2025-10-23 18:11:33,22.6,52.5,Pico W_11f0bb
1749,2025-10-23 18:11:56,22.6,52.6,Pico W_11f0bb
1750,2025-10-23 18:12:18,22.7,52.6,Pico W_11f0bb
1751,2025-10-23 18:12:40,22.7,52.6,Pico W_11f0bb
1752,2025-10-23 18:13:03,22.6,52.5,Pico W_11f0bb
1753,2025-10-23 18:13:25,22.6,52.6,Pico W_11f0bb
1754,2025-10-23 18:13:47,22.7,52.7,Pico W_11f0bb
1755,2025-10-23 18:14:10,22.6,52.5,Pico W_11f0bb
1756,2025-10-23 18:14:32,22.6,52.6,Pico W_11f0bb
1757,2025-10-23 18:14:54,22.5,52.6,Pico W_11f0bb
1758,2025-10-23 18:15:17,22.5,52.8,Pico W_11f0bb
1759,2025-10-23 18:15:39,22.4,52.7,Pico W_11f0bb
1760,2025-10-23 18:16:01,22.4,52.8,Pico W_11f0bb
1761,2025-10-23 18:16:24,22.3,53.0,Pico W_11f0bb
1762,2025-10-23 18:16:46,22.3,53.1,Pico W_11f0bb
1763,2025-10-23 18:17:08,22.3,53.3,Pico W_11f0bb
1764,2025-10-23 18:17:31,22.3,53.3,Pico W_11f0bb
1765,2025-10-23 18:17:53,22.4,53.2,Pico W_11f0bb
1766,2025-10-23 18:18:15,22.4,53.0,Pico W_11f0bb
1767,2025-10-23 18:18:38,22.4,52.9,Pico W_11f0bb
1768,2025-10-23 18:19:00,22.4,52.9,Pico W_11f0bb
1769,2025-10-23 18:19:22,22.3,52.9,Pico W_11f0bb
1770,2025-10-23 18:19:45,22.3,53.1,Pico W_11f0bb
1771,2025-10-23 18:20:07,22.3,53.0,Pico W_11f0bb
1772,2025-10-23 18:20:29,22.3,52.9,Pico W_11f0bb
1773,2025-10-23 18:20:52,22.3,53.0,Pico W_11f0bb
1774,2025-10-23 18:21:14,22.3,52.9,Pico W_11f0bb
1775,2025-10-23 18:21:36,22.2,53.1,Pico W_11f0bb
1776,2025-10-23 18:21:59,22.1,53.1,Pico W_11f0bb
1777,2025-10-23 18:22:21,22.1,53.2,Pico W_11f0bb
1778,2025-10-23 18:22:43,22.1,53.4,Pico W_11f0bb
1779,2025-10-23 18:23:06,22.1,53.3,Pico W_11f0bb
1780,2025-10-23 18:23:28,22.1,53.4,Pico W_11f0bb
1781,2025-10-23 18:23:51,22.1,53.3,Pico W_11f0bb
1782,2025-10-23 18:24:13,22.0,53.4,Pico W_11f0bb
1783,2025-10-23 18:24:35,22.0,53.3,Pico W_11f0bb
1784,2025-10-23 18:24:58,22.0,53.3,Pico W_11f0bb
1785,2025-10-23 18:25:20,22.0,53.4,Pico W_11f0bb
1786,2025-10-23 18:25:42,21.9,53.4,Pico W_11f0bb
1787,2025-10-23 18:26:05,21.9,53.4,Pico W_11f0bb
1788,2025-10-23 18:26:27,21.9,53.4,Pico W_11f0bb
1789,2025-10-23 18:26:49,22.0,53.6,Pico W_11f0bb
1790,2025-10-23 18:27:12,22.0,53.3,Pico W_11f0bb
1791,2025-10-23 18:27:34,21.9,53.2,Pico W_11f0bb
1792,2025-10-23 18:27:56,21.9,53.2,Pico W_11f0bb
1793,2025-10-23 18:28:19,21.9,53.3,Pico W_11f0bb
1794,2025-10-23 18:28:41,22.0,53.3,Pico W_11f0bb
1795,2025-10-23 18:29:03,22.0,53.2,Pico W_11f0bb
1796,2025-10-23 18:29:26,21.9,53.1,Pico W_11f0bb
1797,2025-10-23 18:29:48,21.8,53.1,Pico W_11f0bb
1798,2025-10-23 18:30:10,21.8,53.2,Pico W_11f0bb
1799,2025-10-23 18:30:33,21.7,53.3,Pico W_11f0bb
1800,2025-10-23 18:30:55,21.7,53.4,Pico W_11f0bb
1801,2025-10-23 18:31:17,21.6,53.5,Pico W_11f0bb
1802,2025-10-23 18:31:40,21.6,53.7,Pico W_11f0bb
1803,2025-10-23 18:32:02,21.6,53.7,Pico W_11f0bb
1804,2025-10-23 18:32:24,21.7,53.7,Pico W_11f0bb
1805,2025-10-23 18:32:47,21.7,53.6,Pico W_11f0bb
1806,2025-10-23 18:33:09,21.6,53.6,Pico W_11f0bb
1807,2025-10-23 18:33:31,21.6,53.6,Pico W_11f0bb
1808,2025-10-23 18:33:54,21.6,53.5,Pico W_11f0bb
1809,2025-10-23 18:34:16,21.6,53.5,Pico W_11f0bb
1810,2025-10-23 18:34:38,21.6,53.6,Pico W_11f0bb
1811,2025-10-23 18:35:01,21.6,53.7,Pico W_11f0bb
1812,2025-10-23 18:35:23,21.6,53.6,Pico W_11f0bb
1813,2025-10-23 18:35:46,21.6,53.7,Pico W_11f0bb
1814,2025-10-23 18:36:08,21.6,53.5,Pico W_11f0bb
1815,2025-10-23 18:36:30,21.5,53.6,Pico W_11f0bb
1816,2025-10-23 18:36:53,21.5,53.7,Pico W_11f0bb
1817,2025-10-23 18:37:15,21.5,53.8,Pico W_11f0bb
