Leitura;Data;Temperatura C;Umidade %;Dispositivo
1;22/10/2025 11:15;22.4;40.4;Pico W_11f0bb
2;22/10/2025 11:15;22.4;36.8;Pico W_11f0bb
3;22/10/2025 11:15;22.4;32.3;Pico W_11f0bb
4;22/10/2025 11:16;22.4;31.8;Pico W_11f0bb
5;22/10/2025 11:16;22.4;32.9;Pico W_11f0bb
9;22/10/2025 11:18;23.2;34.6;Pico W_11f0bb
1;31/12/2020 21:00;23.3;35;Pico W_11f0bb
1;31/12/2020 21:00;23.7;33.2;Pico W_11f0bb
1;22/10/2025 11:19;24;31.2;Pico W_11f0bb
2;22/10/2025 11:20;24;31.2;Pico W_11f0bb
3;22/10/2025 11:20;24;31.4;Pico W_11f0bb
4;22/10/2025 11:20;24;29.9;Pico W_11f0bb
5;22/10/2025 11:21;23.9;30.3;Pico W_11f0bb
6;22/10/2025 11:21;23.9;30.6;Pico W_11f0bb
7;22/10/2025 11:22;24;30.3;Pico W_11f0bb
8;22/10/2025 11:22;23.9;29.9;Pico W_11f0bb
9;22/10/2025 11:22;23.9;30.1;Pico W_11f0bb
10;22/10/2025 11:23;23.8;30;Pico W_11f0bb
11;22/10/2025 11:23;23.7;30.1;Pico W_11f0bb
12;22/10/2025 11:23;23.7;31;Pico W_11f0bb
13;22/10/2025 11:24;23.7;30.8;Pico W_11f0bb
14;22/10/2025 11:24;23.7;31.2;Pico W_11f0bb
15;22/10/2025 11:24;23.7;31;Pico W_11f0bb
16;22/10/2025 11:25;23.7;31.8;Pico W_11f0bb
17;22/10/2025 11:25;23.8;31.4;Pico W_11f0bb
18;22/10/2025 11:26;23.8;31.3;Pico W_11f0bb
19;22/10/2025 11:26;24;31.4;Pico W_11f0bb
20;22/10/2025 11:26;24.1;30;Pico W_11f0bb
21;22/10/2025 11:27;24.1;29.7;Pico W_11f0bb
22;22/10/2025 11:27;24.2;29.6;Pico W_11f0bb
23;22/10/2025 11:27;24.1;29;Pico W_11f0bb
24;22/10/2025 11:28;24;29;Pico W_11f0bb
25;22/10/2025 11:28;24;29;Pico W_11f0bb
26;22/10/2025 11:29;23.9;28.7;Pico W_11f0bb
27;22/10/2025 11:29;24;29.4;Pico W_11f0bb
28;22/10/2025 11:29;24;28.9;Pico W_11f0bb
29;22/10/2025 11:30;24;29.2;Pico W_11f0bb
30;22/10/2025 11:30;24;28.5;Pico W_11f0bb
31;22/10/2025 11:30;24;28.7;Pico W_11f0bb
32;22/10/2025 11:31;24.1;29;Pico W_11f0bb
33;22/10/2025 11:31;24.2;29;Pico W_11f0bb
34;22/10/2025 11:32;24.2;28.7;Pico W_11f0bb
35;22/10/2025 11:32;24.2;29;Pico W_11f0bb
36;22/10/2025 11:32;24.2;28.7;Pico W_11f0bb
37;22/10/2025 11:33;24.2;28.2;Pico W_11f0bb
38;22/10/2025 11:33;24.2;27.9;Pico W_11f0bb
39;22/10/2025 11:33;24.2;28;Pico W_11f0bb
40;22/10/2025 11:34;24.1;28;Pico W_11f0bb
41;22/10/2025 11:34;24.1;27.9;Pico W_11f0bb
42;22/10/2025 11:35;24.1;28.2;Pico W_11f0bb
43;22/10/2025 11:35;24.2;28.5;Pico W_11f0bb
44;22/10/2025 11:35;24.2;29.1;Pico W_11f0bb
45;22/10/2025 11:36;24.4;29.4;Pico W_11f0bb
46;22/10/2025 11:36;24.3;30.5;Pico W_11f0bb
47;22/10/2025 11:36;24.2;33.9;Pico W_11f0bb
48;22/10/2025 11:37;24.2;36;Pico W_11f0bb
49;22/10/2025 11:37;24.2;36.8;Pico W_11f0bb
50;22/10/2025 11:38;24.2;36.1;Pico W_11f0bb
51;22/10/2025 11:38;24.3;36.1;Pico W_11f0bb
52;22/10/2025 11:38;24.4;36.1;Pico W_11f0bb
53;22/10/2025 11:39;24.4;36;Pico W_11f0bb
54;22/10/2025 11:39;24.6;36;Pico W_11f0bb
55;22/10/2025 11:39;24.7;36.1;Pico W_11f0bb
56;22/10/2025 11:40;24.8;36.2;Pico W_11f0bb
57;22/10/2025 11:40;24.9;36.3;Pico W_11f0bb
58;22/10/2025 11:40;25;33.7;Pico W_11f0bb
59;22/10/2025 11:41;25.4;28.6;Pico W_11f0bb
60;22/10/2025 11:41;26.1;28.1;Pico W_11f0bb
61;22/10/2025 11:42;26.7;28.1;Pico W_11f0bb
62;22/10/2025 11:42;28.3;26.4;Pico W_11f0bb
63;22/10/2025 11:42;29.5;26.1;Pico W_11f0bb
64;22/10/2025 11:43;30.6;25.4;Pico W_11f0bb
65;22/10/2025 11:43;31.4;22.8;Pico W_11f0bb
66;22/10/2025 11:43;31.7;21.4;Pico W_11f0bb
67;22/10/2025 11:44;32.1;20.9;Pico W_11f0bb
68;22/10/2025 11:44;32.5;21.2;Pico W_11f0bb
69;22/10/2025 11:45;32.9;21;Pico W_11f0bb
70;22/10/2025 11:45;33.2;20;Pico W_11f0bb
71;22/10/2025 11:45;33.1;19.6;Pico W_11f0bb
72;22/10/2025 11:46;32.8;18.9;Pico W_11f0bb
73;22/10/2025 11:46;32.3;19;Pico W_11f0bb
74;22/10/2025 11:46;32;19;Pico W_11f0bb
75;22/10/2025 11:47;32.2;19.6;Pico W_11f0bb
76;22/10/2025 11:47;32.7;19.4;Pico W_11f0bb
77;22/10/2025 11:48;33.1;19.3;Pico W_11f0bb
78;22/10/2025 11:48;32.3;19.1;Pico W_11f0bb
79;22/10/2025 11:48;32.1;19.8;Pico W_11f0bb
80;22/10/2025 11:49;32.1;20.1;Pico W_11f0bb
81;22/10/2025 11:49;32.5;20.5;Pico W_11f0bb
82;22/10/2025 11:49;33;20.1;Pico W_11f0bb
83;22/10/2025 11:50;33.3;20;Pico W_11f0bb
84;22/10/2025 11:50;33.8;19.6;Pico W_11f0bb
85;22/10/2025 11:51;34;19.6;Pico W_11f0bb
86;22/10/2025 11:51;34.2;19.7;Pico W_11f0bb
87;22/10/2025 11:51;34.3;20;Pico W_11f0bb
88;22/10/2025 11:52;34.5;19.8;Pico W_11f0bb
89;22/10/2025 11:52;34.6;20;Pico W_11f0bb
90;22/10/2025 11:52;34.9;19.7;Pico W_11f0bb
91;22/10/2025 11:53;35.3;19.8;Pico W_11f0bb
92;22/10/2025 11:53;35.3;19.3;Pico W_11f0bb
93;22/10/2025 11:54;34.7;19.3;Pico W_11f0bb
94;22/10/2025 11:54;34.4;19.7;Pico W_11f0bb
95;22/10/2025 11:54;34;19.5;Pico W_11f0bb
96;22/10/2025 11:55;33.7;20;Pico W_11f0bb
97;22/10/2025 11:55;34;20.2;Pico W_11f0bb
98;22/10/2025 11:55;33.8;20.1;Pico W_11f0bb
99;22/10/2025 11:56;34.1;20;Pico W_11f0bb
100;22/10/2025 11:56;34.7;19.9;Pico W_11f0bb
101;22/10/2025 11:57;35.2;19.5;Pico W_11f0bb
102;22/10/2025 11:57;35.1;19.4;Pico W_11f0bb
103;22/10/2025 11:57;34.8;19.3;Pico W_11f0bb
104;22/10/2025 11:58;34.7;19.4;Pico W_11f0bb
105;22/10/2025 11:58;34.1;19.7;Pico W_11f0bb
106;22/10/2025 11:58;34.2;20;Pico W_11f0bb
107;22/10/2025 11:59;34.6;20.8;Pico W_11f0bb
108;22/10/2025 11:59;34.9;19.5;Pico W_11f0bb
109;22/10/2025 11:59;34.7;19;Pico W_11f0bb
110;22/10/2025 12:00;34.5;19;Pico W_11f0bb
111;22/10/2025 12:00;34.3;18.9;Pico W_11f0bb
112;22/10/2025 12:01;34.1;18.8;Pico W_11f0bb
113;22/10/2025 12:01;34;18.8;Pico W_11f0bb
114;22/10/2025 12:01;34.1;18.9;Pico W_11f0bb
115;22/10/2025 12:02;34.1;19;Pico W_11f0bb
116;22/10/2025 12:02;34.1;18.2;Pico W_11f0bb
117;22/10/2025 12:02;34;18.3;Pico W_11f0bb
118;22/10/2025 12:03;34.1;18.4;Pico W_11f0bb
119;22/10/2025 12:03;34.2;18.6;Pico W_11f0bb
120;22/10/2025 12:04;34.1;18.2;Pico W_11f0bb
121;22/10/2025 12:04;33.9;17.4;Pico W_11f0bb
122;22/10/2025 12:04;33.8;17.3;Pico W_11f0bb
123;22/10/2025 12:05;33.6;17.6;Pico W_11f0bb
124;22/10/2025 12:05;33.8;18;Pico W_11f0bb
125;22/10/2025 12:05;33.9;18.1;Pico W_11f0bb
126;22/10/2025 12:06;33.9;18.3;Pico W_11f0bb
127;22/10/2025 12:06;34;18.4;Pico W_11f0bb
128;22/10/2025 12:07;34.2;18.4;Pico W_11f0bb
129;22/10/2025 12:07;34.4;18.5;Pico W_11f0bb
130;22/10/2025 12:07;34.9;18.5;Pico W_11f0bb
131;22/10/2025 12:08;35.2;17.8;Pico W_11f0bb
132;22/10/2025 12:08;35.2;17.7;Pico W_11f0bb
133;22/10/2025 12:08;35.7;17.8;Pico W_11f0bb
134;22/10/2025 12:09;36.1;17.7;Pico W_11f0bb
135;22/10/2025 12:09;36.2;17.9;Pico W_11f0bb
136;22/10/2025 12:10;36.3;17.9;Pico W_11f0bb
137;22/10/2025 12:10;36.6;18.3;Pico W_11f0bb
138;22/10/2025 12:10;36.9;18.3;Pico W_11f0bb
139;22/10/2025 12:11;37.1;18.1;Pico W_11f0bb
140;22/10/2025 12:11;36.7;17.9;Pico W_11f0bb
141;22/10/2025 12:11;36;17.7;Pico W_11f0bb
142;22/10/2025 12:12;36.1;17.8;Pico W_11f0bb
143;22/10/2025 12:12;35.9;18;Pico W_11f0bb
144;22/10/2025 12:13;35.6;17.7;Pico W_11f0bb
145;22/10/2025 12:13;35.1;18.1;Pico W_11f0bb
146;22/10/2025 12:13;34.4;18.3;Pico W_11f0bb
147;22/10/2025 12:14;33.7;18.3;Pico W_11f0bb
148;22/10/2025 12:14;33;18.5;Pico W_11f0bb
149;22/10/2025 12:14;32.8;19.3;Pico W_11f0bb
150;22/10/2025 12:15;32.8;19.4;Pico W_11f0bb
151;22/10/2025 12:15;32.8;19.5;Pico W_11f0bb
152;22/10/2025 12:15;33;19.3;Pico W_11f0bb
153;22/10/2025 12:16;33.4;19.1;Pico W_11f0bb
154;22/10/2025 12:16;33.6;19;Pico W_11f0bb
155;22/10/2025 12:17;33.8;18.7;Pico W_11f0bb
156;22/10/2025 12:17;33.5;18.7;Pico W_11f0bb
157;22/10/2025 12:17;33.4;19.2;Pico W_11f0bb
158;22/10/2025 12:18;33.7;19.3;Pico W_11f0bb
159;22/10/2025 12:18;33.9;19.5;Pico W_11f0bb
160;22/10/2025 12:18;34.5;20.1;Pico W_11f0bb
161;22/10/2025 12:19;34.7;19.6;Pico W_11f0bb
162;22/10/2025 12:19;34.8;19.3;Pico W_11f0bb
163;22/10/2025 12:20;34.6;19.4;Pico W_11f0bb
164;22/10/2025 12:20;34.4;19.4;Pico W_11f0bb
165;22/10/2025 12:20;34.2;19.6;Pico W_11f0bb
166;22/10/2025 12:21;34.4;20.1;Pico W_11f0bb
167;22/10/2025 12:21;34.4;19.4;Pico W_11f0bb
168;22/10/2025 12:21;34.2;18.9;Pico W_11f0bb
169;22/10/2025 12:22;34;18.9;Pico W_11f0bb
170;22/10/2025 12:22;33.9;19.1;Pico W_11f0bb
171;22/10/2025 12:23;33.8;19;Pico W_11f0bb
172;22/10/2025 12:23;33.8;18.8;Pico W_11f0bb
173;22/10/2025 12:23;33.7;18.8;Pico W_11f0bb
174;22/10/2025 12:24;33.7;19.3;Pico W_11f0bb
175;22/10/2025 12:24;34.2;19.2;Pico W_11f0bb
176;22/10/2025 12:24;34.6;18.8;Pico W_11f0bb
177;22/10/2025 12:25;34.7;18.5;Pico W_11f0bb
178;22/10/2025 12:25;34.5;18.2;Pico W_11f0bb
179;22/10/2025 12:26;34.6;18.4;Pico W_11f0bb
180;22/10/2025 12:26;34.9;18.8;Pico W_11f0bb
181;22/10/2025 12:26;35.3;19;Pico W_11f0bb
182;22/10/2025 12:27;35.2;18.1;Pico W_11f0bb
183;22/10/2025 12:27;35.2;17.7;Pico W_11f0bb
184;22/10/2025 12:27;35.2;17.9;Pico W_11f0bb
185;22/10/2025 12:28;35.2;18;Pico W_11f0bb
186;22/10/2025 12:28;34.9;18.2;Pico W_11f0bb
187;22/10/2025 12:29;33.9;18.7;Pico W_11f0bb
188;22/10/2025 12:29;33.6;19.6;Pico W_11f0bb
189;22/10/2025 12:29;33.4;19.9;Pico W_11f0bb
190;22/10/2025 12:30;33.4;19.9;Pico W_11f0bb
191;22/10/2025 12:30;33.5;20;Pico W_11f0bb
192;22/10/2025 12:30;33.6;19.8;Pico W_11f0bb
193;22/10/2025 12:31;33.6;19.9;Pico W_11f0bb
194;22/10/2025 12:31;33.5;20.1;Pico W_11f0bb
195;22/10/2025 12:31;33.7;19.5;Pico W_11f0bb
196;22/10/2025 12:32;34.1;19.4;Pico W_11f0bb
197;22/10/2025 12:32;34.4;19.5;Pico W_11f0bb
198;22/10/2025 12:33;34.5;19.4;Pico W_11f0bb
199;22/10/2025 12:33;34.4;19.3;Pico W_11f0bb
200;22/10/2025 12:33;33.6;19.4;Pico W_11f0bb
201;22/10/2025 12:34;33.1;20;Pico W_11f0bb
202;22/10/2025 12:34;33.1;20.4;Pico W_11f0bb
203;22/10/2025 12:34;33.4;20.4;Pico W_11f0bb
204;22/10/2025 12:35;33.7;20;Pico W_11f0bb
205;22/10/2025 12:35;33.8;19.8;Pico W_11f0bb
206;22/10/2025 12:36;34.1;20.1;Pico W_11f0bb
207;22/10/2025 12:36;34.3;20;Pico W_11f0bb
208;22/10/2025 12:36;34.2;19.7;Pico W_11f0bb
209;22/10/2025 12:37;34.2;19.9;Pico W_11f0bb
210;22/10/2025 12:37;34.1;20.4;Pico W_11f0bb
211;22/10/2025 12:37;34.1;20.8;Pico W_11f0bb
212;22/10/2025 12:38;34.1;20.5;Pico W_11f0bb
213;22/10/2025 12:38;33.9;20;Pico W_11f0bb
214;22/10/2025 12:39;33.8;19.7;Pico W_11f0bb
215;22/10/2025 12:39;33.5;20.1;Pico W_11f0bb
216;22/10/2025 12:39;33.6;20.1;Pico W_11f0bb
217;22/10/2025 12:40;33.5;20.1;Pico W_11f0bb
218;22/10/2025 12:40;33.6;20.1;Pico W_11f0bb
219;22/10/2025 12:40;33.4;19.9;Pico W_11f0bb
220;22/10/2025 12:41;33.6;19.9;Pico W_11f0bb
221;22/10/2025 12:41;34.1;19.9;Pico W_11f0bb
222;22/10/2025 12:42;34.4;19.9;Pico W_11f0bb
223;22/10/2025 12:42;34.5;19.4;Pico W_11f0bb
224;22/10/2025 12:42;34.3;19.4;Pico W_11f0bb
225;22/10/2025 12:43;34;19.2;Pico W_11f0bb
226;22/10/2025 12:43;33.1;19.3;Pico W_11f0bb
227;22/10/2025 12:43;33.1;20.3;Pico W_11f0bb
228;22/10/2025 12:44;33;20.3;Pico W_11f0bb
229;22/10/2025 12:44;33.3;20.4;Pico W_11f0bb
230;22/10/2025 12:45;33.1;20.6;Pico W_11f0bb
231;22/10/2025 12:45;32.9;20.6;Pico W_11f0bb
232;22/10/2025 12:45;32.6;20.6;Pico W_11f0bb
233;22/10/2025 12:46;32.3;20.8;Pico W_11f0bb
234;22/10/2025 12:46;32.1;21.4;Pico W_11f0bb
235;22/10/2025 12:46;32.1;21.7;Pico W_11f0bb
236;22/10/2025 12:47;32.1;21.5;Pico W_11f0bb
237;22/10/2025 12:47;31.9;21.7;Pico W_11f0bb
238;22/10/2025 12:48;32;21.6;Pico W_11f0bb
239;22/10/2025 12:48;32.1;21.5;Pico W_11f0bb
240;22/10/2025 12:48;32.1;21.1;Pico W_11f0bb
241;22/10/2025 12:49;32.6;21.1;Pico W_11f0bb
242;22/10/2025 12:49;32.9;21;Pico W_11f0bb
243;22/10/2025 12:49;33.4;20.8;Pico W_11f0bb
244;22/10/2025 12:50;33.5;20.7;Pico W_11f0bb
245;22/10/2025 12:50;33.7;20.6;Pico W_11f0bb
246;22/10/2025 12:50;34;20.7;Pico W_11f0bb
247;22/10/2025 12:51;33.6;20.6;Pico W_11f0bb
248;22/10/2025 12:51;33.2;20.6;Pico W_11f0bb
249;22/10/2025 12:52;32.8;20.6;Pico W_11f0bb
250;22/10/2025 12:52;32.5;20.8;Pico W_11f0bb
251;22/10/2025 12:52;32.7;20.7;Pico W_11f0bb
252;22/10/2025 12:53;32.8;20.8;Pico W_11f0bb
253;22/10/2025 12:53;32.9;20.9;Pico W_11f0bb
254;22/10/2025 12:53;33;20.5;Pico W_11f0bb
255;22/10/2025 12:54;33.2;20.6;Pico W_11f0bb
256;22/10/2025 12:54;32.9;20.6;Pico W_11f0bb
257;22/10/2025 12:55;32.8;20.7;Pico W_11f0bb
258;22/10/2025 12:55;32.7;21.3;Pico W_11f0bb
259;22/10/2025 12:55;32.7;21.1;Pico W_11f0bb
260;22/10/2025 12:56;33;21.4;Pico W_11f0bb
261;22/10/2025 12:56;33.4;21.2;Pico W_11f0bb
262;22/10/2025 12:56;33.7;20.6;Pico W_11f0bb
263;22/10/2025 12:57;33.7;20.3;Pico W_11f0bb
264;22/10/2025 12:57;33.4;20.3;Pico W_11f0bb
265;22/10/2025 12:58;32.9;20.5;Pico W_11f0bb
266;22/10/2025 12:58;32.4;20.6;Pico W_11f0bb
267;22/10/2025 12:58;32.2;21.1;Pico W_11f0bb
268;22/10/2025 12:59;32.6;21.2;Pico W_11f0bb
269;22/10/2025 12:59;33.3;21;Pico W_11f0bb
270;22/10/2025 12:59;34;20.9;Pico W_11f0bb
271;22/10/2025 13:00;34.4;20.4;Pico W_11f0bb
272;22/10/2025 13:00;34.4;20;Pico W_11f0bb
273;22/10/2025 13:01;34.5;20.5;Pico W_11f0bb
274;22/10/2025 13:01;34.9;20.2;Pico W_11f0bb
275;22/10/2025 13:01;34.8;20.1;Pico W_11f0bb
276;22/10/2025 13:02;34.8;19.8;Pico W_11f0bb
277;22/10/2025 13:02;34.9;19.7;Pico W_11f0bb
278;22/10/2025 13:02;34.9;19.8;Pico W_11f0bb
279;22/10/2025 13:03;34.9;19.7;Pico W_11f0bb
280;22/10/2025 13:03;35.1;19.3;Pico W_11f0bb
281;22/10/2025 13:04;35.4;19.3;Pico W_11f0bb
282;22/10/2025 13:04;35.4;19.4;Pico W_11f0bb
283;22/10/2025 13:04;35.6;20;Pico W_11f0bb
284;22/10/2025 13:05;36;19.8;Pico W_11f0bb
285;22/10/2025 13:05;36.2;20;Pico W_11f0bb
286;22/10/2025 13:05;36.3;19.2;Pico W_11f0bb
287;22/10/2025 13:06;35.7;18.8;Pico W_11f0bb
288;22/10/2025 13:06;35.2;19.3;Pico W_11f0bb
289;22/10/2025 13:06;35.2;19.6;Pico W_11f0bb
290;22/10/2025 13:07;34.8;19.6;Pico W_11f0bb
291;22/10/2025 13:07;34.7;20;Pico W_11f0bb
292;22/10/2025 13:08;34.9;20;Pico W_11f0bb
293;22/10/2025 13:08;35.3;19.8;Pico W_11f0bb
294;22/10/2025 13:08;35.7;19.2;Pico W_11f0bb
295;22/10/2025 13:09;36;19.1;Pico W_11f0bb
296;22/10/2025 13:09;35.7;18.8;Pico W_11f0bb
297;22/10/2025 13:09;35.1;18.1;Pico W_11f0bb
298;22/10/2025 13:10;34.6;18.2;Pico W_11f0bb
299;22/10/2025 13:10;34.6;18.5;Pico W_11f0bb
300;22/10/2025 13:11;34.7;18.6;Pico W_11f0bb
301;22/10/2025 13:11;34.4;18.7;Pico W_11f0bb
302;22/10/2025 13:11;33.7;19.2;Pico W_11f0bb
303;22/10/2025 13:12;33.5;19.6;Pico W_11f0bb
304;22/10/2025 13:12;33.6;19.9;Pico W_11f0bb
305;22/10/2025 13:12;33.4;20.1;Pico W_11f0bb
306;22/10/2025 13:13;33.7;20.2;Pico W_11f0bb
307;22/10/2025 13:13;33.8;20;Pico W_11f0bb
308;22/10/2025 13:14;34.2;20.6;Pico W_11f0bb
309;22/10/2025 13:14;34.4;20;Pico W_11f0bb
310;22/10/2025 13:14;34.5;19.8;Pico W_11f0bb
311;22/10/2025 13:15;34.4;19.9;Pico W_11f0bb
312;22/10/2025 13:15;34.4;19.8;Pico W_11f0bb
313;22/10/2025 13:15;34.6;19.8;Pico W_11f0bb
314;22/10/2025 13:16;34.6;19.3;Pico W_11f0bb
315;22/10/2025 13:16;34.6;19.3;Pico W_11f0bb
316;22/10/2025 13:17;34.5;19.7;Pico W_11f0bb
317;22/10/2025 13:17;34.5;19.6;Pico W_11f0bb
318;22/10/2025 13:17;34.4;19.6;Pico W_11f0bb
319;22/10/2025 13:18;34.5;19.6;Pico W_11f0bb
320;22/10/2025 13:18;34.7;19.3;Pico W_11f0bb
321;22/10/2025 13:18;34.6;19;Pico W_11f0bb
322;22/10/2025 13:19;34.5;19.3;Pico W_11f0bb
323;22/10/2025 13:19;34.5;19.6;Pico W_11f0bb
324;22/10/2025 13:20;34.4;19.6;Pico W_11f0bb
325;22/10/2025 13:20;34.3;19.4;Pico W_11f0bb
326;22/10/2025 13:20;34.2;19.5;Pico W_11f0bb
327;22/10/2025 13:21;34;19.4;Pico W_11f0bb
328;22/10/2025 13:21;33.8;19.5;Pico W_11f0bb
329;22/10/2025 13:21;33.8;19.9;Pico W_11f0bb
330;22/10/2025 13:22;33.8;19.8;Pico W_11f0bb
331;22/10/2025 13:22;34;19.9;Pico W_11f0bb
332;22/10/2025 13:22;34;20.1;Pico W_11f0bb
333;22/10/2025 13:23;34;20;Pico W_11f0bb
334;22/10/2025 13:23;34;19.7;Pico W_11f0bb
335;22/10/2025 13:24;34;20;Pico W_11f0bb
336;22/10/2025 13:24;34.2;19.6;Pico W_11f0bb
337;22/10/2025 13:24;34.2;19.4;Pico W_11f0bb
338;22/10/2025 13:25;33.9;19.7;Pico W_11f0bb
339;22/10/2025 13:25;34;19.8;Pico W_11f0bb
340;22/10/2025 13:25;34.1;19.6;Pico W_11f0bb
341;22/10/2025 13:26;34.1;19.5;Pico W_11f0bb
342;22/10/2025 13:26;33.9;20.1;Pico W_11f0bb
343;22/10/2025 13:27;33.9;19.7;Pico W_11f0bb
344;22/10/2025 13:27;33.7;19.9;Pico W_11f0bb
345;22/10/2025 13:27;33.9;19.9;Pico W_11f0bb
346;22/10/2025 13:28;33.7;19.9;Pico W_11f0bb
347;22/10/2025 13:28;33.7;20;Pico W_11f0bb
348;22/10/2025 13:28;33.1;20;Pico W_11f0bb
349;22/10/2025 13:29;32.6;20.3;Pico W_11f0bb
350;22/10/2025 13:29;32.1;20.9;Pico W_11f0bb
351;22/10/2025 13:30;32;21.5;Pico W_11f0bb
352;22/10/2025 13:30;31.9;21.2;Pico W_11f0bb
353;22/10/2025 13:30;31.8;21.5;Pico W_11f0bb
354;22/10/2025 13:31;31.6;21.6;Pico W_11f0bb
355;22/10/2025 13:31;31.5;22;Pico W_11f0bb
356;22/10/2025 13:31;31.5;22.5;Pico W_11f0bb
357;22/10/2025 13:32;31.5;22.5;Pico W_11f0bb
358;22/10/2025 13:32;31.5;22.5;Pico W_11f0bb
359;22/10/2025 13:33;31.6;22.3;Pico W_11f0bb
360;22/10/2025 13:33;31.1;22.4;Pico W_11f0bb
361;22/10/2025 13:33;30.7;22.6;Pico W_11f0bb
362;22/10/2025 13:34;30.5;23.1;Pico W_11f0bb
363;22/10/2025 13:34;30.3;23.3;Pico W_11f0bb
364;22/10/2025 13:34;30.3;23.2;Pico W_11f0bb
365;22/10/2025 13:35;29.9;23.1;Pico W_11f0bb
366;22/10/2025 13:35;29.6;23.5;Pico W_11f0bb
367;22/10/2025 13:36;29.5;23.1;Pico W_11f0bb
368;22/10/2025 13:36;29.4;23.2;Pico W_11f0bb
369;22/10/2025 13:36;29.2;23.4;Pico W_11f0bb
370;22/10/2025 13:37;29.2;23.7;Pico W_11f0bb
371;22/10/2025 13:37;29.1;24.5;Pico W_11f0bb
372;22/10/2025 13:37;28.9;24.9;Pico W_11f0bb
373;22/10/2025 13:38;28.7;24.6;Pico W_11f0bb
374;22/10/2025 13:38;28.4;24.7;Pico W_11f0bb
375;22/10/2025 13:39;28.2;25.2;Pico W_11f0bb
376;22/10/2025 13:39;28.3;25.6;Pico W_11f0bb
377;22/10/2025 13:39;28.4;25.5;Pico W_11f0bb
378;22/10/2025 13:40;28.4;25.8;Pico W_11f0bb
379;22/10/2025 13:40;28.5;26.1;Pico W_11f0bb
380;22/10/2025 13:40;28.6;26;Pico W_11f0bb
381;22/10/2025 13:41;28.7;25.5;Pico W_11f0bb
382;22/10/2025 13:41;28.7;25.2;Pico W_11f0bb
383;22/10/2025 13:41;28.7;25.8;Pico W_11f0bb
384;22/10/2025 13:42;28.8;25.5;Pico W_11f0bb
385;22/10/2025 13:42;28.8;25.6;Pico W_11f0bb
386;22/10/2025 13:43;28.9;25.7;Pico W_11f0bb
387;22/10/2025 13:43;28.8;25.5;Pico W_11f0bb
388;22/10/2025 13:43;28.8;25.5;Pico W_11f0bb
389;22/10/2025 13:44;28.7;25.4;Pico W_11f0bb
390;22/10/2025 13:44;28.5;25.5;Pico W_11f0bb
391;22/10/2025 13:44;28.5;25.6;Pico W_11f0bb
392;22/10/2025 13:45;28.5;25.7;Pico W_11f0bb
393;22/10/2025 13:45;28.6;25.6;Pico W_11f0bb
394;22/10/2025 13:46;28.7;26.1;Pico W_11f0bb
395;22/10/2025 13:46;28.8;26.1;Pico W_11f0bb
396;22/10/2025 13:46;28.7;25.5;Pico W_11f0bb
397;22/10/2025 13:47;28.6;25.1;Pico W_11f0bb
398;22/10/2025 13:47;28.5;25;Pico W_11f0bb
399;22/10/2025 13:47;28.4;25;Pico W_11f0bb
400;22/10/2025 13:48;28.3;25.1;Pico W_11f0bb
401;22/10/2025 13:48;28.4;25.3;Pico W_11f0bb
402;22/10/2025 13:49;28.4;25.7;Pico W_11f0bb
403;22/10/2025 13:49;28.5;25.9;Pico W_11f0bb
404;22/10/2025 13:49;28.6;26.1;Pico W_11f0bb
405;22/10/2025 13:50;28.8;25.9;Pico W_11f0bb
406;22/10/2025 13:50;28.7;25.9;Pico W_11f0bb
407;22/10/2025 13:50;28.8;26.9;Pico W_11f0bb
408;22/10/2025 13:51;29;26;Pico W_11f0bb
409;22/10/2025 13:51;29.1;25.7;Pico W_11f0bb
410;22/10/2025 13:52;29.1;25.6;Pico W_11f0bb
411;22/10/2025 13:52;29.2;25.7;Pico W_11f0bb
412;22/10/2025 13:52;29.2;25.7;Pico W_11f0bb
413;22/10/2025 13:53;29.3;25.3;Pico W_11f0bb
414;22/10/2025 13:53;29.3;25.5;Pico W_11f0bb
415;22/10/2025 13:53;29.3;25.2;Pico W_11f0bb
416;22/10/2025 13:54;29.3;25.3;Pico W_11f0bb
417;22/10/2025 13:54;29.3;25.1;Pico W_11f0bb
418;22/10/2025 13:55;29.3;25.6;Pico W_11f0bb
419;22/10/2025 13:55;29.3;25.8;Pico W_11f0bb
420;22/10/2025 13:55;29.3;25.4;Pico W_11f0bb
421;22/10/2025 13:56;29.3;25.4;Pico W_11f0bb
422;22/10/2025 13:56;29.2;24.9;Pico W_11f0bb
423;22/10/2025 13:56;28.9;25;Pico W_11f0bb
424;22/10/2025 13:57;28.7;25.2;Pico W_11f0bb
425;22/10/2025 13:57;28.7;25.4;Pico W_11f0bb
426;22/10/2025 13:57;28.7;25.5;Pico W_11f0bb
427;22/10/2025 13:58;28.7;25.3;Pico W_11f0bb
428;22/10/2025 13:58;28.7;25.6;Pico W_11f0bb
429;22/10/2025 13:59;28.6;25.3;Pico W_11f0bb
430;22/10/2025 13:59;28.7;25.8;Pico W_11f0bb
431;22/10/2025 13:59;28.7;26.2;Pico W_11f0bb
432;22/10/2025 14:00;28.8;25.7;Pico W_11f0bb
433;22/10/2025 14:00;28.8;25.1;Pico W_11f0bb
434;22/10/2025 14:00;28.8;25;Pico W_11f0bb
435;22/10/2025 14:01;28.9;25.2;Pico W_11f0bb
436;22/10/2025 14:01;28.8;24.6;Pico W_11f0bb
437;22/10/2025 14:02;28.7;24.5;Pico W_11f0bb
438;22/10/2025 14:02;28.6;24.4;Pico W_11f0bb
439;22/10/2025 14:02;28.5;24.7;Pico W_11f0bb
440;22/10/2025 14:03;28.4;24.6;Pico W_11f0bb
441;22/10/2025 14:03;28.4;24.8;Pico W_11f0bb
442;22/10/2025 14:03;28.3;24.6;Pico W_11f0bb
443;22/10/2025 14:04;28.3;25;Pico W_11f0bb
444;22/10/2025 14:04;28.3;24.8;Pico W_11f0bb
445;22/10/2025 14:05;28.3;25.2;Pico W_11f0bb
446;22/10/2025 14:05;28.4;24.6;Pico W_11f0bb
447;22/10/2025 14:05;28.4;25;Pico W_11f0bb
448;22/10/2025 14:06;28.5;24.1;Pico W_11f0bb
449;22/10/2025 14:06;28.5;23.7;Pico W_11f0bb
450;22/10/2025 14:06;28.6;23.9;Pico W_11f0bb
451;22/10/2025 14:07;28.6;24.1;Pico W_11f0bb
452;22/10/2025 14:07;28.6;24.1;Pico W_11f0bb
453;22/10/2025 14:08;28.6;24;Pico W_11f0bb
454;22/10/2025 14:08;28.6;23.9;Pico W_11f0bb
455;22/10/2025 14:08;28.5;23.7;Pico W_11f0bb
456;22/10/2025 14:09;28.5;24.7;Pico W_11f0bb
457;22/10/2025 14:09;28.6;24.4;Pico W_11f0bb
458;22/10/2025 14:09;28.6;24.7;Pico W_11f0bb
459;22/10/2025 14:10;28.6;24.6;Pico W_11f0bb
460;22/10/2025 14:10;28.5;24.5;Pico W_11f0bb
461;22/10/2025 14:11;28.6;24.5;Pico W_11f0bb
462;22/10/2025 14:11;28.6;24.3;Pico W_11f0bb
463;22/10/2025 14:11;28.5;24.5;Pico W_11f0bb
464;22/10/2025 14:12;28.4;24.6;Pico W_11f0bb
465;22/10/2025 14:12;28.3;24.4;Pico W_11f0bb
466;22/10/2025 14:12;28.2;24.1;Pico W_11f0bb
467;22/10/2025 14:13;28.1;24.2;Pico W_11f0bb
468;22/10/2025 14:13;28;24.3;Pico W_11f0bb
469;22/10/2025 14:14;28;24.6;Pico W_11f0bb
470;22/10/2025 14:14;28.1;24.7;Pico W_11f0bb
471;22/10/2025 14:14;28.3;24.8;Pico W_11f0bb
472;22/10/2025 14:15;28.4;25.3;Pico W_11f0bb
473;22/10/2025 14:15;28.6;25;Pico W_11f0bb
474;22/10/2025 14:15;28.8;24.8;Pico W_11f0bb
475;22/10/2025 14:16;28.9;24.6;Pico W_11f0bb
476;22/10/2025 14:16;28.9;24.8;Pico W_11f0bb
477;22/10/2025 14:16;28.9;24.5;Pico W_11f0bb
478;22/10/2025 14:17;28.8;24.4;Pico W_11f0bb
479;22/10/2025 14:17;28.8;24.5;Pico W_11f0bb
480;22/10/2025 14:18;28.9;24.6;Pico W_11f0bb
481;22/10/2025 14:18;28.9;24.5;Pico W_11f0bb
482;22/10/2025 14:18;28.9;24.5;Pico W_11f0bb
483;22/10/2025 14:19;28.8;24.8;Pico W_11f0bb
484;22/10/2025 14:19;28.8;24.7;Pico W_11f0bb
485;22/10/2025 14:19;28.8;24.9;Pico W_11f0bb
486;22/10/2025 14:20;28.8;25.1;Pico W_11f0bb
487;22/10/2025 14:20;28.5;24.8;Pico W_11f0bb
488;22/10/2025 14:21;28.4;25.3;Pico W_11f0bb
489;22/10/2025 14:21;28.3;25.5;Pico W_11f0bb
490;22/10/2025 14:21;28.1;25.4;Pico W_11f0bb
491;22/10/2025 14:22;28;25.7;Pico W_11f0bb
492;22/10/2025 14:22;28;25.6;Pico W_11f0bb
493;22/10/2025 14:22;28;25.9;Pico W_11f0bb
494;22/10/2025 14:23;28.1;26.4;Pico W_11f0bb
495;22/10/2025 14:23;28.3;26.5;Pico W_11f0bb
496;22/10/2025 14:24;28.3;25.6;Pico W_11f0bb
497;22/10/2025 14:24;28.3;25.6;Pico W_11f0bb
498;22/10/2025 14:24;28.3;25.8;Pico W_11f0bb
499;22/10/2025 14:25;28.3;25.5;Pico W_11f0bb
500;22/10/2025 14:25;28.4;25.4;Pico W_11f0bb
501;22/10/2025 14:25;28.4;25.4;Pico W_11f0bb
502;22/10/2025 14:26;28.4;25.4;Pico W_11f0bb
503;22/10/2025 14:26;28.4;25.6;Pico W_11f0bb
504;22/10/2025 14:27;28.5;26;Pico W_11f0bb
505;22/10/2025 14:27;28.6;26.2;Pico W_11f0bb
506;22/10/2025 14:27;28.7;26.8;Pico W_11f0bb
507;22/10/2025 14:28;28.8;26.6;Pico W_11f0bb
508;22/10/2025 14:28;28.9;26;Pico W_11f0bb
509;22/10/2025 14:28;29.1;25.6;Pico W_11f0bb
510;22/10/2025 14:29;29.1;25.5;Pico W_11f0bb
511;22/10/2025 14:29;29.1;25.7;Pico W_11f0bb
512;22/10/2025 14:30;29.2;25.9;Pico W_11f0bb
513;22/10/2025 14:30;29.3;25.9;Pico W_11f0bb
514;22/10/2025 14:30;29.3;25.1;Pico W_11f0bb
515;22/10/2025 14:31;29.2;25.1;Pico W_11f0bb
516;22/10/2025 14:31;29.1;25;Pico W_11f0bb
517;22/10/2025 14:31;29;24.9;Pico W_11f0bb
518;22/10/2025 14:32;29;24.9;Pico W_11f0bb
519;22/10/2025 14:32;28.9;25.1;Pico W_11f0bb
520;22/10/2025 14:32;28.8;25.5;Pico W_11f0bb
521;22/10/2025 14:33;28.8;25;Pico W_11f0bb
522;22/10/2025 14:33;28.6;25.2;Pico W_11f0bb
523;22/10/2025 14:34;28.7;25.6;Pico W_11f0bb
524;22/10/2025 14:34;28.7;25.3;Pico W_11f0bb
525;22/10/2025 14:34;28.7;25.5;Pico W_11f0bb
526;22/10/2025 14:35;28.7;25.4;Pico W_11f0bb
527;22/10/2025 14:35;28.7;25.6;Pico W_11f0bb
528;22/10/2025 14:35;28.8;25.5;Pico W_11f0bb
529;22/10/2025 14:36;28.8;25.3;Pico W_11f0bb
530;22/10/2025 14:36;28.8;25.6;Pico W_11f0bb
531;22/10/2025 14:37;28.9;25.5;Pico W_11f0bb
532;22/10/2025 14:37;29;25.7;Pico W_11f0bb
533;22/10/2025 14:37;29;25.2;Pico W_11f0bb
534;22/10/2025 14:38;29;25;Pico W_11f0bb
535;22/10/2025 14:38;29;25.2;Pico W_11f0bb
536;22/10/2025 14:38;29;25.3;Pico W_11f0bb
537;22/10/2025 14:39;29;25.9;Pico W_11f0bb
538;22/10/2025 14:39;29;25.3;Pico W_11f0bb
539;22/10/2025 14:40;29.1;25.4;Pico W_11f0bb
540;22/10/2025 14:40;29.2;25.5;Pico W_11f0bb
541;22/10/2025 14:40;29.2;25.4;Pico W_11f0bb
542;22/10/2025 14:41;29.3;25.7;Pico W_11f0bb
543;22/10/2025 14:41;29.4;25.2;Pico W_11f0bb
544;22/10/2025 14:41;29.4;25.2;Pico W_11f0bb
545;22/10/2025 14:42;29.5;25.7;Pico W_11f0bb
546;22/10/2025 14:42;29.6;25.3;Pico W_11f0bb
547;22/10/2025 14:43;29.7;25.7;Pico W_11f0bb
548;22/10/2025 14:43;29.6;24.6;Pico W_11f0bb
549;22/10/2025 14:43;29.6;24.8;Pico W_11f0bb
550;22/10/2025 14:44;29.5;25.4;Pico W_11f0bb
551;22/10/2025 14:44;29.5;25.4;Pico W_11f0bb
552;22/10/2025 14:44;29.5;25.9;Pico W_11f0bb
553;22/10/2025 14:45;29.4;25.5;Pico W_11f0bb
554;22/10/2025 14:45;29.3;24.8;Pico W_11f0bb
555;22/10/2025 14:46;29.3;25.1;Pico W_11f0bb
556;22/10/2025 14:46;29.3;24.9;Pico W_11f0bb
557;22/10/2025 14:46;29.4;24.9;Pico W_11f0bb
558;22/10/2025 14:47;29.4;24.6;Pico W_11f0bb
559;22/10/2025 14:47;29.3;24.3;Pico W_11f0bb
560;22/10/2025 14:47;29.2;24.1;Pico W_11f0bb
561;22/10/2025 14:48;29;24.4;Pico W_11f0bb
562;22/10/2025 14:48;28.9;24.4;Pico W_11f0bb
563;22/10/2025 14:48;28.8;24.8;Pico W_11f0bb
564;22/10/2025 14:49;28.8;24.8;Pico W_11f0bb
565;22/10/2025 14:49;28.7;24.9;Pico W_11f0bb
566;22/10/2025 14:50;28.8;25.2;Pico W_11f0bb
567;22/10/2025 14:50;28.8;25.4;Pico W_11f0bb
568;22/10/2025 14:50;28.7;25.5;Pico W_11f0bb
569;22/10/2025 14:51;28.7;25.6;Pico W_11f0bb
570;22/10/2025 14:51;28.7;25.4;Pico W_11f0bb
571;22/10/2025 14:51;28.7;25.9;Pico W_11f0bb
572;22/10/2025 14:52;28.7;25.6;Pico W_11f0bb
573;22/10/2025 14:52;28.7;25.5;Pico W_11f0bb
574;22/10/2025 14:53;28.7;25.3;Pico W_11f0bb
575;22/10/2025 14:53;28.8;25.3;Pico W_11f0bb
576;22/10/2025 14:53;28.6;25.6;Pico W_11f0bb
577;22/10/2025 14:54;28.5;25.9;Pico W_11f0bb
578;22/10/2025 14:54;28.6;26.3;Pico W_11f0bb
579;22/10/2025 14:54;28.6;26.2;Pico W_11f0bb
580;22/10/2025 14:55;28.6;26.2;Pico W_11f0bb
581;22/10/2025 14:55;28.5;26.3;Pico W_11f0bb
582;22/10/2025 14:56;28.5;26.1;Pico W_11f0bb
583;22/10/2025 14:56;28.4;26.5;Pico W_11f0bb
584;22/10/2025 14:56;28.4;26.6;Pico W_11f0bb
585;22/10/2025 14:57;28.3;26.3;Pico W_11f0bb
586;22/10/2025 14:57;28.3;26.4;Pico W_11f0bb
587;22/10/2025 14:57;28.3;26.6;Pico W_11f0bb
588;22/10/2025 14:58;28.4;27;Pico W_11f0bb
589;22/10/2025 14:58;28.4;26.8;Pico W_11f0bb
590;22/10/2025 14:59;28.5;27.1;Pico W_11f0bb
591;22/10/2025 14:59;28.6;26.3;Pico W_11f0bb
592;22/10/2025 14:59;28.6;25.9;Pico W_11f0bb
593;22/10/2025 15:00;28.6;25.7;Pico W_11f0bb
594;22/10/2025 15:00;28.6;26;Pico W_11f0bb
595;22/10/2025 15:00;28.6;25.7;Pico W_11f0bb
596;22/10/2025 15:01;28.5;25.9;Pico W_11f0bb
597;22/10/2025 15:01;28.4;26;Pico W_11f0bb
598;22/10/2025 15:02;28.4;26.7;Pico W_11f0bb
599;22/10/2025 15:02;28.5;27.8;Pico W_11f0bb
600;22/10/2025 15:02;28.6;27.7;Pico W_11f0bb
601;22/10/2025 15:03;28.8;27.3;Pico W_11f0bb
602;22/10/2025 15:03;28.9;26.5;Pico W_11f0bb
603;22/10/2025 15:03;29;26.3;Pico W_11f0bb
604;22/10/2025 15:04;29;26.2;Pico W_11f0bb
605;22/10/2025 15:04;29;25.7;Pico W_11f0bb
606;22/10/2025 15:05;29;25.8;Pico W_11f0bb
607;22/10/2025 15:05;28.9;25.6;Pico W_11f0bb
608;22/10/2025 15:05;28.8;25.4;Pico W_11f0bb
609;22/10/2025 15:06;28.6;25.4;Pico W_11f0bb
610;22/10/2025 15:06;28.5;25.9;Pico W_11f0bb
611;22/10/2025 15:06;28.5;25.9;Pico W_11f0bb
612;22/10/2025 15:07;28.5;26.9;Pico W_11f0bb
613;22/10/2025 15:07;28.6;26.4;Pico W_11f0bb
614;22/10/2025 15:07;28.5;26.2;Pico W_11f0bb
615;22/10/2025 15:08;28.5;25.8;Pico W_11f0bb
616;22/10/2025 15:08;28.5;26.3;Pico W_11f0bb
617;22/10/2025 15:09;28.5;26.1;Pico W_11f0bb
618;22/10/2025 15:09;28.6;26.1;Pico W_11f0bb
619;22/10/2025 15:09;28.7;26.1;Pico W_11f0bb
620;22/10/2025 15:10;28.8;26.1;Pico W_11f0bb
621;22/10/2025 15:10;28.8;25.3;Pico W_11f0bb
622;22/10/2025 15:10;28.8;24.9;Pico W_11f0bb
623;22/10/2025 15:11;28.7;24.9;Pico W_11f0bb
624;22/10/2025 15:11;28.7;25.1;Pico W_11f0bb
625;22/10/2025 15:12;28.8;25.1;Pico W_11f0bb
626;22/10/2025 15:12;28.8;25.3;Pico W_11f0bb
627;22/10/2025 15:12;28.8;25.5;Pico W_11f0bb
628;22/10/2025 15:13;28.8;25.1;Pico W_11f0bb
629;22/10/2025 15:13;28.8;25;Pico W_11f0bb
630;22/10/2025 15:13;28.7;24.9;Pico W_11f0bb
631;22/10/2025 15:14;28.7;24.6;Pico W_11f0bb
632;22/10/2025 15:14;28.5;24.1;Pico W_11f0bb
633;22/10/2025 15:15;28.5;24.5;Pico W_11f0bb
634;22/10/2025 15:15;28.4;24.3;Pico W_11f0bb
635;22/10/2025 15:15;28.4;24.5;Pico W_11f0bb
636;22/10/2025 15:16;28.4;24.4;Pico W_11f0bb
637;22/10/2025 15:16;28.4;24.5;Pico W_11f0bb
638;22/10/2025 15:16;28.4;24.5;Pico W_11f0bb
639;22/10/2025 15:17;28.4;24.8;Pico W_11f0bb
640;22/10/2025 15:17;28.4;24.6;Pico W_11f0bb
641;22/10/2025 15:18;28.4;24.7;Pico W_11f0bb
642;22/10/2025 15:18;28.5;24.7;Pico W_11f0bb
643;22/10/2025 15:18;28.5;24.9;Pico W_11f0bb
644;22/10/2025 15:19;28.5;25;Pico W_11f0bb
645;22/10/2025 15:19;28.4;25.1;Pico W_11f0bb
646;22/10/2025 15:19;28.5;25;Pico W_11f0bb
647;22/10/2025 15:20;28.5;25;Pico W_11f0bb
648;22/10/2025 15:20;28.4;24.7;Pico W_11f0bb
649;22/10/2025 15:21;28.3;25.1;Pico W_11f0bb
650;22/10/2025 15:21;28.2;25.1;Pico W_11f0bb
651;22/10/2025 15:21;28.2;25.5;Pico W_11f0bb
652;22/10/2025 15:22;28.2;25.9;Pico W_11f0bb
653;22/10/2025 15:22;28.3;25.8;Pico W_11f0bb
654;22/10/2025 15:22;28.4;25.5;Pico W_11f0bb
655;22/10/2025 15:23;28.6;26.3;Pico W_11f0bb
656;22/10/2025 15:23;28.7;25.9;Pico W_11f0bb
657;22/10/2025 15:23;28.8;25;Pico W_11f0bb
658;22/10/2025 15:24;28.8;24.6;Pico W_11f0bb
659;22/10/2025 15:24;28.8;24.6;Pico W_11f0bb
660;22/10/2025 15:25;28.7;24.4;Pico W_11f0bb
661;22/10/2025 15:25;28.7;24.6;Pico W_11f0bb
662;22/10/2025 15:25;28.7;25;Pico W_11f0bb
663;22/10/2025 15:26;28.7;24.9;Pico W_11f0bb
664;22/10/2025 15:26;28.7;25;Pico W_11f0bb
665;22/10/2025 15:26;28.7;25.1;Pico W_11f0bb
666;22/10/2025 15:27;28.7;25.3;Pico W_11f0bb
667;22/10/2025 15:27;28.7;25.6;Pico W_11f0bb
668;22/10/2025 15:28;28.8;25.7;Pico W_11f0bb
669;22/10/2025 15:28;28.9;26;Pico W_11f0bb
670;22/10/2025 15:28;29;25.9;Pico W_11f0bb
671;22/10/2025 15:29;29.1;26;Pico W_11f0bb
672;22/10/2025 15:29;29.3;25.9;Pico W_11f0bb
673;22/10/2025 15:29;29.4;25.8;Pico W_11f0bb
674;22/10/2025 15:30;29.3;25.9;Pico W_11f0bb
675;22/10/2025 15:30;29.2;25.8;Pico W_11f0bb
676;22/10/2025 15:31;29.2;26;Pico W_11f0bb
677;22/10/2025 15:31;29.1;26.3;Pico W_11f0bb
678;22/10/2025 15:31;29;26.3;Pico W_11f0bb
679;22/10/2025 15:32;29;26.5;Pico W_11f0bb
680;22/10/2025 15:32;29;26.8;Pico W_11f0bb
681;22/10/2025 15:32;29;26.7;Pico W_11f0bb
682;22/10/2025 15:33;29;27.1;Pico W_11f0bb
683;22/10/2025 15:33;29.1;27.3;Pico W_11f0bb
684;22/10/2025 15:34;29.3;27.3;Pico W_11f0bb
685;22/10/2025 15:34;29.4;27.6;Pico W_11f0bb
686;22/10/2025 15:34;29.7;27.1;Pico W_11f0bb
687;22/10/2025 15:35;29.7;26.9;Pico W_11f0bb
688;22/10/2025 15:35;29.8;26.9;Pico W_11f0bb
689;22/10/2025 15:35;29.9;26.7;Pico W_11f0bb
690;22/10/2025 15:36;30;26.8;Pico W_11f0bb
691;22/10/2025 15:36;30;26.3;Pico W_11f0bb
692;22/10/2025 15:37;29.8;26.3;Pico W_11f0bb
693;22/10/2025 15:37;29.7;26.3;Pico W_11f0bb
694;22/10/2025 15:37;29.6;26.7;Pico W_11f0bb
695;22/10/2025 15:38;29.6;26.8;Pico W_11f0bb
696;22/10/2025 15:38;29.4;26.6;Pico W_11f0bb
697;22/10/2025 15:38;29.4;26.9;Pico W_11f0bb
698;22/10/2025 15:39;29.3;27.1;Pico W_11f0bb
699;22/10/2025 15:39;29.3;27.1;Pico W_11f0bb
700;22/10/2025 15:39;29.2;27.3;Pico W_11f0bb
701;22/10/2025 15:40;29.2;27.3;Pico W_11f0bb
702;22/10/2025 15:40;29.1;27;Pico W_11f0bb
703;22/10/2025 15:41;29.1;27.2;Pico W_11f0bb
704;22/10/2025 15:41;29;27.4;Pico W_11f0bb
705;22/10/2025 15:41;29;27.6;Pico W_11f0bb
706;22/10/2025 15:42;28.9;27.6;Pico W_11f0bb
707;22/10/2025 15:42;28.9;27.6;Pico W_11f0bb
708;22/10/2025 15:42;28.9;27.6;Pico W_11f0bb
709;22/10/2025 15:43;29;28.1;Pico W_11f0bb
710;22/10/2025 15:43;29.1;27.9;Pico W_11f0bb
711;22/10/2025 15:44;29.3;28;Pico W_11f0bb
712;22/10/2025 15:44;29.5;28;Pico W_11f0bb
713;22/10/2025 15:44;29.7;27.8;Pico W_11f0bb
714;22/10/2025 15:45;29.8;27.6;Pico W_11f0bb
715;22/10/2025 15:45;29.9;27.3;Pico W_11f0bb
716;22/10/2025 15:45;29.7;27.3;Pico W_11f0bb
717;22/10/2025 15:46;29.5;27.2;Pico W_11f0bb
718;22/10/2025 15:46;29.4;27.8;Pico W_11f0bb
719;22/10/2025 15:47;29.3;27.7;Pico W_11f0bb
720;22/10/2025 15:47;29.4;27.9;Pico W_11f0bb
721;22/10/2025 15:47;29.6;28;Pico W_11f0bb
722;22/10/2025 15:48;29.8;27.9;Pico W_11f0bb
723;22/10/2025 15:48;29.9;27.8;Pico W_11f0bb
724;22/10/2025 15:48;30;27.7;Pico W_11f0bb
725;22/10/2025 15:49;30;27.8;Pico W_11f0bb
726;22/10/2025 15:49;29.9;27.7;Pico W_11f0bb
727;22/10/2025 15:50;29.8;27.7;Pico W_11f0bb
728;22/10/2025 15:50;29.7;28.1;Pico W_11f0bb
729;22/10/2025 15:50;29.6;28.1;Pico W_11f0bb
730;22/10/2025 15:51;29.4;28.1;Pico W_11f0bb
731;22/10/2025 15:51;29.3;28.2;Pico W_11f0bb
732;22/10/2025 15:51;29;28.5;Pico W_11f0bb
733;22/10/2025 15:52;28.9;28.6;Pico W_11f0bb
734;22/10/2025 15:52;28.9;29;Pico W_11f0bb
735;22/10/2025 15:53;28.9;28.9;Pico W_11f0bb
736;22/10/2025 15:53;28.9;28.9;Pico W_11f0bb
737;22/10/2025 15:53;29;29;Pico W_11f0bb
738;22/10/2025 15:54;29.1;29;Pico W_11f0bb
739;22/10/2025 15:54;29.2;29.2;Pico W_11f0bb
740;22/10/2025 15:54;29.3;29.2;Pico W_11f0bb
741;22/10/2025 15:55;29.4;28.9;Pico W_11f0bb
742;22/10/2025 15:55;29.3;28.9;Pico W_11f0bb
743;22/10/2025 15:56;29.2;29;Pico W_11f0bb
744;22/10/2025 15:56;29.1;28.9;Pico W_11f0bb
745;22/10/2025 15:56;29;29;Pico W_11f0bb
746;22/10/2025 15:57;29.1;28.9;Pico W_11f0bb
747;22/10/2025 15:57;29.1;29;Pico W_11f0bb
748;22/10/2025 15:57;29;29.1;Pico W_11f0bb
749;22/10/2025 15:58;28.9;29.3;Pico W_11f0bb
750;22/10/2025 15:58;28.8;29.6;Pico W_11f0bb
751;22/10/2025 15:58;28.7;30.7;Pico W_11f0bb
752;22/10/2025 15:59;28.5;30.5;Pico W_11f0bb
753;22/10/2025 15:59;28.1;30.4;Pico W_11f0bb
754;22/10/2025 16:00;27.6;31.8;Pico W_11f0bb
755;22/10/2025 16:00;27;32.9;Pico W_11f0bb
756;22/10/2025 16:00;26.6;33.9;Pico W_11f0bb
757;22/10/2025 16:01;26.3;34.6;Pico W_11f0bb
758;22/10/2025 16:01;26.2;35.2;Pico W_11f0bb
759;22/10/2025 16:01;26.1;35.3;Pico W_11f0bb
760;22/10/2025 16:02;26.1;35.5;Pico W_11f0bb
761;22/10/2025 16:02;26.2;35.5;Pico W_11f0bb
762;22/10/2025 16:03;26.2;35.3;Pico W_11f0bb
763;22/10/2025 16:03;26.4;35.2;Pico W_11f0bb
764;22/10/2025 16:03;26.5;35;Pico W_11f0bb
765;22/10/2025 16:04;26.5;35;Pico W_11f0bb
766;22/10/2025 16:04;26.6;35;Pico W_11f0bb
767;22/10/2025 16:04;26.6;35;Pico W_11f0bb
768;22/10/2025 16:05;26.6;35;Pico W_11f0bb
769;22/10/2025 16:05;26.4;35.1;Pico W_11f0bb
770;22/10/2025 16:06;26.4;35.3;Pico W_11f0bb
771;22/10/2025 16:06;26.4;35.2;Pico W_11f0bb
772;22/10/2025 16:06;26.4;35.3;Pico W_11f0bb
773;22/10/2025 16:07;26.4;35.3;Pico W_11f0bb
774;22/10/2025 16:07;26.5;35.3;Pico W_11f0bb
775;22/10/2025 16:07;26.6;35.3;Pico W_11f0bb
776;22/10/2025 16:08;26.7;35.2;Pico W_11f0bb
777;22/10/2025 16:08;26.8;35;Pico W_11f0bb
778;22/10/2025 16:09;26.8;35;Pico W_11f0bb
779;22/10/2025 16:09;26.9;34.9;Pico W_11f0bb
780;22/10/2025 16:09;26.9;35;Pico W_11f0bb
781;22/10/2025 16:10;26.9;35;Pico W_11f0bb
782;22/10/2025 16:10;26.8;35.1;Pico W_11f0bb
783;22/10/2025 16:10;26.9;35.3;Pico W_11f0bb
784;22/10/2025 16:11;26.9;35.3;Pico W_11f0bb
785;22/10/2025 16:11;26.8;35.5;Pico W_11f0bb
786;22/10/2025 16:12;26.8;35.5;Pico W_11f0bb
787;22/10/2025 16:12;26.6;35.7;Pico W_11f0bb
788;22/10/2025 16:12;26.7;36;Pico W_11f0bb
789;22/10/2025 16:13;26.5;36.2;Pico W_11f0bb
790;22/10/2025 16:13;26.3;36.7;Pico W_11f0bb
791;22/10/2025 16:13;26.1;37.1;Pico W_11f0bb
792;22/10/2025 16:14;26;37.3;Pico W_11f0bb
793;22/10/2025 16:14;26;37.4;Pico W_11f0bb
794;22/10/2025 16:14;26;37.4;Pico W_11f0bb
795;22/10/2025 16:15;26;37.6;Pico W_11f0bb
796;22/10/2025 16:15;26.1;37.7;Pico W_11f0bb
797;22/10/2025 16:16;26.2;37.7;Pico W_11f0bb
798;22/10/2025 16:16;26.3;37.7;Pico W_11f0bb
799;22/10/2025 16:16;26.5;37.8;Pico W_11f0bb
800;22/10/2025 16:17;26.7;37.4;Pico W_11f0bb
801;22/10/2025 16:17;26.6;37.1;Pico W_11f0bb
802;22/10/2025 16:17;26.5;37.4;Pico W_11f0bb
803;22/10/2025 16:18;26.3;37.7;Pico W_11f0bb
804;22/10/2025 16:18;26.2;38;Pico W_11f0bb
805;22/10/2025 16:19;26;38.3;Pico W_11f0bb
806;22/10/2025 16:19;25.9;38.6;Pico W_11f0bb
807;22/10/2025 16:19;25.8;38.8;Pico W_11f0bb
808;22/10/2025 16:20;25.7;39;Pico W_11f0bb
809;22/10/2025 16:20;25.8;39.1;Pico W_11f0bb
810;22/10/2025 16:20;25.7;38.9;Pico W_11f0bb
811;22/10/2025 16:21;25.6;38.9;Pico W_11f0bb
812;22/10/2025 16:21;25.6;39;Pico W_11f0bb
813;22/10/2025 16:22;25.4;39.2;Pico W_11f0bb
814;22/10/2025 16:22;25.4;39.4;Pico W_11f0bb
815;22/10/2025 16:22;25.4;39.4;Pico W_11f0bb
816;22/10/2025 16:23;25.5;39.3;Pico W_11f0bb
817;22/10/2025 16:23;25.6;39.3;Pico W_11f0bb
818;22/10/2025 16:23;25.7;39.4;Pico W_11f0bb
819;22/10/2025 16:24;25.9;39.5;Pico W_11f0bb
820;22/10/2025 16:24;26;39;Pico W_11f0bb
821;22/10/2025 16:25;26.1;38.9;Pico W_11f0bb
822;22/10/2025 16:25;26.3;38.7;Pico W_11f0bb
823;22/10/2025 16:25;26.3;38.4;Pico W_11f0bb
824;22/10/2025 16:26;26.3;38.2;Pico W_11f0bb
825;22/10/2025 16:26;26.3;38;Pico W_11f0bb
826;22/10/2025 16:26;26.2;38.1;Pico W_11f0bb
827;22/10/2025 16:27;26.3;38.1;Pico W_11f0bb
828;22/10/2025 16:27;26.3;38.2;Pico W_11f0bb
829;22/10/2025 16:28;26.2;38.3;Pico W_11f0bb
830;22/10/2025 16:28;26;38.5;Pico W_11f0bb
831;22/10/2025 16:28;25.9;38.8;Pico W_11f0bb
832;22/10/2025 16:29;25.8;39.2;Pico W_11f0bb
833;22/10/2025 16:29;25.9;39.5;Pico W_11f0bb
834;22/10/2025 16:29;26;39.2;Pico W_11f0bb
835;22/10/2025 16:30;26.1;39.1;Pico W_11f0bb
836;22/10/2025 16:30;26.3;39.1;Pico W_11f0bb
837;22/10/2025 16:30;26.2;38.9;Pico W_11f0bb
838;22/10/2025 16:31;26.2;39;Pico W_11f0bb
839;22/10/2025 16:31;26.3;39;Pico W_11f0bb
840;22/10/2025 16:32;26.4;38.9;Pico W_11f0bb
841;22/10/2025 16:32;26.5;39.1;Pico W_11f0bb
842;22/10/2025 16:32;26.5;38.9;Pico W_11f0bb
843;22/10/2025 16:33;26.5;39;Pico W_11f0bb
844;22/10/2025 16:33;26.5;38.9;Pico W_11f0bb
845;22/10/2025 16:33;26.2;39.2;Pico W_11f0bb
846;22/10/2025 16:34;26.2;39.4;Pico W_11f0bb
847;22/10/2025 16:34;26.1;39.5;Pico W_11f0bb
848;22/10/2025 16:35;26.1;39.6;Pico W_11f0bb
849;22/10/2025 16:35;26.2;39.7;Pico W_11f0bb
850;22/10/2025 16:35;26.4;39.6;Pico W_11f0bb
851;22/10/2025 16:36;26.3;39.7;Pico W_11f0bb
852;22/10/2025 16:36;25.9;40.2;Pico W_11f0bb
853;22/10/2025 16:36;25.8;40.8;Pico W_11f0bb
854;22/10/2025 16:37;25.8;40.9;Pico W_11f0bb
855;22/10/2025 16:37;25.9;41;Pico W_11f0bb
856;22/10/2025 16:38;26;40.8;Pico W_11f0bb
857;22/10/2025 16:38;26;40.7;Pico W_11f0bb
858;22/10/2025 16:38;26;40.8;Pico W_11f0bb
859;22/10/2025 16:39;26.2;40.8;Pico W_11f0bb
860;22/10/2025 16:39;26.3;40.1;Pico W_11f0bb
861;22/10/2025 16:39;26.3;39.6;Pico W_11f0bb
862;22/10/2025 16:40;26.2;39.3;Pico W_11f0bb
863;22/10/2025 16:40;26.1;39.3;Pico W_11f0bb
864;22/10/2025 16:41;26.1;39.3;Pico W_11f0bb
865;22/10/2025 16:41;26.1;39.5;Pico W_11f0bb
866;22/10/2025 16:41;26;39.2;Pico W_11f0bb
867;22/10/2025 16:42;25.9;39.1;Pico W_11f0bb
868;22/10/2025 16:42;26;39.3;Pico W_11f0bb
869;22/10/2025 16:42;26.1;39.4;Pico W_11f0bb
870;22/10/2025 16:43;26.2;39.1;Pico W_11f0bb
871;22/10/2025 16:43;26.2;38.8;Pico W_11f0bb
872;22/10/2025 16:44;26.2;39;Pico W_11f0bb
873;22/10/2025 16:44;26.1;39;Pico W_11f0bb
874;22/10/2025 16:44;26.2;39.4;Pico W_11f0bb
875;22/10/2025 16:45;26.3;39.3;Pico W_11f0bb
876;22/10/2025 16:45;26.5;39;Pico W_11f0bb
877;22/10/2025 16:45;26.4;39.1;Pico W_11f0bb
878;22/10/2025 16:46;26.4;39.3;Pico W_11f0bb
879;22/10/2025 16:46;26.5;39.4;Pico W_11f0bb
880;22/10/2025 16:47;26.5;39.4;Pico W_11f0bb
881;22/10/2025 16:47;26.6;39.4;Pico W_11f0bb
882;22/10/2025 16:47;26.8;39.4;Pico W_11f0bb
883;22/10/2025 16:48;27;39.2;Pico W_11f0bb
884;22/10/2025 16:48;27.1;39.1;Pico W_11f0bb
885;22/10/2025 16:48;27.2;39;Pico W_11f0bb
886;22/10/2025 16:49;27.4;38.9;Pico W_11f0bb
887;22/10/2025 16:49;27.3;38.7;Pico W_11f0bb
888;22/10/2025 16:49;27.3;38.8;Pico W_11f0bb
889;22/10/2025 16:50;27.3;39;Pico W_11f0bb
890;22/10/2025 16:50;26.8;39.3;Pico W_11f0bb
891;22/10/2025 16:51;26.8;39.9;Pico W_11f0bb
892;22/10/2025 16:51;26.6;40.1;Pico W_11f0bb
893;22/10/2025 16:51;26.5;40.2;Pico W_11f0bb
894;22/10/2025 16:52;26.5;40.5;Pico W_11f0bb
895;22/10/2025 16:52;26.5;40.5;Pico W_11f0bb
896;22/10/2025 16:52;26.4;40.6;Pico W_11f0bb
897;22/10/2025 16:53;26.3;40.6;Pico W_11f0bb
898;22/10/2025 16:53;25.7;41.3;Pico W_11f0bb
899;22/10/2025 16:54;25.7;41.7;Pico W_11f0bb
900;22/10/2025 16:54;25.5;42;Pico W_11f0bb
901;22/10/2025 16:54;25.5;42.2;Pico W_11f0bb
902;22/10/2025 16:55;25.5;42.1;Pico W_11f0bb
903;22/10/2025 16:55;25.6;42;Pico W_11f0bb
904;22/10/2025 16:55;25.6;42;Pico W_11f0bb
905;22/10/2025 16:56;25.8;41.9;Pico W_11f0bb
906;22/10/2025 16:56;25.7;41.8;Pico W_11f0bb
907;22/10/2025 16:57;26;41.7;Pico W_11f0bb
908;22/10/2025 16:57;26.2;41.7;Pico W_11f0bb
909;22/10/2025 16:57;26.2;41.3;Pico W_11f0bb
910;22/10/2025 16:58;26.2;41.2;Pico W_11f0bb
911;22/10/2025 16:58;25.8;41.3;Pico W_11f0bb
912;22/10/2025 16:58;25.6;41.7;Pico W_11f0bb
913;22/10/2025 16:59;25.6;42.1;Pico W_11f0bb
914;22/10/2025 16:59;25.5;42.2;Pico W_11f0bb
915;22/10/2025 17:00;25.4;42.3;Pico W_11f0bb
916;22/10/2025 17:00;25.4;42.4;Pico W_11f0bb
917;22/10/2025 17:00;25.3;42.4;Pico W_11f0bb
918;22/10/2025 17:01;25.5;42.3;Pico W_11f0bb
919;22/10/2025 17:01;25.4;42.1;Pico W_11f0bb
920;22/10/2025 17:01;25.4;42.2;Pico W_11f0bb
921;22/10/2025 17:02;25.3;42.4;Pico W_11f0bb
922;22/10/2025 17:02;25.4;42.5;Pico W_11f0bb
923;22/10/2025 17:03;25.6;42.2;Pico W_11f0bb
924;22/10/2025 17:03;25.8;41.9;Pico W_11f0bb
925;22/10/2025 17:03;26;41.5;Pico W_11f0bb
926;22/10/2025 17:04;26.2;41.3;Pico W_11f0bb
927;22/10/2025 17:04;26.2;41.1;Pico W_11f0bb
928;22/10/2025 17:04;26;41.5;Pico W_11f0bb
929;22/10/2025 17:05;25.8;42;Pico W_11f0bb
930;22/10/2025 17:05;25.6;42.4;Pico W_11f0bb
931;22/10/2025 17:05;25.3;42.8;Pico W_11f0bb
932;22/10/2025 17:06;25.1;43.4;Pico W_11f0bb
933;22/10/2025 17:06;25.1;43.7;Pico W_11f0bb
934;22/10/2025 17:07;25.1;43.7;Pico W_11f0bb
935;22/10/2025 17:07;25.2;43.8;Pico W_11f0bb
936;22/10/2025 17:07;25.2;43.8;Pico W_11f0bb
937;22/10/2025 17:08;25;43.8;Pico W_11f0bb
938;22/10/2025 17:08;24.9;44.1;Pico W_11f0bb
939;22/10/2025 17:08;24.9;44.1;Pico W_11f0bb
940;22/10/2025 17:09;24.9;44.3;Pico W_11f0bb
941;22/10/2025 17:09;24.9;44.3;Pico W_11f0bb
942;22/10/2025 17:10;25;44.1;Pico W_11f0bb
943;22/10/2025 17:10;24.9;44.1;Pico W_11f0bb
944;22/10/2025 17:10;24.7;44.1;Pico W_11f0bb
945;22/10/2025 17:11;24.6;44.5;Pico W_11f0bb
946;22/10/2025 17:11;24.7;44.5;Pico W_11f0bb
947;22/10/2025 17:11;24.8;44.3;Pico W_11f0bb
948;22/10/2025 17:12;24.8;44;Pico W_11f0bb
949;22/10/2025 17:12;24.7;44;Pico W_11f0bb
950;22/10/2025 17:13;24.7;44.2;Pico W_11f0bb
951;22/10/2025 17:13;24.8;44.2;Pico W_11f0bb
952;22/10/2025 17:13;25;44.1;Pico W_11f0bb
953;22/10/2025 17:14;25;43.8;Pico W_11f0bb
954;22/10/2025 17:14;25.1;43.8;Pico W_11f0bb
955;22/10/2025 17:14;24.9;43.7;Pico W_11f0bb
956;22/10/2025 17:15;24.9;43.6;Pico W_11f0bb
957;22/10/2025 17:15;24.7;43.9;Pico W_11f0bb
958;22/10/2025 17:16;24.7;44;Pico W_11f0bb
959;22/10/2025 17:16;24.6;44.2;Pico W_11f0bb
960;22/10/2025 17:16;24.6;44.3;Pico W_11f0bb
961;22/10/2025 17:17;24.7;44.3;Pico W_11f0bb
962;22/10/2025 17:17;24.7;44.3;Pico W_11f0bb
963;22/10/2025 17:17;24.8;44.2;Pico W_11f0bb
964;22/10/2025 17:18;24.8;44.1;Pico W_11f0bb
965;22/10/2025 17:18;24.7;44.1;Pico W_11f0bb
966;22/10/2025 17:19;24.7;44.3;Pico W_11f0bb
967;22/10/2025 17:19;24.8;44.4;Pico W_11f0bb
968;22/10/2025 17:19;25;44;Pico W_11f0bb
969;22/10/2025 17:20;25;43.9;Pico W_11f0bb
970;22/10/2025 17:20;24.9;44;Pico W_11f0bb
971;22/10/2025 17:20;24.9;44;Pico W_11f0bb
972;22/10/2025 17:21;25;44.1;Pico W_11f0bb
973;22/10/2025 17:21;25;44.1;Pico W_11f0bb
974;22/10/2025 17:22;25;44;Pico W_11f0bb
975;22/10/2025 17:22;25;44;Pico W_11f0bb
976;22/10/2025 17:22;25.1;44.2;Pico W_11f0bb
977;22/10/2025 17:23;25;44;Pico W_11f0bb
978;22/10/2025 17:23;24.9;44.2;Pico W_11f0bb
979;22/10/2025 17:23;24.7;44.5;Pico W_11f0bb
980;22/10/2025 17:24;24.7;44.8;Pico W_11f0bb
981;22/10/2025 17:24;24.6;44.9;Pico W_11f0bb
982;22/10/2025 17:24;24.5;45;Pico W_11f0bb
983;22/10/2025 17:25;24.5;45.3;Pico W_11f0bb
984;22/10/2025 17:25;24.5;45.4;Pico W_11f0bb
985;22/10/2025 17:26;24.5;45.4;Pico W_11f0bb
986;22/10/2025 17:26;24.7;45.4;Pico W_11f0bb
987;22/10/2025 17:26;24.6;45.3;Pico W_11f0bb
988;22/10/2025 17:27;24.6;45.4;Pico W_11f0bb
989;22/10/2025 17:27;24.6;45.4;Pico W_11f0bb
990;22/10/2025 17:27;24.6;45.4;Pico W_11f0bb
991;22/10/2025 17:28;24.5;45.4;Pico W_11f0bb
992;22/10/2025 17:28;24.7;45.6;Pico W_11f0bb
993;22/10/2025 17:29;24.7;45.4;Pico W_11f0bb
994;22/10/2025 17:29;24.7;45.4;Pico W_11f0bb
995;22/10/2025 17:29;24.4;45.6;Pico W_11f0bb
996;22/10/2025 17:30;24.4;45.8;Pico W_11f0bb
997;22/10/2025 17:30;24.1;46;Pico W_11f0bb
998;22/10/2025 17:30;23.9;46.5;Pico W_11f0bb
999;22/10/2025 17:31;23.9;46.7;Pico W_11f0bb
1000;22/10/2025 17:31;23.9;46.7;Pico W_11f0bb
1001;22/10/2025 17:32;24;46.7;Pico W_11f0bb
1002;22/10/2025 17:32;23.8;46.9;Pico W_11f0bb
1003;22/10/2025 17:32;23.7;46.9;Pico W_11f0bb
1004;22/10/2025 17:33;23.7;47.2;Pico W_11f0bb
1005;22/10/2025 17:33;23.6;47.2;Pico W_11f0bb
1006;22/10/2025 17:33;23.6;47.2;Pico W_11f0bb
1007;22/10/2025 17:34;23.5;47.3;Pico W_11f0bb
1008;22/10/2025 17:34;23.4;47.5;Pico W_11f0bb
1009;22/10/2025 17:35;23.5;47.6;Pico W_11f0bb
1010;22/10/2025 17:35;23.5;47.4;Pico W_11f0bb
1011;22/10/2025 17:35;23.4;47.6;Pico W_11f0bb
1012;22/10/2025 17:36;23.3;47.8;Pico W_11f0bb
1013;22/10/2025 17:36;23.4;47.9;Pico W_11f0bb
1014;22/10/2025 17:36;23.3;47.8;Pico W_11f0bb
1015;22/10/2025 17:37;23.3;47.9;Pico W_11f0bb
1016;22/10/2025 17:37;23.2;48;Pico W_11f0bb
1017;22/10/2025 17:38;23.1;48.3;Pico W_11f0bb
1018;22/10/2025 17:38;23.1;48.5;Pico W_11f0bb
1019;22/10/2025 17:38;23.2;48.4;Pico W_11f0bb
1020;22/10/2025 17:39;23.2;48.3;Pico W_11f0bb
1021;22/10/2025 17:39;23.1;48.4;Pico W_11f0bb
1022;22/10/2025 17:39;23;48.5;Pico W_11f0bb
1023;22/10/2025 17:40;23;48.7;Pico W_11f0bb
1024;22/10/2025 17:40;23.1;48.6;Pico W_11f0bb
1025;22/10/2025 17:40;23.1;48.6;Pico W_11f0bb
1026;22/10/2025 17:41;23.2;48.6;Pico W_11f0bb
1027;22/10/2025 17:41;23.3;48.5;Pico W_11f0bb
1028;22/10/2025 17:42;23.4;48.3;Pico W_11f0bb
1029;22/10/2025 17:42;23.3;48.2;Pico W_11f0bb
1030;22/10/2025 17:42;23;48.5;Pico W_11f0bb
1031;22/10/2025 17:43;22.9;48.9;Pico W_11f0bb
1032;22/10/2025 17:43;22.9;49;Pico W_11f0bb
1033;22/10/2025 17:43;22.9;49.1;Pico W_11f0bb
1034;22/10/2025 17:44;22.9;49.1;Pico W_11f0bb
1035;22/10/2025 17:44;23;49.1;Pico W_11f0bb
1036;22/10/2025 17:45;23.1;49;Pico W_11f0bb
1037;22/10/2025 17:45;23.2;48.9;Pico W_11f0bb
1038;22/10/2025 17:45;23.2;48.9;Pico W_11f0bb
1039;22/10/2025 17:46;23.2;48.8;Pico W_11f0bb
1040;22/10/2025 17:46;23.2;48.7;Pico W_11f0bb
1041;22/10/2025 17:46;23.2;48.8;Pico W_11f0bb
1042;22/10/2025 17:47;23.2;48.8;Pico W_11f0bb
1043;22/10/2025 17:47;23.2;48.8;Pico W_11f0bb
1044;22/10/2025 17:48;23;48.7;Pico W_11f0bb
1045;22/10/2025 17:48;22.9;49.1;Pico W_11f0bb
1046;22/10/2025 17:48;22.8;49.3;Pico W_11f0bb
1047;22/10/2025 17:49;22.7;49.5;Pico W_11f0bb
1048;22/10/2025 17:49;22.6;49.6;Pico W_11f0bb
1049;22/10/2025 17:49;22.7;49.7;Pico W_11f0bb
1050;22/10/2025 17:50;22.7;49.6;Pico W_11f0bb
1051;22/10/2025 17:50;22.5;49.7;Pico W_11f0bb
1052;22/10/2025 17:51;22.6;49.9;Pico W_11f0bb
1053;22/10/2025 17:51;22.6;49.9;Pico W_11f0bb
1054;22/10/2025 17:51;22.6;49.9;Pico W_11f0bb
1055;22/10/2025 17:52;22.4;49.9;Pico W_11f0bb
1056;22/10/2025 17:52;22.2;50.2;Pico W_11f0bb
1057;22/10/2025 17:52;22.1;50.7;Pico W_11f0bb
1058;22/10/2025 17:53;21.8;51.1;Pico W_11f0bb
1059;22/10/2025 17:53;21.7;51.5;Pico W_11f0bb
1060;22/10/2025 17:54;21.5;51.8;Pico W_11f0bb
1061;22/10/2025 17:54;21.4;52.3;Pico W_11f0bb
1062;22/10/2025 17:54;21.4;52.5;Pico W_11f0bb
1063;22/10/2025 17:55;21.4;52.7;Pico W_11f0bb
1064;22/10/2025 17:55;21.4;52.6;Pico W_11f0bb
1065;22/10/2025 17:55;21.2;52.8;Pico W_11f0bb
1066;22/10/2025 17:56;21.2;53;Pico W_11f0bb
1067;22/10/2025 17:56;21.2;53.2;Pico W_11f0bb
1068;22/10/2025 17:56;21.2;53.2;Pico W_11f0bb
1069;22/10/2025 17:57;21.2;53.2;Pico W_11f0bb
1070;22/10/2025 17:57;21.2;53.3;Pico W_11f0bb
1071;22/10/2025 17:58;21.2;53.3;Pico W_11f0bb
1072;22/10/2025 17:58;21.2;53.2;Pico W_11f0bb
1073;22/10/2025 17:58;21.2;53.3;Pico W_11f0bb
1074;22/10/2025 17:59;21.2;53.3;Pico W_11f0bb
1075;22/10/2025 17:59;21.2;53.3;Pico W_11f0bb
1076;22/10/2025 17:59;21.1;53.3;Pico W_11f0bb
1077;22/10/2025 18:00;21.1;53.4;Pico W_11f0bb
1078;22/10/2025 18:00;21.1;53.4;Pico W_11f0bb
1079;22/10/2025 18:01;21.1;53.4;Pico W_11f0bb
1080;22/10/2025 18:01;21.1;53.3;Pico W_11f0bb
1081;22/10/2025 18:01;21;53.4;Pico W_11f0bb
1082;22/10/2025 18:02;21;53.5;Pico W_11f0bb
1083;22/10/2025 18:02;21;53.5;Pico W_11f0bb
1084;22/10/2025 18:02;21;53.6;Pico W_11f0bb
1085;22/10/2025 18:03;20.9;53.6;Pico W_11f0bb
1086;22/10/2025 18:03;20.9;53.7;Pico W_11f0bb
1087;22/10/2025 18:04;20.9;53.7;Pico W_11f0bb
1088;22/10/2025 18:04;20.8;53.8;Pico W_11f0bb
1089;22/10/2025 18:04;20.8;53.9;Pico W_11f0bb
1090;22/10/2025 18:05;20.9;53.8;Pico W_11f0bb
1091;22/10/2025 18:05;20.9;53.8;Pico W_11f0bb
1092;22/10/2025 18:05;20.9;53.8;Pico W_11f0bb
1093;22/10/2025 18:06;20.9;53.8;Pico W_11f0bb
1094;22/10/2025 18:06;20.9;53.8;Pico W_11f0bb
1095;22/10/2025 18:07;20.9;53.8;Pico W_11f0bb
1096;22/10/2025 18:07;20.9;53.8;Pico W_11f0bb
1097;22/10/2025 18:07;20.9;53.9;Pico W_11f0bb
1098;22/10/2025 18:08;20.8;53.9;Pico W_11f0bb
1099;22/10/2025 18:08;20.8;54;Pico W_11f0bb
1100;22/10/2025 18:08;20.7;54;Pico W_11f0bb
1101;22/10/2025 18:09;20.6;54.1;Pico W_11f0bb
1102;22/10/2025 18:09;20.5;54.3;Pico W_11f0bb
1103;22/10/2025 18:10;20.5;54.5;Pico W_11f0bb
1104;22/10/2025 18:10;20.4;54.7;Pico W_11f0bb
1105;22/10/2025 18:10;20.4;54.9;Pico W_11f0bb
1106;22/10/2025 18:11;20.4;55;Pico W_11f0bb
1107;22/10/2025 18:11;20.4;55;Pico W_11f0bb
1108;22/10/2025 18:11;20.4;55;Pico W_11f0bb
1109;22/10/2025 18:12;20.4;55;Pico W_11f0bb
1110;22/10/2025 18:12;20.4;55.1;Pico W_11f0bb
1111;22/10/2025 18:13;20.4;55.3;Pico W_11f0bb
1112;22/10/2025 18:13;20.3;55.3;Pico W_11f0bb
1113;22/10/2025 18:13;20.3;55.4;Pico W_11f0bb
1114;22/10/2025 18:14;20.2;55.5;Pico W_11f0bb
1115;22/10/2025 18:14;20.2;55.5;Pico W_11f0bb
1116;22/10/2025 18:14;20.2;55.6;Pico W_11f0bb
1117;22/10/2025 18:15;20.2;55.7;Pico W_11f0bb
1118;22/10/2025 18:15;20.2;55.7;Pico W_11f0bb
1119;22/10/2025 18:15;20.1;55.8;Pico W_11f0bb
1120;22/10/2025 18:16;20.1;56;Pico W_11f0bb
1121;22/10/2025 18:16;20.1;56.1;Pico W_11f0bb
1122;22/10/2025 18:17;20.1;56.1;Pico W_11f0bb
1123;22/10/2025 18:17;20.1;56.2;Pico W_11f0bb
1124;22/10/2025 18:17;20.1;56.3;Pico W_11f0bb
1125;22/10/2025 18:18;20;56.3;Pico W_11f0bb
1126;22/10/2025 18:18;20;56.3;Pico W_11f0bb
1127;22/10/2025 18:18;20;56.3;Pico W_11f0bb
1128;22/10/2025 18:19;20;56.5;Pico W_11f0bb
1129;22/10/2025 18:19;20.1;56.4;Pico W_11f0bb
1130;22/10/2025 18:20;20.1;56.2;Pico W_11f0bb
1131;22/10/2025 18:20;20.1;56.2;Pico W_11f0bb
1132;22/10/2025 18:20;20.1;56.2;Pico W_11f0bb
1133;22/10/2025 18:21;20;56.3;Pico W_11f0bb
1134;22/10/2025 18:21;20;56.4;Pico W_11f0bb
1135;22/10/2025 18:21;20;56.4;Pico W_11f0bb
1136;22/10/2025 18:22;20;56.5;Pico W_11f0bb
1137;22/10/2025 18:22;20;56.5;Pico W_11f0bb
1138;22/10/2025 18:23;20;56.5;Pico W_11f0bb
1139;22/10/2025 18:23;20;56.5;Pico W_11f0bb
1140;22/10/2025 18:23;20;56.6;Pico W_11f0bb
1141;22/10/2025 18:24;19.9;56.6;Pico W_11f0bb
1142;22/10/2025 18:24;19.9;56.7;Pico W_11f0bb
1143;22/10/2025 18:24;19.9;56.7;Pico W_11f0bb
1144;22/10/2025 18:25;19.9;56.6;Pico W_11f0bb
1145;22/10/2025 18:25;19.9;56.6;Pico W_11f0bb
1146;22/10/2025 18:26;19.9;56.7;Pico W_11f0bb
