Leitura;Data;Hora;Temperatura;Umidade
1;16/10/2025;05:59:55;15.3;90.6
2;16/10/2025;06:00:15;15.3;90.5
3;16/10/2025;06:00:35;15.3;90.6
4;16/10/2025;06:00:55;15.3;90.4
5;16/10/2025;06:01:15;15.3;90.3
6;16/10/2025;06:01:35;15.3;90.2
7;16/10/2025;06:01:55;15.3;90.2
8;16/10/2025;06:02:15;15.3;90.2
9;16/10/2025;06:02:34;15.3;90.2
10;16/10/2025;06:02:54;15.4;90.2
11;16/10/2025;06:03:14;15.3;90.2
12;16/10/2025;06:03:34;15.3;90.3
13;16/10/2025;06:03:54;15.3;90.3
14;16/10/2025;06:04:14;15.3;90.2
15;16/10/2025;06:04:34;15.3;90
16;16/10/2025;06:04:54;15.4;90
17;16/10/2025;06:05:14;15.4;90
18;16/10/2025;06:05:34;15.4;90.1
19;16/10/2025;06:05:54;15.4;90.2
20;16/10/2025;06:06:14;15.4;90.1
21;16/10/2025;06:06:34;15.4;90.1
22;16/10/2025;06:06:54;15.4;90.1
23;16/10/2025;06:07:14;15.4;90.1
24;16/10/2025;06:07:34;15.4;89.9
25;16/10/2025;06:07:54;15.4;90
26;16/10/2025;06:08:14;15.4;89.9
27;16/10/2025;06:08:34;15.4;90
28;16/10/2025;06:08:54;15.3;90.1
29;16/10/2025;06:09:14;15.3;90.1
30;16/10/2025;06:09:34;15.3;90.2
31;16/10/2025;06:09:54;15.3;90.3
32;16/10/2025;06:10:14;15.3;90.3
33;16/10/2025;06:10:34;15.3;90.4
34;16/10/2025;06:10:54;15.3;90.5
35;16/10/2025;06:11:14;15.3;90.6
36;16/10/2025;06:11:34;15.3;90.7
37;16/10/2025;06:11:54;15.3;90.7
38;16/10/2025;06:12:14;15.3;90.9
39;16/10/2025;06:12:34;15.3;90.9
40;16/10/2025;06:12:54;15.3;90.9
41;16/10/2025;06:13:14;15.2;90.9
42;16/10/2025;06:13:34;15.3;91
43;16/10/2025;06:13:54;15.3;90.9
44;16/10/2025;06:14:14;15.3;90.9
45;16/10/2025;06:14:34;15.3;90.9
46;16/10/2025;06:14:54;15.3;90.9
47;16/10/2025;06:15:14;15.3;90.8
48;16/10/2025;06:15:34;15.3;90.9
49;16/10/2025;06:15:54;15.3;90.8
50;16/10/2025;06:16:14;15.3;90.8
51;16/10/2025;06:16:34;15.3;90.8
52;16/10/2025;06:16:54;15.3;90.8
53;16/10/2025;06:17:14;15.3;90.8
54;16/10/2025;06:17:34;15.3;90.8
55;16/10/2025;06:17:54;15.3;90.8
56;16/10/2025;06:18:14;15.3;90.8
57;16/10/2025;06:18:34;15.3;90.9
58;16/10/2025;06:18:54;15.3;90.9
59;16/10/2025;06:19:14;15.3;90.8
60;16/10/2025;06:19:34;15.3;90.8
61;16/10/2025;06:19:54;15.3;90.9
62;16/10/2025;06:20:14;15.4;90.9
63;16/10/2025;06:20:34;15.4;90.8
64;16/10/2025;06:20:54;15.4;90.9
65;16/10/2025;06:21:14;15.4;90.8
66;16/10/2025;06:21:34;15.4;90.9
67;16/10/2025;06:21:54;15.4;90.9
68;16/10/2025;06:22:14;15.4;90.8
69;16/10/2025;06:22:34;15.5;90.8
70;16/10/2025;06:22:54;15.5;90.9
71;16/10/2025;06:23:14;15.4;90.9
72;16/10/2025;06:23:34;15.5;90.9
73;16/10/2025;06:23:54;15.5;90.9
74;16/10/2025;06:24:14;15.5;90.9
75;16/10/2025;06:24:34;15.5;90.9
76;16/10/2025;06:24:54;15.5;91
77;16/10/2025;06:25:14;15.5;91
78;16/10/2025;06:25:34;15.5;91
79;16/10/2025;06:25:54;15.5;91
80;16/10/2025;06:26:14;15.5;91
81;16/10/2025;06:26:34;15.5;91
82;16/10/2025;06:26:54;15.5;90.8
83;16/10/2025;06:27:14;15.5;90.7
84;16/10/2025;06:27:34;15.5;90.7
85;16/10/2025;06:27:54;15.5;90.8
86;16/10/2025;06:28:14;15.6;90.8
87;16/10/2025;06:28:34;15.6;90.8
88;16/10/2025;06:28:54;15.5;90.8
89;16/10/2025;06:29:14;15.6;90.8
90;16/10/2025;06:29:34;15.6;90.8
91;16/10/2025;06:29:54;15.6;90.9
92;16/10/2025;06:30:14;15.6;90.9
93;16/10/2025;06:30:34;15.6;90.9
94;16/10/2025;06:30:54;15.6;90.9
95;16/10/2025;06:31:14;15.6;91
96;16/10/2025;06:31:34;15.6;91.1
97;16/10/2025;06:31:54;15.6;91.2
98;16/10/2025;06:32:14;15.6;91.2
99;16/10/2025;06:32:34;15.6;91.2
100;16/10/2025;06:32:54;15.7;91.3
101;16/10/2025;06:33:14;15.7;91.3
102;16/10/2025;06:33:34;15.7;91.2
103;16/10/2025;06:33:54;15.7;91.2
104;16/10/2025;06:34:14;15.7;91.3
105;16/10/2025;06:34:34;15.7;91.3
106;16/10/2025;06:34:54;15.8;91.3
107;16/10/2025;06:35:14;15.8;91.2
108;16/10/2025;06:35:34;15.8;91.2
109;16/10/2025;06:35:54;15.8;91.1
110;16/10/2025;06:36:14;15.8;91
111;16/10/2025;06:36:34;15.8;90.8
112;16/10/2025;06:36:54;15.9;90.9
113;16/10/2025;06:37:14;15.9;90.9
114;16/10/2025;06:37:34;15.9;90.9
115;16/10/2025;06:37:54;15.9;91
116;16/10/2025;06:38:14;15.9;91
117;16/10/2025;06:38:34;15.9;91
118;16/10/2025;06:38:54;15.9;90.9
119;16/10/2025;06:39:14;16;90.9
120;16/10/2025;06:39:34;16;90.9
121;16/10/2025;06:39:54;16;90.9
122;16/10/2025;06:40:14;16;90.9
123;16/10/2025;06:40:34;16;90.9
124;16/10/2025;06:40:54;16;90.9
125;16/10/2025;06:41:14;16;90.9
126;16/10/2025;06:41:34;16.1;90.8
127;16/10/2025;06:41:54;16.1;90.8
128;16/10/2025;06:42:14;16.1;90.8
129;16/10/2025;06:42:34;16.1;90.7
130;16/10/2025;06:42:54;16.1;90.7
131;16/10/2025;06:43:14;16.1;90.6
132;16/10/2025;06:43:34;16.1;90.7
133;16/10/2025;06:43:54;16.1;90.7
134;16/10/2025;06:44:14;16.1;90.6
135;16/10/2025;06:44:34;16.1;90.5
136;16/10/2025;06:44:54;16.2;90.5
137;16/10/2025;06:45:14;16.2;90.5
138;16/10/2025;06:45:34;16.2;90.4
139;16/10/2025;06:45:54;16.2;90.4
140;16/10/2025;06:46:14;16.2;90.3
141;16/10/2025;06:46:34;16.2;90.3
142;16/10/2025;06:46:54;16.2;90.3
143;16/10/2025;06:47:14;16.3;90.3
144;16/10/2025;06:47:34;16.3;90.2
145;16/10/2025;06:47:54;16.3;90.1
146;16/10/2025;06:48:14;16.3;90
147;16/10/2025;06:48:34;16.3;90
148;16/10/2025;06:48:54;16.3;89.9
149;16/10/2025;06:49:14;16.3;89.8
150;16/10/2025;06:49:34;16.4;89.8
151;16/10/2025;06:49:54;16.4;89.9
152;16/10/2025;06:50:14;16.4;89.7
153;16/10/2025;06:50:34;16.4;89.6
154;16/10/2025;06:50:54;16.4;89.4
155;16/10/2025;06:51:14;16.4;89.2
156;16/10/2025;06:51:34;16.4;88.7
157;16/10/2025;06:51:54;16.5;88.6
158;16/10/2025;06:52:14;16.5;88.9
159;16/10/2025;06:52:34;16.5;89.2
160;16/10/2025;06:52:54;16.5;89.3
161;16/10/2025;06:53:14;16.5;89.3
162;16/10/2025;06:53:34;16.5;89.2
163;16/10/2025;06:53:54;16.5;89
164;16/10/2025;06:54:14;16.5;88.9
165;16/10/2025;06:54:34;16.5;89.1
166;16/10/2025;06:54:54;16.5;89.2
167;16/10/2025;06:55:14;16.5;89.3
168;16/10/2025;06:55:34;16.6;89.4
169;16/10/2025;06:55:54;16.6;89.5
170;16/10/2025;06:56:14;16.6;89.7
171;16/10/2025;06:56:34;16.6;89.7
172;16/10/2025;06:56:54;16.6;89.6
173;16/10/2025;06:57:14;16.6;89.5
174;16/10/2025;06:57:34;16.6;89.6
175;16/10/2025;06:57:54;16.6;89.6
176;16/10/2025;06:58:14;16.7;89.3
177;16/10/2025;06:58:34;16.7;89.2
178;16/10/2025;06:58:54;16.7;89
179;16/10/2025;06:59:14;16.7;88.7
180;16/10/2025;06:59:34;16.8;88.6
181;16/10/2025;06:59:54;16.8;88.8
182;16/10/2025;07:00:14;16.8;88.8
183;16/10/2025;07:00:34;16.8;88.9
184;16/10/2025;07:00:54;16.8;89.1
185;16/10/2025;07:01:14;16.8;89
186;16/10/2025;07:01:34;16.8;88.9
187;16/10/2025;07:01:54;16.9;88.8
188;16/10/2025;07:02:14;16.9;88.5
189;16/10/2025;07:02:34;16.9;88.5
190;16/10/2025;07:02:54;16.9;88.3
191;16/10/2025;07:03:14;16.9;88.1
192;16/10/2025;07:03:34;17;87.9
193;16/10/2025;07:03:54;17;87.6
194;16/10/2025;07:04:14;17.1;87.4
195;16/10/2025;07:04:34;17.1;87.3
196;16/10/2025;07:04:54;17.1;87.3
197;16/10/2025;07:05:14;17.1;87.2
198;16/10/2025;07:05:34;17.2;87.1
199;16/10/2025;07:05:54;17.2;86.9
200;16/10/2025;07:06:14;17.2;86.6
201;16/10/2025;07:06:34;17.3;86.2
202;16/10/2025;07:06:54;17.3;86.2
203;16/10/2025;07:07:14;17.4;86.4
204;16/10/2025;07:07:34;17.4;86.4
205;16/10/2025;07:07:54;17.4;86.5
206;16/10/2025;07:08:14;17.4;86.5
207;16/10/2025;07:08:34;17.4;86.5
208;16/10/2025;07:08:54;17.5;86.5
209;16/10/2025;07:09:14;17.5;86.1
210;16/10/2025;07:09:34;17.5;85.8
211;16/10/2025;07:09:54;17.5;85.7
212;16/10/2025;07:10:14;17.6;85.6
213;16/10/2025;07:10:34;17.6;86
214;16/10/2025;07:10:54;17.6;86.4
215;16/10/2025;07:11:14;17.6;86.5
216;16/10/2025;07:11:34;17.6;86.6
217;16/10/2025;07:11:54;17.6;86.4
218;16/10/2025;07:12:14;17.6;86.1
219;16/10/2025;07:12:34;17.7;85.8
220;16/10/2025;07:12:54;17.7;85.6
221;16/10/2025;07:13:14;17.7;85.5
222;16/10/2025;07:13:34;17.7;85.6
223;16/10/2025;07:13:54;17.7;85.6
224;16/10/2025;07:14:14;17.8;85.7
225;16/10/2025;07:14:34;17.8;85.9
226;16/10/2025;07:14:54;17.8;86.1
227;16/10/2025;07:15:14;17.8;86.1
228;16/10/2025;07:15:34;17.8;85.9
229;16/10/2025;07:15:54;17.8;86
230;16/10/2025;07:16:14;17.8;86.1
231;16/10/2025;07:16:34;17.8;86.2
232;16/10/2025;07:16:54;17.8;86
233;16/10/2025;07:17:14;17.8;86.2
234;16/10/2025;07:17:34;17.8;86.3
235;16/10/2025;07:17:54;17.8;86.2
236;16/10/2025;07:18:14;17.8;86.1
237;16/10/2025;07:18:34;17.8;86.2
238;16/10/2025;07:18:54;17.8;86.3
239;16/10/2025;07:19:14;17.9;86.3
240;16/10/2025;07:19:34;17.9;86.1
241;16/10/2025;07:19:54;17.9;86
242;16/10/2025;07:20:14;17.9;86.1
243;16/10/2025;07:20:34;17.9;86
244;16/10/2025;07:20:54;17.9;86.1
245;16/10/2025;07:21:14;18;86
246;16/10/2025;07:21:34;18;86.2
247;16/10/2025;07:21:54;18;86.1
248;16/10/2025;07:22:14;18;86
249;16/10/2025;07:22:34;18;85.9
250;16/10/2025;07:22:54;18.1;85.8
251;16/10/2025;07:23:14;18;86
252;16/10/2025;07:23:34;18;86.1
253;16/10/2025;07:23:54;18;86.4
254;16/10/2025;07:24:13;18.1;86.4
255;16/10/2025;07:24:33;18;86.5
256;16/10/2025;07:24:53;18.1;86.4
257;16/10/2025;07:25:13;18.1;86.4
258;16/10/2025;07:25:33;18.1;86.4
259;16/10/2025;07:25:53;18.1;85.8
260;16/10/2025;07:26:13;18.2;85.8
261;16/10/2025;07:26:33;18.2;85.8
262;16/10/2025;07:26:53;18.2;85.9
263;16/10/2025;07:27:13;18.3;85.6
264;16/10/2025;07:27:33;18.3;85.4
265;16/10/2025;07:27:53;18.3;85.2
266;16/10/2025;07:28:13;18.4;85
267;16/10/2025;07:28:33;18.4;85
268;16/10/2025;07:28:53;18.4;85
269;16/10/2025;07:29:13;18.5;83.6
270;16/10/2025;07:29:33;18.5;82.2
271;16/10/2025;07:29:53;18.6;81.7
272;16/10/2025;07:30:13;18.6;81.9
273;16/10/2025;07:30:33;18.7;81.6
274;16/10/2025;07:30:53;18.8;80.6
275;16/10/2025;07:31:13;18.9;80
276;16/10/2025;07:31:33;19;79.6
277;16/10/2025;07:31:53;19;79.5
278;16/10/2025;07:32:13;19.1;79.3
279;16/10/2025;07:32:33;19.2;80.3
280;16/10/2025;07:32:53;19.2;81.7
281;16/10/2025;07:33:13;19.2;81.9
282;16/10/2025;07:33:33;19.2;81
283;16/10/2025;07:33:53;19.3;79.4
284;16/10/2025;07:34:13;19.3;78.6
285;16/10/2025;07:34:33;19.4;78.2
286;16/10/2025;07:34:53;19.5;77.8
287;16/10/2025;07:35:13;19.5;77.4
288;16/10/2025;07:35:33;19.6;77.2
289;16/10/2025;07:35:53;19.6;77.1
290;16/10/2025;07:36:13;19.6;76.8
291;16/10/2025;07:36:33;19.7;76.4
292;16/10/2025;07:36:53;19.7;75.9
293;16/10/2025;07:37:13;19.8;75.9
294;16/10/2025;07:37:33;19.8;76.1
295;16/10/2025;07:37:53;19.8;76.4
296;16/10/2025;07:38:13;19.9;76.7
297;16/10/2025;07:38:33;19.9;76.4
298;16/10/2025;07:38:53;19.9;75.4
299;16/10/2025;07:39:13;20;75
300;16/10/2025;07:39:33;20;75.2
301;16/10/2025;07:39:53;20;76.9
302;16/10/2025;07:40:13;20;77.8
303;16/10/2025;07:40:33;20;77
304;16/10/2025;07:40:53;20;76.5
305;16/10/2025;07:41:13;20.1;75.9
306;16/10/2025;07:41:33;20.1;75.1
307;16/10/2025;07:41:53;20.2;74.7
308;16/10/2025;07:42:13;20.2;74.2
309;16/10/2025;07:42:33;20.3;73.8
310;16/10/2025;07:42:53;20.3;73.6
311;16/10/2025;07:43:13;20.4;73.3
312;16/10/2025;07:43:33;20.4;73.2
313;16/10/2025;07:43:53;20.5;73.1
314;16/10/2025;07:44:13;20.5;72.9
315;16/10/2025;07:44:33;20.5;73.4
316;16/10/2025;07:44:53;20.6;73.6
317;16/10/2025;07:45:13;20.6;73.5
318;16/10/2025;07:45:33;20.6;73.1
319;16/10/2025;07:45:53;20.6;73.9
320;16/10/2025;07:46:13;20.6;75
321;16/10/2025;07:46:33;20.6;75.6
322;16/10/2025;07:46:53;20.6;75.8
323;16/10/2025;07:47:13;20.5;75.5
324;16/10/2025;07:47:33;20.5;75
325;16/10/2025;07:47:53;20.4;75.6
326;16/10/2025;07:48:13;20.4;76.2
327;16/10/2025;07:48:33;20.5;76.3
328;16/10/2025;07:48:53;20.5;76.5
329;16/10/2025;07:49:13;20.5;76.4
330;16/10/2025;07:49:33;20.5;75.2
331;16/10/2025;07:49:53;20.6;74
332;16/10/2025;07:50:13;20.7;74
333;16/10/2025;07:50:33;20.8;74.1
334;16/10/2025;07:50:53;20.8;75.7
335;16/10/2025;07:51:13;20.8;76
336;16/10/2025;07:51:33;20.8;74.9
337;16/10/2025;07:51:53;20.9;73.4
338;16/10/2025;07:52:13;20.9;73.7
339;16/10/2025;07:52:33;20.9;75.3
340;16/10/2025;07:52:53;21;75.5
341;16/10/2025;07:53:13;21;73.5
342;16/10/2025;07:53:33;21;74.4
343;16/10/2025;07:53:53;21;75.9
344;16/10/2025;07:54:13;21;75.3
345;16/10/2025;07:54:33;21;73.7
346;16/10/2025;07:54:53;21;74.3
347;16/10/2025;07:55:13;21;73.4
348;16/10/2025;07:55:33;21.1;72
349;16/10/2025;07:55:53;21.2;71.8
350;16/10/2025;07:56:13;21.3;71
351;16/10/2025;07:56:33;21.3;70.6
352;16/10/2025;07:56:53;21.4;70.6
353;16/10/2025;07:57:13;21.4;70.3
354;16/10/2025;07:57:33;21.4;70.2
355;16/10/2025;07:57:53;21.4;71.5
356;16/10/2025;07:58:13;21.3;72.4
357;16/10/2025;07:58:33;21.3;72.8
358;16/10/2025;07:58:53;21.2;74.1
359;16/10/2025;07:59:13;21.1;75.3
360;16/10/2025;07:59:33;21.2;75.6
361;16/10/2025;07:59:53;21.1;75.8
362;16/10/2025;08:00:13;21.2;75.4
363;16/10/2025;08:00:33;21.3;74.9
364;16/10/2025;08:00:53;21.3;73.7
365;16/10/2025;08:01:13;21.4;73.8
366;16/10/2025;08:01:33;21.5;74.8
367;16/10/2025;08:01:53;21.5;75.5
368;16/10/2025;08:02:13;21.6;75.4
369;16/10/2025;08:02:33;21.5;74.6
370;16/10/2025;08:02:53;21.5;73.7
371;16/10/2025;08:03:13;21.6;73.5
372;16/10/2025;08:03:33;21.6;73.9
373;16/10/2025;08:03:53;21.6;73.3
374;16/10/2025;08:04:13;21.6;73.9
375;16/10/2025;08:04:33;21.7;73.3
376;16/10/2025;08:04:53;21.9;73.7
377;16/10/2025;08:05:13;22;72.7
378;16/10/2025;08:05:33;22.2;70.3
379;16/10/2025;08:05:53;22.3;68.7
380;16/10/2025;08:06:13;22.4;67.9
381;16/10/2025;08:06:33;22.5;67.6
382;16/10/2025;08:06:53;22.6;67.1
383;16/10/2025;08:07:13;22.6;66.8
384;16/10/2025;08:07:33;22.7;66.7
385;16/10/2025;08:07:53;22.7;66.4
386;16/10/2025;08:08:13;22.7;66.2
387;16/10/2025;08:08:33;22.8;66
388;16/10/2025;08:08:53;22.9;66.5
389;16/10/2025;08:09:13;22.9;66.4
390;16/10/2025;08:09:33;23;66.1
391;16/10/2025;08:09:53;23;66
392;16/10/2025;08:10:13;23;66.5
393;16/10/2025;08:10:33;23.1;65.8
394;16/10/2025;08:10:53;23.2;66.2
395;16/10/2025;08:11:13;23.3;66.5
396;16/10/2025;08:11:33;23.4;66.6
397;16/10/2025;08:11:53;23.6;65.8
398;16/10/2025;08:12:13;23.7;64.4
399;16/10/2025;08:12:33;23.9;64.8
400;16/10/2025;08:12:53;24.1;65
401;16/10/2025;08:13:13;24.2;64
402;16/10/2025;08:13:33;24.3;62.6
403;16/10/2025;08:13:53;24.5;62
404;16/10/2025;08:14:13;24.5;61.3
405;16/10/2025;08:14:33;24.5;60.4
406;16/10/2025;08:14:53;24.4;60
407;16/10/2025;08:15:13;24.4;60.4
408;16/10/2025;08:15:33;24.3;60.5
409;16/10/2025;08:15:53;24.2;60.7
410;16/10/2025;08:16:13;24.2;60.7
411;16/10/2025;08:16:33;24.2;60.9
412;16/10/2025;08:16:53;24.1;61.6
413;16/10/2025;08:17:13;24.1;61.9
414;16/10/2025;08:17:33;24;61.7
415;16/10/2025;08:17:53;24.1;61.9
416;16/10/2025;08:18:13;24.1;61.7
417;16/10/2025;08:18:33;24.2;61
418;16/10/2025;08:18:53;24.3;60.6
419;16/10/2025;08:19:13;24.4;60.6
420;16/10/2025;08:19:33;24.4;61.1
421;16/10/2025;08:19:53;24.4;61.2
422;16/10/2025;08:20:13;24.4;60.8
423;16/10/2025;08:20:33;24.4;60.5
424;16/10/2025;08:20:53;24.4;60
425;16/10/2025;08:21:13;24.4;60.2
426;16/10/2025;08:21:33;24.5;61
427;16/10/2025;08:21:53;24.4;62.1
428;16/10/2025;08:22:13;24.4;62.6
429;16/10/2025;08:22:33;24.3;62.9
430;16/10/2025;08:22:53;24.1;63
431;16/10/2025;08:23:13;23.9;63.3
432;16/10/2025;08:23:33;23.8;64.7
433;16/10/2025;08:23:53;23.7;64.9
434;16/10/2025;08:24:13;23.7;65.7
435;16/10/2025;08:24:33;23.8;65.7
436;16/10/2025;08:24:53;23.9;66.1
437;16/10/2025;08:25:13;23.8;65.5
438;16/10/2025;08:25:33;23.7;65.2
439;16/10/2025;08:25:53;23.6;65.6
440;16/10/2025;08:26:13;23.5;66.5
441;16/10/2025;08:26:33;23.5;66.4
442;16/10/2025;08:26:53;23.5;66.9
443;16/10/2025;08:27:13;23.4;66.9
444;16/10/2025;08:27:33;23.5;65.6
445;16/10/2025;08:27:53;23.5;63.5
446;16/10/2025;08:28:13;23.5;63.5
447;16/10/2025;08:28:33;23.5;63.8
448;16/10/2025;08:28:53;23.5;63.7
449;16/10/2025;08:29:13;23.6;64.6
450;16/10/2025;08:29:33;23.5;65
451;16/10/2025;08:29:53;23.5;65.3
452;16/10/2025;08:30:13;23.6;65.6
453;16/10/2025;08:30:33;23.6;66.1
454;16/10/2025;08:30:53;23.6;66.8
455;16/10/2025;08:31:13;23.6;66.8
456;16/10/2025;08:31:33;23.6;67.1
457;16/10/2025;08:31:53;23.6;67.1
458;16/10/2025;08:32:13;23.6;67.6
459;16/10/2025;08:32:33;23.5;67.8
460;16/10/2025;08:32:53;23.5;68.2
461;16/10/2025;08:33:13;23.4;66.7
462;16/10/2025;08:33:33;23.3;66.5
463;16/10/2025;08:33:53;23.3;66.8
464;16/10/2025;08:34:13;23.3;66.4
465;16/10/2025;08:34:33;23.3;67.1
466;16/10/2025;08:34:53;23.2;67.8
467;16/10/2025;08:35:13;23.2;67.7
468;16/10/2025;08:35:33;23.2;68.2
469;16/10/2025;08:35:53;23.2;68.6
470;16/10/2025;08:36:13;23.2;69.4
471;16/10/2025;08:36:33;23.2;70
472;16/10/2025;08:36:53;23.3;70
473;16/10/2025;08:37:13;23.3;70.6
474;16/10/2025;08:37:33;23.3;70.1
475;16/10/2025;08:37:53;23.4;70.1
476;16/10/2025;08:38:13;23.5;69
477;16/10/2025;08:38:33;23.6;68.6
478;16/10/2025;08:38:53;23.7;67.7
479;16/10/2025;08:39:13;23.9;65.3
480;16/10/2025;08:39:33;24;64.2
481;16/10/2025;08:39:53;24.2;63.1
482;16/10/2025;08:40:13;24.3;62.7
483;16/10/2025;08:40:33;24.3;63.6
484;16/10/2025;08:40:53;24.4;64.4
485;16/10/2025;08:41:13;24.5;64.6
486;16/10/2025;08:41:33;24.6;64.4
487;16/10/2025;08:41:53;24.6;63.6
488;16/10/2025;08:42:13;24.6;63.2
489;16/10/2025;08:42:33;24.5;62.7
490;16/10/2025;08:42:53;24.5;63
491;16/10/2025;08:43:13;24.4;63.2
492;16/10/2025;08:43:33;24.3;63.3
493;16/10/2025;08:43:53;24.3;63.5
494;16/10/2025;08:44:13;24.2;63.9
495;16/10/2025;08:44:33;24.2;65.6
496;16/10/2025;08:44:53;24.1;65.9
497;16/10/2025;08:45:13;24.1;65.4
498;16/10/2025;08:45:33;24;64.3
499;16/10/2025;08:45:53;24.1;64.5
500;16/10/2025;08:46:13;24;64.4
501;16/10/2025;08:46:33;24.1;64.5
502;16/10/2025;08:46:53;24.1;64.8
503;16/10/2025;08:47:13;24.1;64.7
504;16/10/2025;08:47:33;24.1;65.1
505;16/10/2025;08:47:53;24.1;65
506;16/10/2025;08:48:13;24;65.9
507;16/10/2025;08:48:33;24;64.9
508;16/10/2025;08:48:53;24;66.2
509;16/10/2025;08:49:13;24;67.4
510;16/10/2025;08:49:33;24;67.3
511;16/10/2025;08:49:53;24.1;66.7
512;16/10/2025;08:50:13;24.1;66.2
513;16/10/2025;08:50:33;24.1;66
514;16/10/2025;08:50:53;24.1;65.5
515;16/10/2025;08:51:13;24.1;65.7
516;16/10/2025;08:51:33;24.1;65
517;16/10/2025;08:51:53;24.1;64.7
518;16/10/2025;08:52:13;24.2;63.9
519;16/10/2025;08:52:33;24.2;63.4
520;16/10/2025;08:52:53;24.3;63.6
521;16/10/2025;08:53:13;24.3;64.5
522;16/10/2025;08:53:33;24.3;65.5
523;16/10/2025;08:53:53;24.3;66.2
524;16/10/2025;08:54:13;24.3;67.1
525;16/10/2025;08:54:33;24.3;68.1
526;16/10/2025;08:54:53;24.4;67.1
527;16/10/2025;08:55:13;24.4;65.3
528;16/10/2025;08:55:32;24.5;64.6
529;16/10/2025;08:55:52;24.5;64.8
530;16/10/2025;08:56:12;24.5;65.4
531;16/10/2025;08:56:32;24.6;64.8
532;16/10/2025;08:56:52;24.6;64.2
533;16/10/2025;08:57:12;24.6;64.6
534;16/10/2025;08:57:32;24.6;64.8
535;16/10/2025;08:57:52;24.7;64.4
536;16/10/2025;08:58:12;24.8;63.4
537;16/10/2025;08:58:32;24.9;63.5
538;16/10/2025;08:58:52;25.1;63.3
539;16/10/2025;08:59:12;25.2;63.3
540;16/10/2025;08:59:32;25.4;62.9
541;16/10/2025;08:59:52;25.5;63
542;16/10/2025;09:00:12;25.6;62.5
543;16/10/2025;09:00:32;25.7;61
544;16/10/2025;09:00:52;25.6;60.4
545;16/10/2025;09:01:12;25.6;59.7
546;16/10/2025;09:01:32;25.6;60
547;16/10/2025;09:01:52;25.5;61
548;16/10/2025;09:02:12;25.4;61.7
549;16/10/2025;09:02:32;25.3;61.1
550;16/10/2025;09:02:52;25.3;61.2
551;16/10/2025;09:03:12;25.3;60.2
552;16/10/2025;09:03:32;25.3;60.4
553;16/10/2025;09:03:52;25.3;60.8
554;16/10/2025;09:04:12;25.5;60.7
555;16/10/2025;09:04:32;25.6;60.5
556;16/10/2025;09:04:52;25.8;61.1
557;16/10/2025;09:05:12;25.9;61.4
558;16/10/2025;09:05:32;25.9;60.7
559;16/10/2025;09:05:52;25.9;60.4
560;16/10/2025;09:06:12;25.8;60.6
561;16/10/2025;09:06:32;25.8;61.7
562;16/10/2025;09:06:52;25.7;61.3
563;16/10/2025;09:07:12;25.8;61.9
564;16/10/2025;09:07:32;26.1;60.2
565;16/10/2025;09:07:52;26.3;58.7
566;16/10/2025;09:08:12;26.4;59.7
567;16/10/2025;09:08:32;26.4;59.4
568;16/10/2025;09:08:52;26.5;59.9
569;16/10/2025;09:09:12;26.5;60.5
570;16/10/2025;09:09:32;26.5;60.8
571;16/10/2025;09:09:52;26.5;61.5
572;16/10/2025;09:10:12;26.4;61.8
573;16/10/2025;09:10:32;26.3;62.8
574;16/10/2025;09:10:52;26.3;63.6
575;16/10/2025;09:11:12;26.2;63.5
576;16/10/2025;09:11:32;26.1;62.7
577;16/10/2025;09:11:52;26;62
578;16/10/2025;09:12:12;25.9;61.3
579;16/10/2025;09:12:32;25.9;61.2
580;16/10/2025;09:12:52;25.8;61.3
581;16/10/2025;09:13:12;25.8;61.6
582;16/10/2025;09:13:32;25.8;62
583;16/10/2025;09:13:52;25.7;63.2
584;16/10/2025;09:14:12;25.7;63.8
585;16/10/2025;09:14:32;25.7;64.3
586;16/10/2025;09:14:52;25.7;65
587;16/10/2025;09:15:12;25.6;65.9
588;16/10/2025;09:15:32;25.6;65.6
589;16/10/2025;09:15:52;25.6;64.1
590;16/10/2025;09:16:12;25.6;62.6
591;16/10/2025;09:16:32;25.6;61.3
592;16/10/2025;09:16:52;25.7;61.6
593;16/10/2025;09:17:12;25.8;61.6
594;16/10/2025;09:17:32;25.8;59.4
595;16/10/2025;09:17:52;25.9;58.7
596;16/10/2025;09:18:12;25.9;58.9
597;16/10/2025;09:18:32;26;58.2
598;16/10/2025;09:18:52;26.1;59
599;16/10/2025;09:19:12;26.2;59.3
600;16/10/2025;09:19:32;26.3;58.8
601;16/10/2025;09:19:52;26.4;59
602;16/10/2025;09:20:12;26.4;59.1
603;16/10/2025;09:20:32;26.3;59.4
604;16/10/2025;09:20:52;26.3;59.4
605;16/10/2025;09:21:12;26.2;59.2
606;16/10/2025;09:21:32;26.2;59.6
607;16/10/2025;09:21:52;26;60.1
608;16/10/2025;09:22:12;26;61.2
609;16/10/2025;09:22:32;26.1;61.6
610;16/10/2025;09:22:52;26.1;61.7
611;16/10/2025;09:23:12;26.1;60.9
612;16/10/2025;09:23:32;26;60.7
613;16/10/2025;09:23:52;26;61.1
614;16/10/2025;09:24:12;25.9;62
615;16/10/2025;09:24:32;25.9;61.9
616;16/10/2025;09:24:52;25.8;62.6
617;16/10/2025;09:25:12;25.8;62.9
618;16/10/2025;09:25:32;25.7;63.7
619;16/10/2025;09:25:52;25.7;63.6
620;16/10/2025;09:26:12;25.7;63.1
621;16/10/2025;09:26:32;25.7;63
622;16/10/2025;09:26:52;25.7;64.1
623;16/10/2025;09:27:12;25.7;63.7
624;16/10/2025;09:27:32;25.7;64
625;16/10/2025;09:27:52;25.7;63.1
626;16/10/2025;09:28:12;25.7;63.2
627;16/10/2025;09:28:32;25.6;62.4
628;16/10/2025;09:28:52;25.6;62.6
629;16/10/2025;09:29:12;25.6;62.5
630;16/10/2025;09:29:32;25.6;62.5
631;16/10/2025;09:29:52;25.6;62.9
632;16/10/2025;09:30:12;25.7;62.9
633;16/10/2025;09:30:32;25.8;61.6
634;16/10/2025;09:30:52;25.9;59.4
635;16/10/2025;09:31:12;26.1;58.9
636;16/10/2025;09:31:32;26.2;57.9
637;16/10/2025;09:31:52;26.4;57.4
638;16/10/2025;09:32:12;26.5;56.7
639;16/10/2025;09:32:32;26.6;56.4
640;16/10/2025;09:32:52;26.7;56.1
641;16/10/2025;09:33:12;26.8;55.7
642;16/10/2025;09:33:32;26.9;55.5
643;16/10/2025;09:33:52;26.9;55.8
644;16/10/2025;09:34:12;27;55.7
645;16/10/2025;09:34:32;27.1;56.2
646;16/10/2025;09:34:52;27.1;56.1
647;16/10/2025;09:35:12;27.1;56.4
648;16/10/2025;09:35:32;27.2;56.2
649;16/10/2025;09:35:52;27.2;55.8
650;16/10/2025;09:36:12;27.2;55.3
651;16/10/2025;09:36:32;27.2;55.8
652;16/10/2025;09:36:52;27.2;56.8
653;16/10/2025;09:37:12;27.2;57
654;16/10/2025;09:37:32;27.2;56.8
655;16/10/2025;09:37:52;27.2;56.5
656;16/10/2025;09:38:12;27.2;56.3
657;16/10/2025;09:38:32;27.3;55.9
658;16/10/2025;09:38:52;27.3;55.7
659;16/10/2025;09:39:12;27.3;55.5
660;16/10/2025;09:39:32;27.3;55.8
661;16/10/2025;09:39:52;27.2;56.8
662;16/10/2025;09:40:12;27.1;58.1
663;16/10/2025;09:40:32;27.1;58.1
664;16/10/2025;09:40:52;27;57.1
665;16/10/2025;09:41:12;26.9;57.9
666;16/10/2025;09:41:32;26.8;58.5
667;16/10/2025;09:41:52;26.7;57.6
668;16/10/2025;09:42:12;26.7;58.5
669;16/10/2025;09:42:32;26.7;58.5
670;16/10/2025;09:42:52;26.6;59.3
671;16/10/2025;09:43:12;26.7;60.3
672;16/10/2025;09:43:32;26.7;60.9
673;16/10/2025;09:43:52;26.7;61.6
674;16/10/2025;09:44:12;26.7;61.3
675;16/10/2025;09:44:32;26.7;60.6
676;16/10/2025;09:44:52;26.8;61.3
677;16/10/2025;09:45:12;26.9;61
678;16/10/2025;09:45:32;26.9;60.4
679;16/10/2025;09:45:52;26.9;58.5
680;16/10/2025;09:46:12;26.9;58.4
681;16/10/2025;09:46:32;26.9;59.1
682;16/10/2025;09:46:52;27;59.6
683;16/10/2025;09:47:12;27;58.7
684;16/10/2025;09:47:32;27;59
685;16/10/2025;09:47:52;26.9;59
686;16/10/2025;09:48:12;26.9;58.5
687;16/10/2025;09:48:32;26.9;58.6
688;16/10/2025;09:48:52;26.9;57.7
689;16/10/2025;09:49:12;26.9;57.9
690;16/10/2025;09:49:32;27;58.4
691;16/10/2025;09:49:52;27.1;58.6
692;16/10/2025;09:50:12;27.1;58.9
693;16/10/2025;09:50:32;27.1;58.8
694;16/10/2025;09:50:52;27.1;57.9
695;16/10/2025;09:51:12;27.1;58.4
696;16/10/2025;09:51:32;27.1;58.7
697;16/10/2025;09:51:52;27;58.5
698;16/10/2025;09:52:12;27;57.2
699;16/10/2025;09:52:32;27.2;58.3
700;16/10/2025;09:52:52;27.4;58.4
701;16/10/2025;09:53:12;27.7;57.4
702;16/10/2025;09:53:32;28;54.7
703;16/10/2025;09:53:52;28.2;54.1
704;16/10/2025;09:54:12;28.4;54.5
705;16/10/2025;09:54:32;28.7;54.4
706;16/10/2025;09:54:52;29;52.9
707;16/10/2025;09:55:12;29.2;52.2
708;16/10/2025;09:55:32;29.5;51.3
709;16/10/2025;09:55:52;29.8;50.1
710;16/10/2025;09:56:12;30;50
711;16/10/2025;09:56:32;29.9;50.1
712;16/10/2025;09:56:52;29.8;50.6
713;16/10/2025;09:57:12;29.6;50.3
714;16/10/2025;09:57:32;29.3;51.5
715;16/10/2025;09:57:52;29.1;52.8
716;16/10/2025;09:58:12;29;53.7
717;16/10/2025;09:58:32;28.9;54.1
718;16/10/2025;09:58:52;28.7;54.5
719;16/10/2025;09:59:12;28.5;54.1
720;16/10/2025;09:59:32;28.3;55.9
721;16/10/2025;09:59:52;28.3;56.5
722;16/10/2025;10:00:12;28.3;54.2
723;16/10/2025;10:00:32;28.2;55.8
724;16/10/2025;10:00:52;28.1;56.9
725;16/10/2025;10:01:12;28;55.4
726;16/10/2025;10:01:32;28;53.5
727;16/10/2025;10:01:52;28;53.3
728;16/10/2025;10:02:12;28;53.6
729;16/10/2025;10:02:32;28.1;53.6
730;16/10/2025;10:02:52;28.1;54.2
731;16/10/2025;10:03:12;28.1;54.5
732;16/10/2025;10:03:32;28.1;54
733;16/10/2025;10:03:52;28;55
734;16/10/2025;10:04:12;27.9;56.8
735;16/10/2025;10:04:32;27.9;57.2
736;16/10/2025;10:04:52;27.9;55.8
737;16/10/2025;10:05:12;28;55.7
738;16/10/2025;10:05:32;28.1;55
739;16/10/2025;10:05:52;28.1;55
740;16/10/2025;10:06:12;28.1;55.5
741;16/10/2025;10:06:32;28.1;54
742;16/10/2025;10:06:52;28.1;53.7
743;16/10/2025;10:07:12;28.1;53.9
744;16/10/2025;10:07:32;28.1;54.3
745;16/10/2025;10:07:52;28.1;54.2
746;16/10/2025;10:08:12;28;54.3
747;16/10/2025;10:08:32;28;54.1
748;16/10/2025;10:08:52;28;53.8
749;16/10/2025;10:09:12;27.9;54.3
750;16/10/2025;10:09:32;27.9;54.6
751;16/10/2025;10:09:52;27.9;54.2
752;16/10/2025;10:10:12;27.9;54.3
753;16/10/2025;10:10:32;28;54.8
754;16/10/2025;10:10:52;28;53.7
755;16/10/2025;10:11:12;28.1;52.6
756;16/10/2025;10:11:32;28.2;52.8
757;16/10/2025;10:11:52;28.3;52.3
758;16/10/2025;10:12:12;28.3;52.6
759;16/10/2025;10:12:32;28.3;53.5
760;16/10/2025;10:12:52;28.3;53.8
761;16/10/2025;10:13:12;28.4;54
762;16/10/2025;10:13:32;28.3;54.5
763;16/10/2025;10:13:52;28.3;55.1
764;16/10/2025;10:14:12;28.3;56
765;16/10/2025;10:14:32;28.2;54.2
766;16/10/2025;10:14:52;28.2;53.3
767;16/10/2025;10:15:12;28.2;54
768;16/10/2025;10:15:32;28.2;54.3
769;16/10/2025;10:15:52;28.2;54.1
770;16/10/2025;10:16:12;28.2;54.5
771;16/10/2025;10:16:32;28.2;54.8
772;16/10/2025;10:16:52;28.2;55.5
773;16/10/2025;10:17:12;28.2;56.1
774;16/10/2025;10:17:32;28.1;55.8
775;16/10/2025;10:17:52;28.2;57.3
776;16/10/2025;10:18:12;28.1;55.4
777;16/10/2025;10:18:31;28.1;55.8
778;16/10/2025;10:18:51;28.1;54.3
779;16/10/2025;10:19:11;28.1;54.7
780;16/10/2025;10:19:31;28.1;55.1
781;16/10/2025;10:19:51;28;53.9
782;16/10/2025;10:20:11;28;53.4
783;16/10/2025;10:20:31;27.9;53.7
784;16/10/2025;10:20:51;27.9;53.2
785;16/10/2025;10:21:11;27.9;52.9
786;16/10/2025;10:21:31;28;53.1
787;16/10/2025;10:21:51;28;53
788;16/10/2025;10:22:11;28;53.7
789;16/10/2025;10:22:31;28;54.3
790;16/10/2025;10:22:51;28;55
791;16/10/2025;10:23:11;28.1;53.5
792;16/10/2025;10:23:31;28.1;53.3
793;16/10/2025;10:23:51;28.1;52.8
794;16/10/2025;10:24:11;28.1;53.2
795;16/10/2025;10:24:31;28.1;54.5
796;16/10/2025;10:24:51;28.1;55.3
797;16/10/2025;10:25:11;28.2;54.3
798;16/10/2025;10:25:31;28.3;55.7
799;16/10/2025;10:25:51;28.4;56.7
800;16/10/2025;10:26:11;28.6;54.7
801;16/10/2025;10:26:31;28.8;54.2
802;16/10/2025;10:26:51;28.9;54.4
803;16/10/2025;10:27:11;29.1;53.6
804;16/10/2025;10:27:31;29.2;52.2
805;16/10/2025;10:27:51;29.2;53.1
806;16/10/2025;10:28:11;29.2;53.2
807;16/10/2025;10:28:31;29.3;53.4
808;16/10/2025;10:28:51;29.3;53.7
809;16/10/2025;10:29:11;29.4;52.3
810;16/10/2025;10:29:31;29.6;52.5
811;16/10/2025;10:29:51;29.7;52.5
812;16/10/2025;10:30:11;29.7;52
813;16/10/2025;10:30:31;29.7;51.9
814;16/10/2025;10:30:51;29.7;51.9
815;16/10/2025;10:31:11;29.6;51.9
816;16/10/2025;10:31:31;29.5;53.1
817;16/10/2025;10:31:51;29.4;53.1
818;16/10/2025;10:32:11;29.3;51.5
819;16/10/2025;10:32:31;29.2;52.2
820;16/10/2025;10:32:51;29.2;53.4
821;16/10/2025;10:33:11;29.1;51.6
822;16/10/2025;10:33:31;29;50.3
823;16/10/2025;10:33:51;28.9;50.4
824;16/10/2025;10:34:11;28.9;51.1
825;16/10/2025;10:34:31;28.9;52.1
826;16/10/2025;10:34:51;28.9;51.7
827;16/10/2025;10:35:11;28.9;50.9
828;16/10/2025;10:35:31;28.9;51.9
829;16/10/2025;10:35:51;28.9;51.8
830;16/10/2025;10:36:11;29;51.3
831;16/10/2025;10:36:31;29.1;51.3
832;16/10/2025;10:36:51;29.2;51
833;16/10/2025;10:37:11;29.4;50.1
834;16/10/2025;10:37:31;29.5;49.5
835;16/10/2025;10:37:51;29.7;48.6
836;16/10/2025;10:38:11;29.7;48.5
837;16/10/2025;10:38:31;29.8;48.1
838;16/10/2025;10:38:51;29.9;48.4
839;16/10/2025;10:39:11;29.8;48
840;16/10/2025;10:39:31;29.7;48.2
841;16/10/2025;10:39:51;29.5;48.4
842;16/10/2025;10:40:11;29.5;49.3
843;16/10/2025;10:40:31;29.5;49.1
844;16/10/2025;10:40:51;29.4;48.6
845;16/10/2025;10:41:11;29.4;49.1
846;16/10/2025;10:41:31;29.5;50
847;16/10/2025;10:41:51;29.5;49.4
848;16/10/2025;10:42:11;29.6;49.2
849;16/10/2025;10:42:31;29.6;49.3
850;16/10/2025;10:42:51;29.6;49.6
851;16/10/2025;10:43:11;29.7;50.8
852;16/10/2025;10:43:31;29.8;50.9
853;16/10/2025;10:43:51;29.8;49.8
854;16/10/2025;10:44:11;29.9;49.2
855;16/10/2025;10:44:31;30;48.4
856;16/10/2025;10:44:51;30.1;48.4
857;16/10/2025;10:45:11;30.1;48.3
858;16/10/2025;10:45:31;30.2;48.5
859;16/10/2025;10:45:51;30.3;48.9
860;16/10/2025;10:46:11;30.3;48.6
861;16/10/2025;10:46:31;30.3;48.7
862;16/10/2025;10:46:51;30.2;48.5
863;16/10/2025;10:47:11;30.2;49
864;16/10/2025;10:47:31;30.1;49.7
865;16/10/2025;10:47:51;30;49.7
866;16/10/2025;10:48:11;30;48.6
867;16/10/2025;10:48:31;29.9;48.2
868;16/10/2025;10:48:51;29.8;48.5
869;16/10/2025;10:49:11;29.7;49.2
870;16/10/2025;10:49:31;29.6;49.9
871;16/10/2025;10:49:51;29.5;50.3
872;16/10/2025;10:50:11;29.5;51.2
873;16/10/2025;10:50:31;29.5;51.8
874;16/10/2025;10:50:51;29.5;51
875;16/10/2025;10:51:11;29.4;50.1
876;16/10/2025;10:51:31;29.4;50.1
877;16/10/2025;10:51:51;29.4;50.9
878;16/10/2025;10:52:11;29.3;51.5
879;16/10/2025;10:52:31;29.4;51.5
880;16/10/2025;10:52:51;29.3;51.5
881;16/10/2025;10:53:11;29.4;52.2
882;16/10/2025;10:53:31;29.4;52
883;16/10/2025;10:53:51;29.3;51.7
884;16/10/2025;10:54:11;29.3;51.6
885;16/10/2025;10:54:31;29.3;51.8
886;16/10/2025;10:54:51;29.3;49.7
887;16/10/2025;10:55:11;29.2;49.7
888;16/10/2025;10:55:31;29.2;50
889;16/10/2025;10:55:51;29.2;49.8
890;16/10/2025;10:56:11;29.2;49
891;16/10/2025;10:56:31;29.2;48.6
892;16/10/2025;10:56:51;29.2;49
893;16/10/2025;10:57:11;29.2;48.9
894;16/10/2025;10:57:31;29.2;49.3
895;16/10/2025;10:57:51;29.3;49.9
896;16/10/2025;10:58:11;29.4;49.3
897;16/10/2025;10:58:31;29.4;49
898;16/10/2025;10:58:51;29.4;48.8
899;16/10/2025;10:59:11;29.4;49.2
900;16/10/2025;10:59:31;29.5;49.9
901;16/10/2025;10:59:51;29.6;48.9
902;16/10/2025;11:00:11;29.7;49.3
903;16/10/2025;11:00:31;29.9;50
904;16/10/2025;11:00:51;30.1;49.9
905;16/10/2025;11:01:11;30.3;50.1
906;16/10/2025;11:01:31;30.5;47.4
907;16/10/2025;11:01:51;30.8;46.5
908;16/10/2025;11:02:11;31;45.3
909;16/10/2025;11:02:31;31.2;44.1
910;16/10/2025;11:02:51;31.3;43.9
911;16/10/2025;11:03:11;31.5;43.2
912;16/10/2025;11:03:31;31.8;42.8
913;16/10/2025;11:03:51;32.1;41.8
914;16/10/2025;11:04:11;32.5;41.1
915;16/10/2025;11:04:31;32.8;40.9
916;16/10/2025;11:04:51;33.1;40.6
917;16/10/2025;11:05:11;33.4;40.4
918;16/10/2025;11:05:31;33.7;40
919;16/10/2025;11:05:51;33.9;39.2
920;16/10/2025;11:06:11;34.2;39.2
921;16/10/2025;11:06:31;34.4;39.6
922;16/10/2025;11:06:51;34.6;39.2
923;16/10/2025;11:07:11;34.5;39.1
924;16/10/2025;11:07:31;34.3;37.5
925;16/10/2025;11:07:51;34;38.4
926;16/10/2025;11:08:11;33.7;38.8
927;16/10/2025;11:08:31;33.3;39.2
928;16/10/2025;11:08:51;33;39.7
929;16/10/2025;11:09:11;32.6;40
930;16/10/2025;11:09:31;32.3;40.9
931;16/10/2025;11:09:51;31.9;42.1
932;16/10/2025;11:10:11;31.8;42.9
933;16/10/2025;11:10:31;31.7;43.4
934;16/10/2025;11:10:51;31.7;43.5
935;16/10/2025;11:11:11;31.7;43.7
936;16/10/2025;11:11:31;31.7;44.1
937;16/10/2025;11:11:51;31.6;43.6
938;16/10/2025;11:12:11;31.5;43.7
939;16/10/2025;11:12:31;31.5;44.1
940;16/10/2025;11:12:51;31.5;44.8
941;16/10/2025;11:13:11;31.7;43.6
942;16/10/2025;11:13:31;32;43.7
943;16/10/2025;11:13:51;32.3;42.2
944;16/10/2025;11:14:11;32.4;42.1
945;16/10/2025;11:14:31;32.4;43.9
946;16/10/2025;11:14:51;32.3;44.3
947;16/10/2025;11:15:11;32.2;44.4
948;16/10/2025;11:15:31;32.1;45.1
949;16/10/2025;11:15:51;32.1;45.6
950;16/10/2025;11:16:11;32;46.1
951;16/10/2025;11:16:31;32.1;46.7
952;16/10/2025;11:16:51;32;45.8
953;16/10/2025;11:17:11;31.9;44.1
954;16/10/2025;11:17:31;31.8;44.6
955;16/10/2025;11:17:51;31.6;45.2
956;16/10/2025;11:18:11;31.4;45.2
957;16/10/2025;11:18:31;31.2;45.6
958;16/10/2025;11:18:51;31.2;44.4
959;16/10/2025;11:19:11;31.3;44
960;16/10/2025;11:19:31;31.4;44.5
961;16/10/2025;11:19:51;31.5;45.4
962;16/10/2025;11:20:11;31.4;44.9
963;16/10/2025;11:20:31;31.3;45.2
964;16/10/2025;11:20:51;31.2;45.9
965;16/10/2025;11:21:11;31;45.4
966;16/10/2025;11:21:31;30.9;45.4
967;16/10/2025;11:21:51;30.8;45.3
968;16/10/2025;11:22:11;30.7;46.5
969;16/10/2025;11:22:31;30.6;49.1
970;16/10/2025;11:22:51;30.6;48.4
971;16/10/2025;11:23:11;30.5;46.6
972;16/10/2025;11:23:31;30.4;46.6
973;16/10/2025;11:23:51;30.3;47.9
974;16/10/2025;11:24:11;30.2;47.1
975;16/10/2025;11:24:31;30.1;48.3
976;16/10/2025;11:24:51;30.1;46.3
977;16/10/2025;11:25:11;30.1;45.2
978;16/10/2025;11:25:31;30;45.2
979;16/10/2025;11:25:51;30;44.8
980;16/10/2025;11:26:11;29.9;45.1
981;16/10/2025;11:26:31;29.9;45
982;16/10/2025;11:26:51;29.9;45.8
983;16/10/2025;11:27:11;29.9;46.6
984;16/10/2025;11:27:31;29.9;46.1
985;16/10/2025;11:27:51;29.9;46.3
986;16/10/2025;11:28:11;29.9;46.1
987;16/10/2025;11:28:31;29.9;45.9
988;16/10/2025;11:28:51;29.9;46.4
989;16/10/2025;11:29:11;29.9;46.7
990;16/10/2025;11:29:31;29.9;46.2
991;16/10/2025;11:29:51;29.9;45.7
992;16/10/2025;11:30:11;29.8;46.4
993;16/10/2025;11:30:31;29.8;46.6
994;16/10/2025;11:30:51;29.8;48.5
995;16/10/2025;11:31:11;29.8;49.3
996;16/10/2025;11:31:31;29.8;47.9
997;16/10/2025;11:31:51;29.9;45.9
998;16/10/2025;11:32:11;29.8;47.9
999;16/10/2025;11:32:31;29.9;47.5
1000;16/10/2025;11:32:51;29.9;46.6
1001;16/10/2025;11:33:11;29.9;46.1
1002;16/10/2025;11:33:31;29.9;46.6
1003;16/10/2025;11:33:51;29.9;47.6
1004;16/10/2025;11:34:11;29.9;48.1
1005;16/10/2025;11:34:31;29.9;48.8
1006;16/10/2025;11:34:51;29.9;48.3
1007;16/10/2025;11:35:11;30;48.7
1008;16/10/2025;11:35:31;30;47.7
1009;16/10/2025;11:35:51;30;48
1010;16/10/2025;11:36:11;30;46.8
1011;16/10/2025;11:36:31;30.1;46.7
1012;16/10/2025;11:36:51;30.2;46.6
1013;16/10/2025;11:37:11;30.3;45.8
1014;16/10/2025;11:37:31;30.4;45.9
1015;16/10/2025;11:37:51;30.6;44.8
1016;16/10/2025;11:38:11;30.7;44.9
1017;16/10/2025;11:38:31;30.8;45.5
1018;16/10/2025;11:38:51;30.7;45.3
1019;16/10/2025;11:39:11;30.6;46.4
1020;16/10/2025;11:39:31;30.6;46.7
1021;16/10/2025;11:39:51;30.6;45.8
1022;16/10/2025;11:40:11;30.7;45.6
1023;16/10/2025;11:40:31;30.8;45.1
1024;16/10/2025;11:40:51;30.9;44.3
1025;16/10/2025;11:41:11;31;43.4
1026;16/10/2025;11:41:31;31.1;42.9
1027;16/10/2025;11:41:51;31.1;43.3
1028;16/10/2025;11:42:11;31.2;43.1
1029;16/10/2025;11:42:31;31.2;43.3
1030;16/10/2025;11:42:51;31.3;43.2
1031;16/10/2025;11:43:11;31.3;43.6
1032;16/10/2025;11:43:31;31.3;43.3
1033;16/10/2025;11:43:51;31.3;43.2
1034;16/10/2025;11:44:11;31.2;43.3
1035;16/10/2025;11:44:31;31.2;43.7
1036;16/10/2025;11:44:51;31.1;43.7
1037;16/10/2025;11:45:11;31.2;44
1038;16/10/2025;11:45:31;31.2;43.5
1039;16/10/2025;11:45:51;31.1;43.6
1040;16/10/2025;11:46:11;31.1;43.6
1041;16/10/2025;11:46:31;31.2;43.3
1042;16/10/2025;11:46:51;31.3;43.2
1043;16/10/2025;11:47:11;31.4;43
1044;16/10/2025;11:47:31;31.4;42.4
1045;16/10/2025;11:47:50;31.5;43
1046;16/10/2025;11:48:10;31.6;43.6
1047;16/10/2025;11:48:30;31.5;44.4
1048;16/10/2025;11:48:50;31.4;44.7
1049;16/10/2025;11:49:10;31.4;44.5
1050;16/10/2025;11:49:30;31.3;44.9
1051;16/10/2025;11:49:50;31.2;45.7
1052;16/10/2025;11:50:10;31.1;47
1053;16/10/2025;11:50:30;31.1;45.1
1054;16/10/2025;11:50:50;31.1;43.8
1055;16/10/2025;11:51:10;31.1;43.1
1056;16/10/2025;11:51:30;31;43.1
1057;16/10/2025;11:51:50;31;43.1
1058;16/10/2025;11:52:10;31.1;43.4
1059;16/10/2025;11:52:30;31.1;43.9
1060;16/10/2025;11:52:50;31.1;43.9
1061;16/10/2025;11:53:10;31.1;42.6
1062;16/10/2025;11:53:30;31.1;43.4
1063;16/10/2025;11:53:50;31.1;44.1
1064;16/10/2025;11:54:10;31;44
1065;16/10/2025;11:54:30;31;43.5
1066;16/10/2025;11:54:50;31;42.7
1067;16/10/2025;11:55:10;31;43.4
1068;16/10/2025;11:55:30;31;44.9
1069;16/10/2025;11:55:50;31;45
1070;16/10/2025;11:56:10;31;44.3
1071;16/10/2025;11:56:30;31;44.1
1072;16/10/2025;11:56:50;31;44.3
1073;16/10/2025;11:57:10;31;44.5
1074;16/10/2025;11:57:30;31;43.9
1075;16/10/2025;11:57:50;31;46.1
1076;16/10/2025;11:58:10;31;45.1
1077;16/10/2025;11:58:30;31;43.6
1078;16/10/2025;11:58:50;31.1;43.1
1079;16/10/2025;11:59:10;31.2;43
1080;16/10/2025;11:59:30;31.2;43.4
1081;16/10/2025;11:59:50;31.2;43.5
1082;16/10/2025;12:00:10;31.2;43.3
1083;16/10/2025;12:00:30;31.1;43.9
1084;16/10/2025;12:00:50;31;44
1085;16/10/2025;12:01:10;30.9;44.4
1086;16/10/2025;12:01:30;30.9;44.6
1087;16/10/2025;12:01:50;30.9;44.1
1088;16/10/2025;12:02:10;30.9;44.1
1089;16/10/2025;12:02:30;30.9;44.4
1090;16/10/2025;12:02:50;30.9;44.8
1091;16/10/2025;12:03:10;30.9;45.6
1092;16/10/2025;12:03:30;31;45.6
1093;16/10/2025;12:03:50;31.1;43.6
1094;16/10/2025;12:04:10;31.2;42.9
1095;16/10/2025;12:04:30;31.3;42.9
1096;16/10/2025;12:04:50;31.4;43.3
1097;16/10/2025;12:05:10;31.4;43.3
1098;16/10/2025;12:05:30;31.5;43.4
1099;16/10/2025;12:05:50;31.5;43.4
1100;16/10/2025;12:06:10;31.5;44.3
1101;16/10/2025;12:06:30;31.4;44.4
1102;16/10/2025;12:06:50;31.4;44.7
1103;16/10/2025;12:07:10;31.4;44.6
1104;16/10/2025;12:07:30;31.4;45
1105;16/10/2025;12:07:50;31.4;45.5
1106;16/10/2025;12:08:10;31.3;43.5
1107;16/10/2025;12:08:30;31.3;42.9
1108;16/10/2025;12:08:50;31.2;42.3
1109;16/10/2025;12:09:10;31.2;42.6
1110;16/10/2025;12:09:30;31.1;43
1111;16/10/2025;12:09:50;31.1;43.8
1112;16/10/2025;12:10:10;31;44.4
1113;16/10/2025;12:10:30;31.1;44.8
1114;16/10/2025;12:10:50;31.1;42.9
1115;16/10/2025;12:11:10;31.2;42.2
1116;16/10/2025;12:11:30;31.2;42.3
1117;16/10/2025;12:11:50;31.2;42.9
1118;16/10/2025;12:12:10;31.2;43.7
1119;16/10/2025;12:12:30;31.2;44.3
1120;16/10/2025;12:12:50;31.3;43.7
1121;16/10/2025;12:13:10;31.3;43.4
1122;16/10/2025;12:13:30;31.4;44.1
1123;16/10/2025;12:13:50;31.4;43.2
1124;16/10/2025;12:14:10;31.4;42.1
1125;16/10/2025;12:14:30;31.4;42.8
1126;16/10/2025;12:14:50;31.4;43.3
1127;16/10/2025;12:15:10;31.4;43.5
1128;16/10/2025;12:15:30;31.5;43.8
1129;16/10/2025;12:15:50;31.5;43
1130;16/10/2025;12:16:10;31.5;42
1131;16/10/2025;12:16:30;31.5;41.7
1132;16/10/2025;12:16:50;31.5;41.1
1133;16/10/2025;12:17:10;31.5;40.7
1134;16/10/2025;12:17:30;31.4;41.3
1135;16/10/2025;12:17:50;31.5;41.5
1136;16/10/2025;12:18:10;31.4;40.8
1137;16/10/2025;12:18:30;31.4;41.4
1138;16/10/2025;12:18:50;31.5;42.9
1139;16/10/2025;12:19:10;31.5;42.4
1140;16/10/2025;12:19:30;31.4;42.7
1141;16/10/2025;12:19:50;31.4;42
1142;16/10/2025;12:20:10;31.4;41.9
1143;16/10/2025;12:20:30;31.4;42.3
1144;16/10/2025;12:20:50;31.4;42.6
1145;16/10/2025;12:21:10;31.4;41.8
1146;16/10/2025;12:21:30;31.4;42.4
1147;16/10/2025;12:21:50;31.4;42.4
1148;16/10/2025;12:22:10;31.4;44.7
1149;16/10/2025;12:22:30;31.5;43.8
1150;16/10/2025;12:22:50;31.5;43.3
1151;16/10/2025;12:23:10;31.5;43.4
1152;16/10/2025;12:23:30;31.5;43
1153;16/10/2025;12:23:50;31.6;42.1
1154;16/10/2025;12:24:10;31.6;41.5
1155;16/10/2025;12:24:30;31.5;40.9
1156;16/10/2025;12:24:50;31.5;41.1
1157;16/10/2025;12:25:10;31.5;41.5
1158;16/10/2025;12:25:30;31.5;42
1159;16/10/2025;12:25:50;31.5;42.4
1160;16/10/2025;12:26:10;31.7;40.8
1161;16/10/2025;12:26:30;31.9;40.3
1162;16/10/2025;12:26:50;32;40.3
1163;16/10/2025;12:27:10;32;41.1
1164;16/10/2025;12:27:30;32.1;40.9
1165;16/10/2025;12:27:50;32;41.3
1166;16/10/2025;12:28:10;32;41
1167;16/10/2025;12:28:30;32.1;40.9
1168;16/10/2025;12:28:50;32.2;40.7
1169;16/10/2025;12:29:10;32.3;40.9
1170;16/10/2025;12:29:30;32.3;41.3
1171;16/10/2025;12:29:50;32.3;40.6
1172;16/10/2025;12:30:10;32.4;39.2
1173;16/10/2025;12:30:30;32.4;38.4
1174;16/10/2025;12:30:50;32.4;38.4
1175;16/10/2025;12:31:10;32.5;38.5
1176;16/10/2025;12:31:30;32.6;38.2
1177;16/10/2025;12:31:50;32.7;38.9
1178;16/10/2025;12:32:10;32.8;39.3
1179;16/10/2025;12:32:30;32.9;38.9
1180;16/10/2025;12:32:50;33;37.8
1181;16/10/2025;12:33:10;33.1;37.3
1182;16/10/2025;12:33:30;33.1;37
1183;16/10/2025;12:33:50;33.1;36.3
1184;16/10/2025;12:34:10;33;36.5
1185;16/10/2025;12:34:30;33;37.4
1186;16/10/2025;12:34:50;33;37.3
1187;16/10/2025;12:35:10;33;37.1
1188;16/10/2025;12:35:30;33;37.1
1189;16/10/2025;12:35:50;33;37
1190;16/10/2025;12:36:10;33;37.3
1191;16/10/2025;12:36:30;33;36.9
1192;16/10/2025;12:36:50;33;36.8
1193;16/10/2025;12:37:10;33;36.7
1194;16/10/2025;12:37:30;32.9;37
1195;16/10/2025;12:37:50;33;37.1
1196;16/10/2025;12:38:10;33;37.1
1197;16/10/2025;12:38:30;33;37.2
1198;16/10/2025;12:38:50;33.1;36.8
1199;16/10/2025;12:39:10;33.1;37
1200;16/10/2025;12:39:30;33.1;36.7
1201;16/10/2025;12:39:50;33.1;36.6
1202;16/10/2025;12:40:10;33.1;37.1
1203;16/10/2025;12:40:30;33.1;37.6
1204;16/10/2025;12:40:50;33.1;37.4
1205;16/10/2025;12:41:10;33.1;37.5
1206;16/10/2025;12:41:30;33.1;38
1207;16/10/2025;12:41:50;33.1;37.7
1208;16/10/2025;12:42:10;33.1;37.6
1209;16/10/2025;12:42:30;33.1;37.5
1210;16/10/2025;12:42:50;33.1;37.6
1211;16/10/2025;12:43:10;33.1;37.8
1212;16/10/2025;12:43:30;33;38
1213;16/10/2025;12:43:50;33;38.6
1214;16/10/2025;12:44:10;32.8;37.8
1215;16/10/2025;12:44:30;32.7;37.9
1216;16/10/2025;12:44:50;32.5;38.4
1217;16/10/2025;12:45:10;32.4;38.6
1218;16/10/2025;12:45:30;32.4;38.7
1219;16/10/2025;12:45:50;32.3;39.3
1220;16/10/2025;12:46:10;32.3;39.3
1221;16/10/2025;12:46:30;32.3;39.8
1222;16/10/2025;12:46:50;32.4;38.7
1223;16/10/2025;12:47:10;32.5;38.4
1224;16/10/2025;12:47:30;32.5;38.8
1225;16/10/2025;12:47:50;32.4;39.1
1226;16/10/2025;12:48:10;32.4;39.3
1227;16/10/2025;12:48:30;32.4;38.1
1228;16/10/2025;12:48:50;32.5;38
1229;16/10/2025;12:49:10;32.5;38.7
1230;16/10/2025;12:49:30;32.5;39
1231;16/10/2025;12:49:50;32.6;38.3
1232;16/10/2025;12:50:10;32.6;38.2
1233;16/10/2025;12:50:30;32.7;37.9
1234;16/10/2025;12:50:50;32.8;38.3
1235;16/10/2025;12:51:10;32.9;38.9
1236;16/10/2025;12:51:30;32.9;38.3
1237;16/10/2025;12:51:50;33.1;37.9
1238;16/10/2025;12:52:10;33.3;37
1239;16/10/2025;12:52:30;33.4;37
1240;16/10/2025;12:52:50;33.5;37.2
1241;16/10/2025;12:53:10;33.7;37.2
1242;16/10/2025;12:53:30;33.6;36.8
1243;16/10/2025;12:53:50;33.5;37.8
1244;16/10/2025;12:54:10;33.5;37.7
1245;16/10/2025;12:54:30;33.6;38.2
1246;16/10/2025;12:54:50;33.5;38.4
1247;16/10/2025;12:55:10;33.5;37.3
1248;16/10/2025;12:55:30;33.4;37.7
1249;16/10/2025;12:55:50;33.2;37.6
1250;16/10/2025;12:56:10;33.1;37.1
1251;16/10/2025;12:56:30;33;38.4
1252;16/10/2025;12:56:50;33.1;38.4
1253;16/10/2025;12:57:10;33.2;37.8
1254;16/10/2025;12:57:30;33.4;36.9
1255;16/10/2025;12:57:50;33.7;37.2
1256;16/10/2025;12:58:10;34;37.1
1257;16/10/2025;12:58:30;34.4;36.8
1258;16/10/2025;12:58:50;34.7;36.2
1259;16/10/2025;12:59:10;34.8;36
1260;16/10/2025;12:59:30;35;36
1261;16/10/2025;12:59:50;35.4;36.5
1262;16/10/2025;13:00:10;35.7;35
1263;16/10/2025;13:00:30;36;34.3
1264;16/10/2025;13:00:50;36.1;34.2
1265;16/10/2025;13:01:10;35.9;36.4
1266;16/10/2025;13:01:30;35.5;36.1
1267;16/10/2025;13:01:50;35.2;35.3
1268;16/10/2025;13:02:10;34.9;35.8
1269;16/10/2025;13:02:30;34.5;35.7
1270;16/10/2025;13:02:50;34.2;35.3
1271;16/10/2025;13:03:10;33.9;35.6
1272;16/10/2025;13:03:30;33.8;36.3
1273;16/10/2025;13:03:50;33.8;36.9
1274;16/10/2025;13:04:10;33.8;36.8
1275;16/10/2025;13:04:30;33.8;36.4
1276;16/10/2025;13:04:50;33.8;36
1277;16/10/2025;13:05:10;33.9;35.7
1278;16/10/2025;13:05:30;34;35.6
1279;16/10/2025;13:05:50;34.1;35.8
1280;16/10/2025;13:06:10;34;36.1
1281;16/10/2025;13:06:30;33.8;37.1
1282;16/10/2025;13:06:50;33.5;37.6
1283;16/10/2025;13:07:10;33.4;38
1284;16/10/2025;13:07:30;33.4;37.6
1285;16/10/2025;13:07:50;33.4;36.8
1286;16/10/2025;13:08:10;33.3;38.1
1287;16/10/2025;13:08:30;33.3;40.6
1288;16/10/2025;13:08:50;33.2;40.4
1289;16/10/2025;13:09:10;33.3;39.8
1290;16/10/2025;13:09:30;33.4;38.4
1291;16/10/2025;13:09:50;33.4;37.6
1292;16/10/2025;13:10:10;33.4;37.6
1293;16/10/2025;13:10:30;33.4;37.5
1294;16/10/2025;13:10:50;33.4;38.2
1295;16/10/2025;13:11:10;33.4;37.3
1296;16/10/2025;13:11:30;33.4;37.5
1297;16/10/2025;13:11:50;33.5;38.1
1298;16/10/2025;13:12:10;33.5;38
1299;16/10/2025;13:12:30;33.5;38
1300;16/10/2025;13:12:50;33.4;38.1
1301;16/10/2025;13:13:10;33.3;38.4
1302;16/10/2025;13:13:30;33.2;39.1
1303;16/10/2025;13:13:50;33.2;38.5
1304;16/10/2025;13:14:10;33.1;39.4
1305;16/10/2025;13:14:30;33.1;40
1306;16/10/2025;13:14:50;33.1;39.1
1307;16/10/2025;13:15:10;33.1;40
1308;16/10/2025;13:15:30;33.2;39.9
1309;16/10/2025;13:15:50;33.1;38
1310;16/10/2025;13:16:10;33;37.5
1311;16/10/2025;13:16:30;32.9;38.1
1312;16/10/2025;13:16:50;33;38.4
1313;16/10/2025;13:17:10;33.1;38.2
1314;16/10/2025;13:17:30;33.1;38.1
1315;16/10/2025;13:17:50;33.2;38.1
1316;16/10/2025;13:18:10;33.3;39
1317;16/10/2025;13:18:30;33.4;39
1318;16/10/2025;13:18:50;33.5;38.2
1319;16/10/2025;13:19:10;33.5;38.3
1320;16/10/2025;13:19:30;33.5;38
1321;16/10/2025;13:19:50;33.3;37.7
1322;16/10/2025;13:20:10;33.3;38.1
1323;16/10/2025;13:20:30;33.3;38.9
1324;16/10/2025;13:20:50;33.2;38.7
1325;16/10/2025;13:21:10;33.2;38.3
1326;16/10/2025;13:21:30;33.1;38.7
1327;16/10/2025;13:21:50;33.1;38.8
1328;16/10/2025;13:22:10;33.1;39.5
1329;16/10/2025;13:22:30;33.1;39.5
1330;16/10/2025;13:22:49;33.2;38.1
1331;16/10/2025;13:23:09;33.2;38
1332;16/10/2025;13:23:29;33.2;37.6
1333;16/10/2025;13:23:49;33.2;38.4
1334;16/10/2025;13:24:09;33.2;38.8
1335;16/10/2025;13:24:29;33.3;39.4
1336;16/10/2025;13:24:49;33.4;38.5
1337;16/10/2025;13:25:09;33.4;38.6
1338;16/10/2025;13:25:29;33.5;39.1
1339;16/10/2025;13:25:49;33.5;39
1340;16/10/2025;13:26:09;33.6;38.8
1341;16/10/2025;13:26:29;33.5;38.3
1342;16/10/2025;13:26:49;33.4;38.2
1343;16/10/2025;13:27:09;33.4;37.7
1344;16/10/2025;13:27:29;33.3;37.2
1345;16/10/2025;13:27:49;33.2;37.7
1346;16/10/2025;13:28:09;33.1;38.5
1347;16/10/2025;13:28:29;33.1;38.9
1348;16/10/2025;13:28:49;33.1;39.2
1349;16/10/2025;13:29:09;33.1;38
1350;16/10/2025;13:29:29;33;38.7
1351;16/10/2025;13:29:49;33;38.5
1352;16/10/2025;13:30:09;33;38.8
1353;16/10/2025;13:30:29;33;38.7
1354;16/10/2025;13:30:49;33.1;37.9
1355;16/10/2025;13:31:09;33.1;38.9
1356;16/10/2025;13:31:29;33.2;38.6
1357;16/10/2025;13:31:49;33.2;38.6
1358;16/10/2025;13:32:09;33.2;38.4
1359;16/10/2025;13:32:29;33.3;37.6
1360;16/10/2025;13:32:49;33.3;38.3
1361;16/10/2025;13:33:09;33.3;38.1
1362;16/10/2025;13:33:29;33.3;38.8
1363;16/10/2025;13:33:49;33.4;38.2
1364;16/10/2025;13:34:09;33.4;37.8
1365;16/10/2025;13:34:29;33.5;38.4
1366;16/10/2025;13:34:49;33.6;38.5
1367;16/10/2025;13:35:09;33.6;37.7
1368;16/10/2025;13:35:29;33.6;37.7
1369;16/10/2025;13:35:49;33.6;36.9
1370;16/10/2025;13:36:09;33.5;37
1371;16/10/2025;13:36:29;33.6;36.8
1372;16/10/2025;13:36:49;33.6;36.6
1373;16/10/2025;13:37:09;33.8;36.6
1374;16/10/2025;13:37:29;33.8;36.9
1375;16/10/2025;13:37:49;33.8;37.9
1376;16/10/2025;13:38:09;33.9;37.1
1377;16/10/2025;13:38:29;33.8;35.9
1378;16/10/2025;13:38:49;33.7;36.5
1379;16/10/2025;13:39:09;33.6;36.9
1380;16/10/2025;13:39:29;33.6;38
1381;16/10/2025;13:39:49;33.5;37
1382;16/10/2025;13:40:09;33.5;37.4
1383;16/10/2025;13:40:29;33.4;36.8
1384;16/10/2025;13:40:49;33.4;37.5
1385;16/10/2025;13:41:09;33.5;38.2
1386;16/10/2025;13:41:29;33.5;38.7
1387;16/10/2025;13:41:49;33.5;38
1388;16/10/2025;13:42:09;33.6;38.5
1389;16/10/2025;13:42:29;33.6;39.2
1390;16/10/2025;13:42:49;33.7;37.8
1391;16/10/2025;13:43:09;33.7;36.3
1392;16/10/2025;13:43:29;33.7;36.9
1393;16/10/2025;13:43:49;33.8;35.8
1394;16/10/2025;13:44:09;33.9;35.9
1395;16/10/2025;13:44:29;33.8;35.8
1396;16/10/2025;13:44:49;33.7;35.8
1397;16/10/2025;13:45:09;33.7;36
1398;16/10/2025;13:45:29;33.6;36.7
1399;16/10/2025;13:45:49;33.6;36.5
1400;16/10/2025;13:46:09;33.5;36.2
1401;16/10/2025;13:46:29;33.5;37
1402;16/10/2025;13:46:49;33.5;37.9
1403;16/10/2025;13:47:09;33.6;36.3
1404;16/10/2025;13:47:29;33.6;36.1
1405;16/10/2025;13:47:49;33.6;36.6
1406;16/10/2025;13:48:09;33.5;37.1
1407;16/10/2025;13:48:29;33.5;36.8
1408;16/10/2025;13:48:49;33.5;36.4
1409;16/10/2025;13:49:09;33.4;36.3
1410;16/10/2025;13:49:29;33.3;36
1411;16/10/2025;13:49:49;33.3;36
1412;16/10/2025;13:50:09;33.3;36.4
1413;16/10/2025;13:50:29;33.3;36.9
1414;16/10/2025;13:50:49;33.3;36.4
1415;16/10/2025;13:51:09;33.4;37.4
1416;16/10/2025;13:51:29;33.4;38.2
1417;16/10/2025;13:51:49;33.4;37.4
1418;16/10/2025;13:52:09;33.6;36.6
1419;16/10/2025;13:52:29;33.7;37.1
1420;16/10/2025;13:52:49;33.8;36.4
1421;16/10/2025;13:53:09;33.9;35.4
1422;16/10/2025;13:53:29;34;35.2
1423;16/10/2025;13:53:49;34.1;35.3
1424;16/10/2025;13:54:09;34.2;35.6
1425;16/10/2025;13:54:29;34.2;35.5
1426;16/10/2025;13:54:49;34.3;35.5
1427;16/10/2025;13:55:09;34.4;35.6
1428;16/10/2025;13:55:29;34.5;35.1
1429;16/10/2025;13:55:49;34.6;35
1430;16/10/2025;13:56:09;34.7;34.8
1431;16/10/2025;13:56:29;34.8;35
1432;16/10/2025;13:56:49;34.8;34.9
1433;16/10/2025;13:57:09;34.9;34.7
1434;16/10/2025;13:57:29;35;34.5
1435;16/10/2025;13:57:49;35.1;34.4
1436;16/10/2025;13:58:09;35.2;33.8
1437;16/10/2025;13:58:29;35.2;33.5
1438;16/10/2025;13:58:49;35.2;34
1439;16/10/2025;13:59:09;35.1;34.2
1440;16/10/2025;13:59:29;34.9;34.1
1441;16/10/2025;13:59:49;34.8;35.2
1442;16/10/2025;14:00:09;34.8;37
1443;16/10/2025;14:00:29;34.9;37.7
1444;16/10/2025;14:00:49;35.1;36.9
1445;16/10/2025;14:01:09;35.2;35.8
1446;16/10/2025;14:01:29;35.4;35.4
1447;16/10/2025;14:01:49;35.7;34.9
1448;16/10/2025;14:02:09;36;34.1
1449;16/10/2025;14:02:29;36.3;33.1
1450;16/10/2025;14:02:49;36.5;33.2
1451;16/10/2025;14:03:09;36.7;32.8
1452;16/10/2025;14:03:29;36.6;33.3
1453;16/10/2025;14:03:49;36.6;33.4
1454;16/10/2025;14:04:09;36.7;33.1
1455;16/10/2025;14:04:29;36.7;33.3
1456;16/10/2025;14:04:49;36.9;33.6
1457;16/10/2025;14:05:09;37.2;34
1458;16/10/2025;14:05:29;37.5;33.5
1459;16/10/2025;14:05:49;37.8;33.3
1460;16/10/2025;14:06:09;38.1;31.2
1461;16/10/2025;14:06:29;38.2;30.6
1462;16/10/2025;14:06:49;38.4;30.4
1463;16/10/2025;14:07:09;38.4;30.2
1464;16/10/2025;14:07:29;38.6;30.2
1465;16/10/2025;14:07:49;39;30.3
1466;16/10/2025;14:08:09;39.4;29.5
1467;16/10/2025;14:08:29;39.9;29
1468;16/10/2025;14:08:49;40.2;28.7
1469;16/10/2025;14:09:09;40.4;28.7
1470;16/10/2025;14:09:29;40.8;28.2
1471;16/10/2025;14:09:49;41.2;28
1472;16/10/2025;14:10:09;41.5;27.4
1473;16/10/2025;14:10:29;41.8;26.9
1474;16/10/2025;14:10:49;41.7;27.2
1475;16/10/2025;14:11:09;41.2;27
1476;16/10/2025;14:11:29;40.7;27.6
1477;16/10/2025;14:11:49;40.5;28.8
1478;16/10/2025;14:12:09;40.5;28.3
1479;16/10/2025;14:12:29;40.8;28.4
1480;16/10/2025;14:12:49;41.4;27.8
1481;16/10/2025;14:13:09;42.1;27.6
1482;16/10/2025;14:13:29;42.8;27.4
1483;16/10/2025;14:13:49;43.4;27.1
1484;16/10/2025;14:14:09;43.9;25.7
1485;16/10/2025;14:14:29;44.4;25.3
1486;16/10/2025;14:14:49;44.7;24.1
1487;16/10/2025;14:15:09;44.9;23.7
1488;16/10/2025;14:15:29;45;24
1489;16/10/2025;14:15:49;44.9;23.5
1490;16/10/2025;14:16:09;44.8;23.5
1491;16/10/2025;14:16:29;44.6;23.6
1492;16/10/2025;14:16:49;44.3;23.7
1493;16/10/2025;14:17:09;44;24.2
1494;16/10/2025;14:17:29;43.9;24.3
1495;16/10/2025;14:17:49;43.9;24.6
1496;16/10/2025;14:18:09;43.8;24.1
1497;16/10/2025;14:18:29;43.6;24.2
1498;16/10/2025;14:18:49;43.4;24.6
1499;16/10/2025;14:19:09;43.3;25.3
1500;16/10/2025;14:19:29;43;25.4
1501;16/10/2025;14:19:49;42.8;25.5
1502;16/10/2025;14:20:09;42.5;25.1
1503;16/10/2025;14:20:29;42.2;25.4
1504;16/10/2025;14:20:49;41.8;25.6
1505;16/10/2025;14:21:09;41.3;26
1506;16/10/2025;14:21:29;40.9;26.4
1507;16/10/2025;14:21:49;40.6;27
1508;16/10/2025;14:22:09;40.4;27.2
1509;16/10/2025;14:22:29;40.1;28.1
1510;16/10/2025;14:22:49;39.9;28.7
1511;16/10/2025;14:23:09;39.6;29.4
1512;16/10/2025;14:23:29;39.2;29.6
1513;16/10/2025;14:23:49;38.6;29.5
1514;16/10/2025;14:24:09;38;29.9
1515;16/10/2025;14:24:29;37.3;31.1
1516;16/10/2025;14:24:49;36.6;32.8
1517;16/10/2025;14:25:09;36.2;33.2
1518;16/10/2025;14:25:29;36.1;33.5
1519;16/10/2025;14:25:49;36.1;34.3
1520;16/10/2025;14:26:09;35.9;34.9
1521;16/10/2025;14:26:29;36;35.4
1522;16/10/2025;14:26:49;36.1;35.6
1523;16/10/2025;14:27:09;35.9;35.8
1524;16/10/2025;14:27:29;35.7;35.5
1525;16/10/2025;14:27:49;35.7;35.6
1526;16/10/2025;14:28:09;35.6;33.7
1527;16/10/2025;14:28:29;35.5;35
1528;16/10/2025;14:28:49;35.5;34.6
1529;16/10/2025;14:29:09;35.5;34.7
1530;16/10/2025;14:29:29;35.6;35.3
1531;16/10/2025;14:29:49;35.8;35.2
1532;16/10/2025;14:30:09;35.8;34.8
1533;16/10/2025;14:30:29;35.9;34.5
1534;16/10/2025;14:30:49;36;33.5
1535;16/10/2025;14:31:09;36;32.4
1536;16/10/2025;14:31:29;36.1;32.3
1537;16/10/2025;14:31:49;36.1;32.3
1538;16/10/2025;14:32:09;36.1;32
1539;16/10/2025;14:32:29;36.1;31.8
1540;16/10/2025;14:32:49;36.2;32
1541;16/10/2025;14:33:09;36.1;31.6
1542;16/10/2025;14:33:29;36.2;31.8
1543;16/10/2025;14:33:49;36.2;31.9
1544;16/10/2025;14:34:09;36.2;32
1545;16/10/2025;14:34:29;36.3;31.8
1546;16/10/2025;14:34:49;36.4;31.5
1547;16/10/2025;14:35:09;36.6;31.7
1548;16/10/2025;14:35:29;36.9;31.6
1549;16/10/2025;14:35:49;37.2;31.8
1550;16/10/2025;14:36:09;37.5;32.1
1551;16/10/2025;14:36:29;37.6;31.8
1552;16/10/2025;14:36:49;37.7;31.9
1553;16/10/2025;14:37:09;37.7;30.8
1554;16/10/2025;14:37:29;37.9;30.9
1555;16/10/2025;14:37:49;37.4;31.8
1556;16/10/2025;14:38:09;36.9;30.8
1557;16/10/2025;14:38:29;36.6;31
1558;16/10/2025;14:38:49;36.4;31.3
1559;16/10/2025;14:39:09;36.2;32.4
1560;16/10/2025;14:39:29;35.8;32.7
1561;16/10/2025;14:39:49;35.6;33
1562;16/10/2025;14:40:09;35.6;32.7
1563;16/10/2025;14:40:29;35.3;35.5
1564;16/10/2025;14:40:49;35;34.1
1565;16/10/2025;14:41:09;34.7;34.1
1566;16/10/2025;14:41:29;34.5;34.4
1567;16/10/2025;14:41:49;34.3;35
1568;16/10/2025;14:42:09;34.3;35.8
1569;16/10/2025;14:42:29;34.3;36.3
1570;16/10/2025;14:42:49;34.4;36.7
1571;16/10/2025;14:43:09;34.4;35.8
1572;16/10/2025;14:43:29;34.3;35.8
1573;16/10/2025;14:43:49;34.2;37.3
1574;16/10/2025;14:44:09;34.1;37.9
1575;16/10/2025;14:44:29;34.1;36.5
1576;16/10/2025;14:44:49;34.2;35.9
1577;16/10/2025;14:45:09;34.2;35.9
1578;16/10/2025;14:45:29;34.2;36.1
1579;16/10/2025;14:45:49;34.1;35.7
1580;16/10/2025;14:46:09;34.2;35.7
1581;16/10/2025;14:46:29;34.2;36
1582;16/10/2025;14:46:49;34.4;35.9
1583;16/10/2025;14:47:09;34.5;36.8
1584;16/10/2025;14:47:29;34.9;37
1585;16/10/2025;14:47:49;35;36.3
1586;16/10/2025;14:48:09;35.1;33.8
1587;16/10/2025;14:48:29;35.2;33.6
1588;16/10/2025;14:48:49;35.3;34.4
1589;16/10/2025;14:49:09;35.4;34.4
1590;16/10/2025;14:49:29;35.7;35.3
1591;16/10/2025;14:49:49;35.9;34.8
1592;16/10/2025;14:50:09;36.3;33.9
1593;16/10/2025;14:50:29;36.7;33.2
1594;16/10/2025;14:50:49;37.1;32.6
1595;16/10/2025;14:51:09;37.3;32
1596;16/10/2025;14:51:29;37.4;32.5
1597;16/10/2025;14:51:49;37.3;32.1
1598;16/10/2025;14:52:09;37.4;31.2
1599;16/10/2025;14:52:29;37.1;30.6
1600;16/10/2025;14:52:49;37.1;30.7
1601;16/10/2025;14:53:09;37.1;31.2
1602;16/10/2025;14:53:29;37.4;31.3
1603;16/10/2025;14:53:49;37.6;31
1604;16/10/2025;14:54:09;37.8;30.9
1605;16/10/2025;14:54:29;38;30.4
1606;16/10/2025;14:54:49;38.2;30.3
1607;16/10/2025;14:55:09;38.2;29.7
1608;16/10/2025;14:55:28;37.9;30.2
1609;16/10/2025;14:55:48;37.8;30.9
1610;16/10/2025;14:56:08;37.6;31.5
1611;16/10/2025;14:56:28;37.5;31.1
1612;16/10/2025;14:56:48;37.5;30.5
1613;16/10/2025;14:57:08;37.7;30.1
1614;16/10/2025;14:57:28;37.7;30
1615;16/10/2025;14:57:48;37.7;29.7
1616;16/10/2025;14:58:08;37.7;29.8
1617;16/10/2025;14:58:28;37.7;29.9
1618;16/10/2025;14:58:48;37.6;29.9
1619;16/10/2025;14:59:08;37.6;29.9
1620;16/10/2025;14:59:28;37.6;30.4
1621;16/10/2025;14:59:48;37.5;30.7
1622;16/10/2025;15:00:08;37.4;31
1623;16/10/2025;15:00:28;37.3;31.6
1624;16/10/2025;15:00:48;37.5;31
1625;16/10/2025;15:01:08;37.6;31.2
1626;16/10/2025;15:01:28;37.8;30.8
1627;16/10/2025;15:01:48;38.3;29.2
1628;16/10/2025;15:02:08;38.7;28.8
1629;16/10/2025;15:02:28;39.2;28.4
1630;16/10/2025;15:02:48;39.7;28.1
1631;16/10/2025;15:03:08;40.1;28.1
1632;16/10/2025;15:03:28;40.3;28
1633;16/10/2025;15:03:48;40.6;27.7
1634;16/10/2025;15:04:08;40.6;27.8
1635;16/10/2025;15:04:28;40.7;27.5
1636;16/10/2025;15:04:48;40.4;28.4
1637;16/10/2025;15:05:08;39.6;30
1638;16/10/2025;15:05:28;39;29.4
1639;16/10/2025;15:05:48;38.4;27.3
1640;16/10/2025;15:06:08;37.6;27.2
1641;16/10/2025;15:06:28;37;29.3
1642;16/10/2025;15:06:48;36.6;29.4
1643;16/10/2025;15:07:08;36.3;29.6
1644;16/10/2025;15:07:28;36;29.3
1645;16/10/2025;15:07:48;35.7;29
1646;16/10/2025;15:08:08;35.7;29
1647;16/10/2025;15:08:28;35.7;29.3
1648;16/10/2025;15:08:48;35.6;30
1649;16/10/2025;15:09:08;35.5;29.8
1650;16/10/2025;15:09:28;35.4;30.1
1651;16/10/2025;15:09:48;35.4;28.7
1652;16/10/2025;15:10:08;35.4;29.4
1653;16/10/2025;15:10:28;35.3;29.1
1654;16/10/2025;15:10:48;35.4;29.6
1655;16/10/2025;15:11:08;35.3;29.8
1656;16/10/2025;15:11:28;35.3;29.6
1657;16/10/2025;15:11:48;35.1;29.7
1658;16/10/2025;15:12:08;35.1;30.3
1659;16/10/2025;15:12:28;35.1;30.5
1660;16/10/2025;15:12:48;35.2;30.9
1661;16/10/2025;15:13:08;35.5;30.9
1662;16/10/2025;15:13:28;35.6;31.2
1663;16/10/2025;15:13:48;35.8;30.7
1664;16/10/2025;15:14:08;36.1;30.7
1665;16/10/2025;15:14:28;36.2;31.1
1666;16/10/2025;15:14:48;36.2;31.1
1667;16/10/2025;15:15:08;36.4;31
1668;16/10/2025;15:15:28;36.6;30.5
1669;16/10/2025;15:15:48;36.7;30.5
1670;16/10/2025;15:16:08;36.9;29.9
1671;16/10/2025;15:16:28;37;30.1
1672;16/10/2025;15:16:48;37.2;30.4
1673;16/10/2025;15:17:08;37.3;29.3
1674;16/10/2025;15:17:28;37.5;28.7
1675;16/10/2025;15:17:48;37.9;28.9
1676;16/10/2025;15:18:08;38.1;29
1677;16/10/2025;15:18:28;38.3;29.3
1678;16/10/2025;15:18:48;38.4;29.4
1679;16/10/2025;15:19:08;38.3;29.3
1680;16/10/2025;15:19:28;38.3;29
1681;16/10/2025;15:19:48;38.4;28.9
1682;16/10/2025;15:20:08;38.5;27.1
1683;16/10/2025;15:20:28;38.7;27.1
1684;16/10/2025;15:20:48;38.7;29
1685;16/10/2025;15:21:08;38.5;26.8
1686;16/10/2025;15:21:28;38.3;26.2
1687;16/10/2025;15:21:48;38;25.6
1688;16/10/2025;15:22:08;37.7;26.1
1689;16/10/2025;15:22:28;37.3;26.6
1690;16/10/2025;15:22:48;37.1;28.6
1691;16/10/2025;15:23:08;37;27.8
1692;16/10/2025;15:23:28;37;27.8
1693;16/10/2025;15:23:48;37.1;27.4
1694;16/10/2025;15:24:08;37.3;27.5
1695;16/10/2025;15:24:28;37.3;27
1696;16/10/2025;15:24:48;37.3;27.2
1697;16/10/2025;15:25:08;37;26.7
1698;16/10/2025;15:25:28;36.8;27.3
1699;16/10/2025;15:25:48;36.6;27.7
1700;16/10/2025;15:26:08;36.5;28.4
1701;16/10/2025;15:26:28;36.5;28.8
1702;16/10/2025;15:26:48;36.2;29.1
1703;16/10/2025;15:27:08;35.9;30.1
1704;16/10/2025;15:27:28;35.6;29.4
1705;16/10/2025;15:27:48;35.5;30.6
1706;16/10/2025;15:28:08;35.6;31
1707;16/10/2025;15:28:28;35.9;30.3
1708;16/10/2025;15:28:48;36.4;29.9
1709;16/10/2025;15:29:08;36.9;30.1
1710;16/10/2025;15:29:28;37.4;29.5
1711;16/10/2025;15:29:48;37.8;27.7
1712;16/10/2025;15:30:08;38.2;27
1713;16/10/2025;15:30:28;38.5;26.8
1714;16/10/2025;15:30:48;38.7;26.6
1715;16/10/2025;15:31:08;38.8;26.3
1716;16/10/2025;15:31:28;38.9;26.4
1717;16/10/2025;15:31:48;38.9;26.3
1718;16/10/2025;15:32:08;38.8;26.2
1719;16/10/2025;15:32:28;38.6;26.2
1720;16/10/2025;15:32:48;38.5;26.4
1721;16/10/2025;15:33:08;38.3;26.7
1722;16/10/2025;15:33:28;38.1;26.9
1723;16/10/2025;15:33:48;37.9;26.5
1724;16/10/2025;15:34:08;37.7;26.5
1725;16/10/2025;15:34:28;37.5;26.8
1726;16/10/2025;15:34:48;37.3;27.7
1727;16/10/2025;15:35:08;36.8;28.8
1728;16/10/2025;15:35:28;36.5;29.4
1729;16/10/2025;15:35:48;36.2;29.5
1730;16/10/2025;15:36:08;35.9;30.3
1731;16/10/2025;15:36:28;35.8;31
1732;16/10/2025;15:36:48;35.7;30.6
1733;16/10/2025;15:37:08;35.7;30.8
1734;16/10/2025;15:37:28;35.7;30.7
1735;16/10/2025;15:37:48;35.6;30.7
1736;16/10/2025;15:38:08;35.5;30.4
1737;16/10/2025;15:38:28;35.4;30.7
1738;16/10/2025;15:38:48;35.3;30.7
1739;16/10/2025;15:39:08;35.3;30.1
1740;16/10/2025;15:39:28;35.2;31.1
1741;16/10/2025;15:39:48;35;32.7
1742;16/10/2025;15:40:08;34.9;31.8
1743;16/10/2025;15:40:28;34.9;31.7
1744;16/10/2025;15:40:48;34.9;30.8
1745;16/10/2025;15:41:08;34.9;30.7
1746;16/10/2025;15:41:28;35;30.6
1747;16/10/2025;15:41:48;35;30.7
1748;16/10/2025;15:42:08;35.1;31.3
1749;16/10/2025;15:42:28;35.2;31.3
1750;16/10/2025;15:42:48;35.4;31.7
1751;16/10/2025;15:43:08;35.4;33.9
1752;16/10/2025;15:43:28;35.3;33.7
1753;16/10/2025;15:43:48;35.3;34.4
1754;16/10/2025;15:44:08;35.2;33.8
1755;16/10/2025;15:44:28;35.1;32.9
1756;16/10/2025;15:44:48;35;34.4
1757;16/10/2025;15:45:08;34.9;34.6
1758;16/10/2025;15:45:28;34.8;33.7
1759;16/10/2025;15:45:48;34.7;33.6
1760;16/10/2025;15:46:08;34.5;33
1761;16/10/2025;15:46:28;34.4;33.2
1762;16/10/2025;15:46:48;34.4;33.8
1763;16/10/2025;15:47:08;34.2;33.6
1764;16/10/2025;15:47:28;34.1;32.6
1765;16/10/2025;15:47:48;34;33.7
1766;16/10/2025;15:48:08;33.9;32.9
1767;16/10/2025;15:48:28;33.8;32.9
1768;16/10/2025;15:48:48;33.9;34.1
1769;16/10/2025;15:49:08;33.9;34.8
1770;16/10/2025;15:49:28;33.9;35.3
1771;16/10/2025;15:49:48;33.9;36.1
1772;16/10/2025;15:50:08;33.9;36.5
1773;16/10/2025;15:50:28;34;35.8
1774;16/10/2025;15:50:48;34;34.7
1775;16/10/2025;15:51:08;34.1;33.4
1776;16/10/2025;15:51:28;34.1;32.6
1777;16/10/2025;15:51:48;34.2;32.9
1778;16/10/2025;15:52:08;34.2;32.7
1779;16/10/2025;15:52:28;34.2;32.3
1780;16/10/2025;15:52:48;34.3;32.3
1781;16/10/2025;15:53:08;34.3;32.5
1782;16/10/2025;15:53:28;34.3;32.8
1783;16/10/2025;15:53:48;34.4;32.5
1784;16/10/2025;15:54:08;34.4;32.6
1785;16/10/2025;15:54:28;34.4;32.9
1786;16/10/2025;15:54:48;34.2;33.5
1787;16/10/2025;15:55:08;34.1;35.8
1788;16/10/2025;15:55:28;33.9;33.9
1789;16/10/2025;15:55:48;33.8;33.6
1790;16/10/2025;15:56:08;33.7;34.5
1791;16/10/2025;15:56:28;33.7;34.9
1792;16/10/2025;15:56:48;33.6;35.5
1793;16/10/2025;15:57:08;33.7;36.1
1794;16/10/2025;15:57:28;33.6;36.3
1795;16/10/2025;15:57:48;33.6;35.1
1796;16/10/2025;15:58:08;33.6;34.9
1797;16/10/2025;15:58:28;33.6;35
1798;16/10/2025;15:58:48;33.6;35.1
1799;16/10/2025;15:59:08;33.6;36.3
1800;16/10/2025;15:59:28;33.6;36.7
1801;16/10/2025;15:59:48;33.6;36.8
1802;16/10/2025;16:00:08;33.7;36.4
1803;16/10/2025;16:00:28;33.7;36.1
1804;16/10/2025;16:00:48;33.8;37.2
1805;16/10/2025;16:01:08;33.7;36.2
1806;16/10/2025;16:01:28;33.6;35.3
1807;16/10/2025;16:01:48;33.6;36
1808;16/10/2025;16:02:08;33.6;35.1
1809;16/10/2025;16:02:28;33.7;35.1
1810;16/10/2025;16:02:48;33.8;36.1
1811;16/10/2025;16:03:08;33.8;35.7
1812;16/10/2025;16:03:28;33.9;36.3
1813;16/10/2025;16:03:48;33.9;35.2
1814;16/10/2025;16:04:08;33.9;33.5
1815;16/10/2025;16:04:28;33.9;33.1
1816;16/10/2025;16:04:48;33.8;33.4
1817;16/10/2025;16:05:08;33.8;33.4
1818;16/10/2025;16:05:28;33.8;34.2
1819;16/10/2025;16:05:48;33.9;33.9
1820;16/10/2025;16:06:08;33.9;33.3
1821;16/10/2025;16:06:28;34.1;33.5
1822;16/10/2025;16:06:48;34.2;33.6
1823;16/10/2025;16:07:08;34.3;34.2
1824;16/10/2025;16:07:28;34.2;34.2
1825;16/10/2025;16:07:48;34.3;35.1
1826;16/10/2025;16:08:08;34.4;35.6
1827;16/10/2025;16:08:28;34.7;34.6
1828;16/10/2025;16:08:48;34.9;33.9
1829;16/10/2025;16:09:08;35.2;33.4
1830;16/10/2025;16:09:28;35.5;33.6
1831;16/10/2025;16:09:48;35.5;33.3
1832;16/10/2025;16:10:08;35.4;33.5
1833;16/10/2025;16:10:28;35.3;33.6
1834;16/10/2025;16:10:48;35.3;32.6
1835;16/10/2025;16:11:08;35.4;32.8
1836;16/10/2025;16:11:28;35.5;32.7
1837;16/10/2025;16:11:48;35.5;33
1838;16/10/2025;16:12:08;35.3;32.9
1839;16/10/2025;16:12:28;35.2;32.4
1840;16/10/2025;16:12:48;35.3;33.8
1841;16/10/2025;16:13:08;35.5;34.1
1842;16/10/2025;16:13:28;35.7;34
1843;16/10/2025;16:13:48;35.8;33.3
1844;16/10/2025;16:14:08;36;32.4
1845;16/10/2025;16:14:28;36.1;31.4
1846;16/10/2025;16:14:48;36;31.8
1847;16/10/2025;16:15:08;35.9;33.2
1848;16/10/2025;16:15:28;35.7;34.3
1849;16/10/2025;16:15:48;35.5;34.3
1850;16/10/2025;16:16:08;35.2;34.3
1851;16/10/2025;16:16:28;35;35.3
1852;16/10/2025;16:16:48;34.8;35.7
1853;16/10/2025;16:17:08;34.8;35.7
1854;16/10/2025;16:17:28;34.8;35.4
1855;16/10/2025;16:17:48;34.8;34.8
1856;16/10/2025;16:18:08;34.8;34.7
1857;16/10/2025;16:18:28;34.8;33.8
1858;16/10/2025;16:18:48;34.8;33.8
1859;16/10/2025;16:19:08;34.8;34
1860;16/10/2025;16:19:28;34.7;34.4
1861;16/10/2025;16:19:48;34.5;34.4
1862;16/10/2025;16:20:08;34.3;33.9
1863;16/10/2025;16:20:28;34.1;32.9
1864;16/10/2025;16:20:48;34.1;33.3
1865;16/10/2025;16:21:08;34;33.7
1866;16/10/2025;16:21:28;33.9;34.4
1867;16/10/2025;16:21:48;33.8;34.1
1868;16/10/2025;16:22:08;33.7;35.2
1869;16/10/2025;16:22:28;33.6;35.1
1870;16/10/2025;16:22:47;33.5;34.1
1871;16/10/2025;16:23:07;33.5;34.3
1872;16/10/2025;16:23:27;33.3;34.4
1873;16/10/2025;16:23:47;33.2;34.2
1874;16/10/2025;16:24:07;33.2;33.8
1875;16/10/2025;16:24:27;33.2;34
1876;16/10/2025;16:24:47;33.3;34.1
1877;16/10/2025;16:25:07;33.4;35.4
1878;16/10/2025;16:25:27;33.4;36.1
1879;16/10/2025;16:25:47;33.4;35.8
1880;16/10/2025;16:26:07;33.3;36.3
1881;16/10/2025;16:26:27;33.3;36.7
1882;16/10/2025;16:26:47;33.4;36.3
1883;16/10/2025;16:27:07;33.5;34.9
1884;16/10/2025;16:27:27;33.5;34.9
1885;16/10/2025;16:27:47;33.6;34.8
1886;16/10/2025;16:28:07;33.6;33.8
1887;16/10/2025;16:28:27;33.6;34.1
1888;16/10/2025;16:28:47;33.7;33.8
1889;16/10/2025;16:29:07;33.6;33.9
1890;16/10/2025;16:29:27;33.5;34.1
1891;16/10/2025;16:29:47;33.5;34
1892;16/10/2025;16:30:07;33.5;34.6
1893;16/10/2025;16:30:27;33.5;34.7
1894;16/10/2025;16:30:47;33.5;33.8
1895;16/10/2025;16:31:07;33.5;33.3
1896;16/10/2025;16:31:27;33.5;33.5
1897;16/10/2025;16:31:47;33.6;33.2
1898;16/10/2025;16:32:07;33.6;33.3
1899;16/10/2025;16:32:27;33.6;34
1900;16/10/2025;16:32:47;33.6;33.8
1901;16/10/2025;16:33:07;33.7;33.6
1902;16/10/2025;16:33:27;33.8;33
1903;16/10/2025;16:33:47;33.8;32.9
1904;16/10/2025;16:34:07;33.9;32.9
1905;16/10/2025;16:34:27;33.9;33
1906;16/10/2025;16:34:47;33.9;33.2
1907;16/10/2025;16:35:07;34;33.3
1908;16/10/2025;16:35:27;34;33.2
1909;16/10/2025;16:35:47;34;33.2
1910;16/10/2025;16:36:07;34;33.3
1911;16/10/2025;16:36:27;34;33.4
1912;16/10/2025;16:36:47;34;33.6
1913;16/10/2025;16:37:07;34;33.5
1914;16/10/2025;16:37:27;33.9;33.8
1915;16/10/2025;16:37:47;34;33.8
1916;16/10/2025;16:38:07;33.9;34.1
1917;16/10/2025;16:38:27;33.8;34.7
1918;16/10/2025;16:38:47;33.7;35.4
1919;16/10/2025;16:39:07;33.5;36.1
1920;16/10/2025;16:39:27;33.4;36.7
1921;16/10/2025;16:39:47;33.2;36.5
1922;16/10/2025;16:40:07;33.1;35.6
1923;16/10/2025;16:40:27;33;35.6
1924;16/10/2025;16:40:47;32.9;36.9
1925;16/10/2025;16:41:07;32.9;36.5
1926;16/10/2025;16:41:27;32.9;36.4
1927;16/10/2025;16:41:47;32.9;37.6
1928;16/10/2025;16:42:07;32.8;38.5
1929;16/10/2025;16:42:27;32.7;38.4
1930;16/10/2025;16:42:47;32.7;38.7
1931;16/10/2025;16:43:07;32.7;38.3
1932;16/10/2025;16:43:27;32.7;38
1933;16/10/2025;16:43:47;32.6;38
1934;16/10/2025;16:44:07;32.6;39.5
1935;16/10/2025;16:44:27;32.5;39.6
1936;16/10/2025;16:44:47;32.4;38.3
1937;16/10/2025;16:45:07;32.3;37.6
1938;16/10/2025;16:45:27;32.4;39.3
1939;16/10/2025;16:45:47;32.4;39.6
1940;16/10/2025;16:46:07;32.4;38.9
1941;16/10/2025;16:46:27;32.4;39.4
1942;16/10/2025;16:46:47;32.4;39.1
1943;16/10/2025;16:47:07;32.4;37.9
1944;16/10/2025;16:47:27;32.4;38.1
1945;16/10/2025;16:47:47;32.4;38.9
1946;16/10/2025;16:48:07;32.4;38.7
1947;16/10/2025;16:48:27;32.4;39.1
1948;16/10/2025;16:48:47;32.4;39.5
1949;16/10/2025;16:49:07;32.3;39
1950;16/10/2025;16:49:27;32.4;39.3
1951;16/10/2025;16:49:47;32.4;38.5
1952;16/10/2025;16:50:07;32.4;38.7
1953;16/10/2025;16:50:27;32.4;38.1
1954;16/10/2025;16:50:47;32.5;37
1955;16/10/2025;16:51:07;32.5;36.7
1956;16/10/2025;16:51:27;32.5;36.5
1957;16/10/2025;16:51:47;32.5;36.6
1958;16/10/2025;16:52:07;32.5;36.7
1959;16/10/2025;16:52:27;32.5;36.6
1960;16/10/2025;16:52:47;32.5;36.7
1961;16/10/2025;16:53:07;32.5;36.7
1962;16/10/2025;16:53:27;32.5;36.5
1963;16/10/2025;16:53:47;32.5;37.4
1964;16/10/2025;16:54:07;32.4;36.8
1965;16/10/2025;16:54:27;32.4;38.6
1966;16/10/2025;16:54:47;32.3;38.1
1967;16/10/2025;16:55:07;32.3;38.7
1968;16/10/2025;16:55:27;32.3;38.1
1969;16/10/2025;16:55:47;32.3;37.9
1970;16/10/2025;16:56:07;32.3;37.7
1971;16/10/2025;16:56:27;32.3;37.4
1972;16/10/2025;16:56:47;32.3;37.7
1973;16/10/2025;16:57:07;32.3;37.8
1974;16/10/2025;16:57:27;32.2;38
1975;16/10/2025;16:57:47;32.1;38
1976;16/10/2025;16:58:07;32.1;37.7
1977;16/10/2025;16:58:27;32.1;37.4
1978;16/10/2025;16:58:47;32.1;36.3
1979;16/10/2025;16:59:07;32.2;36.6
1980;16/10/2025;16:59:27;32.1;36.7
1981;16/10/2025;16:59:47;32.1;36.3
1982;16/10/2025;17:00:07;32.1;36
1983;16/10/2025;17:00:27;32.1;35.9
1984;16/10/2025;17:00:47;32.1;35.9
1985;16/10/2025;17:01:07;32.1;35.9
1986;16/10/2025;17:01:27;32.1;35.8
1987;16/10/2025;17:01:47;32.1;36.1
1988;16/10/2025;17:02:07;32.1;36.3
1989;16/10/2025;17:02:27;31.9;37.9
1990;16/10/2025;17:02:47;31.9;39.9
1991;16/10/2025;17:03:07;31.8;39.6
1992;16/10/2025;17:03:27;31.7;40.7
1993;16/10/2025;17:03:47;31.7;39
1994;16/10/2025;17:04:07;31.7;38.4
1995;16/10/2025;17:04:27;31.7;38.1
1996;16/10/2025;17:04:47;31.6;37.6
1997;16/10/2025;17:05:07;31.5;37.8
1998;16/10/2025;17:05:27;31.5;38.5
1999;16/10/2025;17:05:47;31.5;39.2
2000;16/10/2025;17:06:07;31.4;38.8
2001;16/10/2025;17:06:27;31.4;39.3
2002;16/10/2025;17:06:47;31.3;39.3
2003;16/10/2025;17:07:07;31.3;38.1
2004;16/10/2025;17:07:27;31.3;37.8
2005;16/10/2025;17:07:47;31.3;37.9
2006;16/10/2025;17:08:07;31.2;39.7
2007;16/10/2025;17:08:27;31.2;42.6
2008;16/10/2025;17:08:47;31.1;43.5
2009;16/10/2025;17:09:07;31;42.7
2010;16/10/2025;17:09:27;31;42.3
2011;16/10/2025;17:09:47;30.9;43.1
2012;16/10/2025;17:10:07;30.9;43.4
2013;16/10/2025;17:10:27;30.9;43.1
2014;16/10/2025;17:10:47;30.9;42.3
2015;16/10/2025;17:11:07;30.9;39.2
2016;16/10/2025;17:11:27;31;38.6
2017;16/10/2025;17:11:47;31;37.9
2018;16/10/2025;17:12:07;31;38.2
2019;16/10/2025;17:12:27;31.1;39.9
2020;16/10/2025;17:12:47;31.1;40.8
2021;16/10/2025;17:13:07;31.1;41.9
2022;16/10/2025;17:13:27;31.1;42.3
2023;16/10/2025;17:13:47;31.1;42.8
2024;16/10/2025;17:14:07;31.1;44.4
2025;16/10/2025;17:14:27;31.2;45.1
2026;16/10/2025;17:14:47;31.2;45.7
2027;16/10/2025;17:15:07;31.2;46
2028;16/10/2025;17:15:27;31.2;46.2
2029;16/10/2025;17:15:47;31.2;46.5
2030;16/10/2025;17:16:07;31.2;46.7
2031;16/10/2025;17:16:27;31.2;47.1
2032;16/10/2025;17:16:47;31.2;47.2
2033;16/10/2025;17:17:07;31.1;47.3
2034;16/10/2025;17:17:27;31.1;47.5
2035;16/10/2025;17:17:47;31.1;47.7
2036;16/10/2025;17:18:07;31.1;47.8
2037;16/10/2025;17:18:27;31.1;47.9
2038;16/10/2025;17:18:47;31.1;48
2039;16/10/2025;17:19:07;31;48
2040;16/10/2025;17:19:27;31;48.1
2041;16/10/2025;17:19:47;31;48.3
2042;16/10/2025;17:20:07;31;48.4
2043;16/10/2025;17:20:27;30.9;48.5
2044;16/10/2025;17:20:47;30.9;48.5
2045;16/10/2025;17:21:07;30.9;48.6
2046;16/10/2025;17:21:27;30.9;48.7
2047;16/10/2025;17:21:47;30.9;48.8
2048;16/10/2025;17:22:07;30.9;48.9
2049;16/10/2025;17:22:27;30.8;48.9
2050;16/10/2025;17:22:47;30.8;49
2051;16/10/2025;17:23:07;30.8;49.1
2052;16/10/2025;17:23:27;30.8;49.3
2053;16/10/2025;17:23:47;30.8;49.2
2054;16/10/2025;17:24:07;30.7;49.1
2055;16/10/2025;17:24:27;30.7;49.2
2056;16/10/2025;17:24:47;30.7;49.5
2057;16/10/2025;17:25:07;30.6;49.4
2058;16/10/2025;17:25:27;30.6;49.3
2059;16/10/2025;17:25:47;30.5;49.4
2060;16/10/2025;17:26:07;30.5;49.6
2061;16/10/2025;17:26:27;30.5;49.6
2062;16/10/2025;17:26:47;30.5;49.7
2063;16/10/2025;17:27:07;30.4;49.7
2064;16/10/2025;17:27:27;30.4;49.7
2065;16/10/2025;17:27:47;30.4;49.8
2066;16/10/2025;17:28:07;30.3;49.8
2067;16/10/2025;17:28:27;30.3;49.9
2068;16/10/2025;17:28:47;30.3;50
2069;16/10/2025;17:29:07;30.2;50.1
2070;16/10/2025;17:29:27;30.2;50.2
2071;16/10/2025;17:29:47;30.2;50.3
2072;16/10/2025;17:30:07;30.2;50.2
2073;16/10/2025;17:30:27;30.1;50.3
2074;16/10/2025;17:30:47;30.1;50.4
2075;16/10/2025;17:31:07;30;50.5
2076;16/10/2025;17:31:27;30;50.6
2077;16/10/2025;17:31:47;30;50.7
2078;16/10/2025;17:32:07;30;50.7
2079;16/10/2025;17:32:27;29.9;50.8
2080;16/10/2025;17:32:47;29.9;51
2081;16/10/2025;17:33:07;29.9;51
2082;16/10/2025;17:33:27;29.8;51
2083;16/10/2025;17:33:47;29.8;51.1
2084;16/10/2025;17:34:07;29.8;51.1
2085;16/10/2025;17:34:27;29.8;51.2
2086;16/10/2025;17:34:47;29.8;51.2
2087;16/10/2025;17:35:07;29.8;51.3
2088;16/10/2025;17:35:27;29.7;51.3
2089;16/10/2025;17:35:47;29.7;51.4
2090;16/10/2025;17:36:07;29.7;51.4
2091;16/10/2025;17:36:27;29.7;51.5
2092;16/10/2025;17:36:47;29.7;51.6
2093;16/10/2025;17:37:07;29.7;51.5
2094;16/10/2025;17:37:27;29.6;51.6
2095;16/10/2025;17:37:47;29.6;51.7
2096;16/10/2025;17:38:07;29.6;51.7
2097;16/10/2025;17:38:27;29.6;51.7
2098;16/10/2025;17:38:47;29.6;51.9
2099;16/10/2025;17:39:07;29.6;51.9
2100;16/10/2025;17:39:27;29.5;51.8
2101;16/10/2025;17:39:47;29.5;51.9
2102;16/10/2025;17:40:07;29.5;51.9
2103;16/10/2025;17:40:27;29.5;52
2104;16/10/2025;17:40:47;29.5;52.1
2105;16/10/2025;17:41:07;29.5;52
2106;16/10/2025;17:41:27;29.5;52.1
2107;16/10/2025;17:41:47;29.5;52.2
2108;16/10/2025;17:42:07;29.4;52.2
2109;16/10/2025;17:42:27;29.4;52.2
2110;16/10/2025;17:42:47;29.4;52.3
2111;16/10/2025;17:43:07;29.4;52.2
2112;16/10/2025;17:43:27;29.4;52.2
2113;16/10/2025;17:43:47;29.4;52.2
2114;16/10/2025;17:44:07;29.4;52.2
2115;16/10/2025;17:44:27;29.4;52.3
2116;16/10/2025;17:44:47;29.4;52.3
2117;16/10/2025;17:45:07;29.3;52.4
2118;16/10/2025;17:45:27;29.3;52.5
2119;16/10/2025;17:45:47;29.3;52.6
2120;16/10/2025;17:46:07;29.3;52.5
2121;16/10/2025;17:46:27;29.3;52.6
2122;16/10/2025;17:46:47;29.3;52.6
2123;16/10/2025;17:47:07;29.3;52.5
2124;16/10/2025;17:47:27;29.3;52.7
2125;16/10/2025;17:47:47;29.3;52.7
2126;16/10/2025;17:48:07;29.3;52.7
2127;16/10/2025;17:48:27;29.3;52.7
2128;16/10/2025;17:48:47;29.3;52.7
2129;16/10/2025;17:49:07;29.3;52.7
2130;16/10/2025;17:49:27;29.3;52.8
2131;16/10/2025;17:49:47;29.3;52.9
2132;16/10/2025;17:50:07;29.2;52.9
2133;16/10/2025;17:50:27;29.3;53
2134;16/10/2025;17:50:46;29.2;53
2135;16/10/2025;17:51:06;29.3;53
2136;16/10/2025;17:51:26;29.2;53
2137;16/10/2025;17:51:46;29.2;53.1
2138;16/10/2025;17:52:06;29.2;53.1
2139;16/10/2025;17:52:26;29.2;53.2
2140;16/10/2025;17:52:46;29.2;53.2
2141;16/10/2025;17:53:06;29.2;53.2
2142;16/10/2025;17:53:26;29.2;53.2
2143;16/10/2025;17:53:46;29.2;53.3
2144;16/10/2025;17:54:06;29.2;53.2
2145;16/10/2025;17:54:26;29.2;53.2
2146;16/10/2025;17:54:46;29.1;53.3
2147;16/10/2025;17:55:06;29.1;53.3
2148;16/10/2025;17:55:26;29.1;53.2
2149;16/10/2025;17:55:46;29.1;53.2
2150;16/10/2025;17:56:06;29.1;53.4
2151;16/10/2025;17:56:26;29.1;53.4
2152;16/10/2025;17:56:46;29.1;53.3
2153;16/10/2025;17:57:06;29.1;53.3
2154;16/10/2025;17:57:26;29.1;53.3
2155;16/10/2025;17:57:46;29.1;53.3
2156;16/10/2025;17:58:06;29;53.3
2157;16/10/2025;17:58:26;29;53.5
2158;16/10/2025;17:58:46;29;53.5
2159;16/10/2025;17:59:06;29;53.5
2160;16/10/2025;17:59:26;29;53.5
2161;16/10/2025;17:59:46;29;53.4
2162;16/10/2025;18:00:06;29;53.4
