Contagem;Dispositivo;Data;Hora;Temperatura;Umidade
1;Pico W_F0BB;16/10/2025;07:04:42;29.5;47
2;Pico W_F0BB;16/10/2025;07:05:02;29.3;46.9
3;Pico W_F0BB;16/10/2025;07:05:22;29;47.1
4;Pico W_F0BB;16/10/2025;07:05:43;28.8;47.6
5;Pico W_F0BB;16/10/2025;07:06:03;28.7;47.9
6;Pico W_F0BB;16/10/2025;07:06:23;29;48.2
7;Pico W_F0BB;16/10/2025;07:06:44;29.3;47.7
8;Pico W_F0BB;16/10/2025;07:07:04;29.7;47.1
9;Pico W_F0BB;16/10/2025;07:07:24;30;46.5
10;Pico W_F0BB;16/10/2025;07:07:45;30.3;45.9
11;Pico W_F0BB;16/10/2025;07:08:05;30.5;45.6
12;Pico W_F0BB;16/10/2025;07:08:25;30.6;45.1
13;Pico W_F0BB;16/10/2025;07:08:46;30.7;44.7
14;Pico W_F0BB;16/10/2025;07:09:06;30.7;44.6
15;Pico W_F0BB;16/10/2025;07:09:26;30.6;44.8
16;Pico W_F0BB;16/10/2025;07:09:46;30.6;44.9
17;Pico W_F0BB;16/10/2025;07:10:07;30.2;45
18;Pico W_F0BB;16/10/2025;07:10:27;30.1;45.5
19;Pico W_F0BB;16/10/2025;07:10:47;30.1;45.7
20;Pico W_F0BB;16/10/2025;07:11:08;30.3;45.7
21;Pico W_F0BB;16/10/2025;07:11:28;30.5;45.2
22;Pico W_F0BB;16/10/2025;07:11:48;30.7;45
23;Pico W_F0BB;16/10/2025;07:12:09;30.8;45
24;Pico W_F0BB;16/10/2025;07:12:29;30.6;44.6
25;Pico W_F0BB;16/10/2025;07:12:49;30.2;44.9
26;Pico W_F0BB;16/10/2025;07:13:09;29.8;45.5
27;Pico W_F0BB;16/10/2025;07:13:30;29.2;46.4
28;Pico W_F0BB;16/10/2025;07:13:50;28.7;47.4
29;Pico W_F0BB;16/10/2025;07:14:10;28.4;48.1
30;Pico W_F0BB;16/10/2025;07:14:31;27.9;49.1
31;Pico W_F0BB;16/10/2025;07:14:51;28;49.9
32;Pico W_F0BB;16/10/2025;07:15:11;28.4;49.9
33;Pico W_F0BB;16/10/2025;07:15:32;28.6;49.1
34;Pico W_F0BB;16/10/2025;07:15:52;29;48.6
35;Pico W_F0BB;16/10/2025;07:16:12;29.2;48
36;Pico W_F0BB;16/10/2025;07:16:33;29.4;47.4
37;Pico W_F0BB;16/10/2025;07:16:53;29.4;47.3
38;Pico W_F0BB;16/10/2025;07:17:13;29.5;47
39;Pico W_F0BB;16/10/2025;07:17:33;29.4;46.9
40;Pico W_F0BB;16/10/2025;07:17:54;29.2;47.1
41;Pico W_F0BB;16/10/2025;07:18:14;28.8;47.8
42;Pico W_F0BB;16/10/2025;07:18:34;28.6;48.3
43;Pico W_F0BB;16/10/2025;07:18:55;28.6;48.6
44;Pico W_F0BB;16/10/2025;07:19:15;28.7;48.9
45;Pico W_F0BB;16/10/2025;07:19:35;29.1;48.7
46;Pico W_F0BB;16/10/2025;07:19:56;29.5;47.9
47;Pico W_F0BB;16/10/2025;07:20:16;29.5;47
48;Pico W_F0BB;16/10/2025;07:20:36;29.3;47.2
49;Pico W_F0BB;16/10/2025;07:20:57;29.3;47.4
50;Pico W_F0BB;16/10/2025;07:21:17;29;47.8
51;Pico W_F0BB;16/10/2025;07:21:37;28.8;48
52;Pico W_F0BB;16/10/2025;07:21:57;28.5;48.5
53;Pico W_F0BB;16/10/2025;07:22:18;28.1;49.1
54;Pico W_F0BB;16/10/2025;07:22:38;27.9;49.7
55;Pico W_F0BB;16/10/2025;07:22:58;27.9;50.1
56;Pico W_F0BB;16/10/2025;07:23:19;28;50.1
57;Pico W_F0BB;16/10/2025;07:23:39;28.1;50
58;Pico W_F0BB;16/10/2025;07:23:59;28.1;49.7
59;Pico W_F0BB;16/10/2025;07:24:20;28.3;49.7
60;Pico W_F0BB;16/10/2025;07:24:40;28.6;49.3
61;Pico W_F0BB;16/10/2025;07:25:00;28.7;48.9
62;Pico W_F0BB;16/10/2025;07:25:20;28.7;48.7
63;Pico W_F0BB;16/10/2025;07:25:41;28.6;48.9
64;Pico W_F0BB;16/10/2025;07:26:01;28.6;48.9
65;Pico W_F0BB;16/10/2025;07:26:21;28;49.3
66;Pico W_F0BB;16/10/2025;07:26:42;27.8;50.1
67;Pico W_F0BB;16/10/2025;07:27:02;27.9;50.1
68;Pico W_F0BB;16/10/2025;07:27:22;27.9;50.2
69;Pico W_F0BB;16/10/2025;07:27:43;28;49.9
70;Pico W_F0BB;16/10/2025;07:28:03;28.2;49.7
71;Pico W_F0BB;16/10/2025;07:28:23;28.3;49.6
72;Pico W_F0BB;16/10/2025;07:28:44;28.6;49.3
73;Pico W_F0BB;16/10/2025;07:29:04;28.7;48.7
74;Pico W_F0BB;16/10/2025;07:29:24;28.6;48.6
75;Pico W_F0BB;16/10/2025;07:29:44;28.8;48.8
76;Pico W_F0BB;16/10/2025;07:30:05;28.7;48.6
77;Pico W_F0BB;16/10/2025;07:30:25;28.4;48.8
78;Pico W_F0BB;16/10/2025;07:30:45;28.7;49.2
79;Pico W_F0BB;16/10/2025;07:31:06;29;48.7
80;Pico W_F0BB;16/10/2025;07:31:26;29.3;48.1
81;Pico W_F0BB;16/10/2025;07:31:46;29.5;47.4
82;Pico W_F0BB;16/10/2025;07:32:07;29.3;46.8
83;Pico W_F0BB;16/10/2025;07:32:27;28.4;48.2
84;Pico W_F0BB;16/10/2025;07:32:47;27.9;49.4
85;Pico W_F0BB;16/10/2025;07:33:07;27.6;50.3
86;Pico W_F0BB;16/10/2025;07:33:28;27.7;50.5
87;Pico W_F0BB;16/10/2025;07:33:48;27.9;50.5
88;Pico W_F0BB;16/10/2025;07:34:08;28.5;49.9
89;Pico W_F0BB;16/10/2025;07:34:29;28.9;49.2
90;Pico W_F0BB;16/10/2025;07:34:49;29.2;48.3
91;Pico W_F0BB;16/10/2025;07:35:09;29.5;47.7
92;Pico W_F0BB;16/10/2025;07:35:30;29.7;47.3
93;Pico W_F0BB;16/10/2025;07:35:50;30;46.9
94;Pico W_F0BB;16/10/2025;07:36:10;30.2;46.4
95;Pico W_F0BB;16/10/2025;07:36:31;30.2;46.1
96;Pico W_F0BB;16/10/2025;07:36:51;29.8;46.4
97;Pico W_F0BB;16/10/2025;07:37:11;29.8;46.9
98;Pico W_F0BB;16/10/2025;07:37:31;29.9;46.6
99;Pico W_F0BB;16/10/2025;07:37:52;29.7;46.6
100;Pico W_F0BB;16/10/2025;07:38:12;29.5;47
101;Pico W_F0BB;16/10/2025;07:38:32;29.5;47.3
102;Pico W_F0BB;16/10/2025;07:38:53;29.8;47.2
103;Pico W_F0BB;16/10/2025;07:39:13;29.5;46.9
104;Pico W_F0BB;16/10/2025;07:39:33;29.2;47.3
105;Pico W_F0BB;16/10/2025;07:39:54;28.7;47.9
106;Pico W_F0BB;16/10/2025;07:40:14;28.4;48.7
107;Pico W_F0BB;16/10/2025;07:40:34;28.1;49.3
108;Pico W_F0BB;16/10/2025;07:40:55;28;49.7
109;Pico W_F0BB;16/10/2025;07:41:15;28.2;49.7
110;Pico W_F0BB;16/10/2025;07:41:35;28.5;49.4
111;Pico W_F0BB;16/10/2025;07:41:55;28.4;49.3
112;Pico W_F0BB;16/10/2025;07:42:16;28.3;49.2
113;Pico W_F0BB;16/10/2025;07:42:36;28.2;49.4
114;Pico W_F0BB;16/10/2025;07:42:56;28;49.7
115;Pico W_F0BB;16/10/2025;07:43:17;28.2;49.8
116;Pico W_F0BB;16/10/2025;07:43:37;28.2;49.7
117;Pico W_F0BB;16/10/2025;07:43:57;28.1;49.6
118;Pico W_F0BB;16/10/2025;07:44:18;28;49.8
119;Pico W_F0BB;16/10/2025;07:44:38;28.4;49.9
120;Pico W_F0BB;16/10/2025;07:44:58;28.7;49.2
121;Pico W_F0BB;16/10/2025;07:45:18;28.4;48.9
122;Pico W_F0BB;16/10/2025;07:45:39;27.9;49.6
123;Pico W_F0BB;16/10/2025;07:45:59;27.7;50.3
124;Pico W_F0BB;16/10/2025;07:46:19;27.9;50.3
125;Pico W_F0BB;16/10/2025;07:46:40;28;50.1
126;Pico W_F0BB;16/10/2025;07:47:00;27.6;50.4
127;Pico W_F0BB;16/10/2025;07:47:20;27.6;50.9
128;Pico W_F0BB;16/10/2025;07:47:41;27.8;50.6
129;Pico W_F0BB;16/10/2025;07:48:01;27.8;50.6
130;Pico W_F0BB;16/10/2025;07:48:21;27.7;50.7
131;Pico W_F0BB;16/10/2025;07:48:42;27.8;50.6
132;Pico W_F0BB;16/10/2025;07:49:02;28;50.4
133;Pico W_F0BB;16/10/2025;07:49:22;28.4;49.8
134;Pico W_F0BB;16/10/2025;07:49:42;28.7;49.4
135;Pico W_F0BB;16/10/2025;07:50:03;29;49
136;Pico W_F0BB;16/10/2025;07:50:23;29.3;48.3
137;Pico W_F0BB;16/10/2025;07:50:43;29.5;48.1
138;Pico W_F0BB;16/10/2025;07:51:04;30;47.4
139;Pico W_F0BB;16/10/2025;07:51:24;30.3;46.6
140;Pico W_F0BB;16/10/2025;07:51:44;30.3;46.4
141;Pico W_F0BB;16/10/2025;07:52:05;30;46.1
142;Pico W_F0BB;16/10/2025;07:52:25;29.7;46.7
143;Pico W_F0BB;16/10/2025;07:52:45;29.4;47.1
144;Pico W_F0BB;16/10/2025;07:53:05;29.3;47.5
145;Pico W_F0BB;16/10/2025;07:53:26;29.2;47.8
146;Pico W_F0BB;16/10/2025;07:53:46;29;48
147;Pico W_F0BB;16/10/2025;07:54:06;28.7;48.5
148;Pico W_F0BB;16/10/2025;07:54:27;28.8;48.8
149;Pico W_F0BB;16/10/2025;07:54:47;29.3;48.5
150;Pico W_F0BB;16/10/2025;07:55:07;29.9;48
151;Pico W_F0BB;16/10/2025;07:55:28;30.5;46.8
152;Pico W_F0BB;16/10/2025;07:55:48;31.1;45.8
153;Pico W_F0BB;16/10/2025;07:56:08;31.5;44.9
154;Pico W_F0BB;16/10/2025;07:56:29;32;44.3
155;Pico W_F0BB;16/10/2025;07:56:49;32.2;43.4
156;Pico W_F0BB;16/10/2025;07:57:09;32.2;43
157;Pico W_F0BB;16/10/2025;07:57:29;32.2;42.8
158;Pico W_F0BB;16/10/2025;07:57:50;32.3;42.9
159;Pico W_F0BB;16/10/2025;07:58:10;32.4;42.6
160;Pico W_F0BB;16/10/2025;07:58:30;32.2;42.4
161;Pico W_F0BB;16/10/2025;07:58:51;31.6;43
162;Pico W_F0BB;16/10/2025;07:59:11;31.4;43.4
163;Pico W_F0BB;16/10/2025;07:59:31;31.2;43.8
164;Pico W_F0BB;16/10/2025;07:59:52;31;44.3
165;Pico W_F0BB;16/10/2025;08:00:12;30.9;44.4
166;Pico W_F0BB;16/10/2025;08:00:32;31;44.7
167;Pico W_F0BB;16/10/2025;08:00:53;31.2;44.7
168;Pico W_F0BB;16/10/2025;08:01:13;31.6;44.2
169;Pico W_F0BB;16/10/2025;08:01:33;32.1;43.6
170;Pico W_F0BB;16/10/2025;08:01:53;32.4;42.8
171;Pico W_F0BB;16/10/2025;08:02:14;32.6;42.5
172;Pico W_F0BB;16/10/2025;08:02:34;32.7;42.3
173;Pico W_F0BB;16/10/2025;08:02:54;32.8;42
174;Pico W_F0BB;16/10/2025;08:03:15;32.8;41.8
175;Pico W_F0BB;16/10/2025;08:03:35;32.6;41.9
176;Pico W_F0BB;16/10/2025;08:03:55;32.5;42.3
177;Pico W_F0BB;16/10/2025;08:04:16;32.2;42.3
178;Pico W_F0BB;16/10/2025;08:04:36;31.7;42.9
179;Pico W_F0BB;16/10/2025;08:04:56;31.3;43.7
180;Pico W_F0BB;16/10/2025;08:05:16;30.8;44.5
181;Pico W_F0BB;16/10/2025;08:05:37;30.5;45.1
182;Pico W_F0BB;16/10/2025;08:05:57;30.4;45.5
183;Pico W_F0BB;16/10/2025;08:06:17;30.4;45.6
184;Pico W_F0BB;16/10/2025;08:06:38;30.6;45.6
185;Pico W_F0BB;16/10/2025;08:06:58;30.8;45.1
186;Pico W_F0BB;16/10/2025;08:07:18;30.5;45.1
187;Pico W_F0BB;16/10/2025;08:07:39;30.2;45.7
188;Pico W_F0BB;16/10/2025;08:07:59;30.1;46.3
189;Pico W_F0BB;16/10/2025;08:08:19;30.4;46.3
190;Pico W_F0BB;16/10/2025;08:08:40;30.5;45.8
191;Pico W_F0BB;16/10/2025;08:09:00;30.7;45.5
192;Pico W_F0BB;16/10/2025;08:09:20;30.7;45.3
193;Pico W_F0BB;16/10/2025;08:09:40;31;45.4
194;Pico W_F0BB;16/10/2025;08:10:01;31.4;44.8
195;Pico W_F0BB;16/10/2025;08:10:21;31.9;44.3
196;Pico W_F0BB;16/10/2025;08:10:41;32.3;43.6
197;Pico W_F0BB;16/10/2025;08:11:02;32.8;42.9
198;Pico W_F0BB;16/10/2025;08:11:22;33;42.2
199;Pico W_F0BB;16/10/2025;08:11:42;33.3;41.9
200;Pico W_F0BB;16/10/2025;08:12:03;33.5;41.6
201;Pico W_F0BB;16/10/2025;08:12:23;33.6;41.2
202;Pico W_F0BB;16/10/2025;08:12:43;33.2;41.1
203;Pico W_F0BB;16/10/2025;08:13:04;32.9;41.5
204;Pico W_F0BB;16/10/2025;08:13:24;32.3;42.4
205;Pico W_F0BB;16/10/2025;08:13:44;31.8;42.7
206;Pico W_F0BB;16/10/2025;08:14:04;31.3;43.5
207;Pico W_F0BB;16/10/2025;08:14:25;30.8;44.5
208;Pico W_F0BB;16/10/2025;08:14:45;30.8;44.8
209;Pico W_F0BB;16/10/2025;08:15:05;30.9;44.8
210;Pico W_F0BB;16/10/2025;08:15:26;30.9;44.6
211;Pico W_F0BB;16/10/2025;08:15:46;30.4;45.2
212;Pico W_F0BB;16/10/2025;08:16:06;30.3;45.8
213;Pico W_F0BB;16/10/2025;08:16:27;30.4;45.6
214;Pico W_F0BB;16/10/2025;08:16:47;30.4;45.7
215;Pico W_F0BB;16/10/2025;08:17:07;30.5;45.7
216;Pico W_F0BB;16/10/2025;08:17:27;30.7;45.5
217;Pico W_F0BB;16/10/2025;08:17:48;31.1;45.1
218;Pico W_F0BB;16/10/2025;08:18:08;31.5;44.5
219;Pico W_F0BB;16/10/2025;08:18:28;31.5;43.9
220;Pico W_F0BB;16/10/2025;08:18:49;31.7;43.8
221;Pico W_F0BB;16/10/2025;08:19:09;32;43.7
222;Pico W_F0BB;16/10/2025;08:19:29;32.3;43
223;Pico W_F0BB;16/10/2025;08:19:50;32.4;43
224;Pico W_F0BB;16/10/2025;08:20:10;32.7;42.6
225;Pico W_F0BB;16/10/2025;08:20:30;33;42.1
226;Pico W_F0BB;16/10/2025;08:20:51;33.2;41.8
227;Pico W_F0BB;16/10/2025;08:21:11;33.5;41.4
228;Pico W_F0BB;16/10/2025;08:21:31;33.3;41.1
229;Pico W_F0BB;16/10/2025;08:21:51;33.1;41.3
230;Pico W_F0BB;16/10/2025;08:22:12;33;41.6
231;Pico W_F0BB;16/10/2025;08:22:32;33.3;41.7
232;Pico W_F0BB;16/10/2025;08:22:52;33.7;41.2
233;Pico W_F0BB;16/10/2025;08:23:13;33.7;40.7
234;Pico W_F0BB;16/10/2025;08:23:33;33.9;40.6
235;Pico W_F0BB;16/10/2025;08:23:53;33.8;40.5
236;Pico W_F0BB;16/10/2025;08:24:14;33.7;40.7
237;Pico W_F0BB;16/10/2025;08:24:34;33.5;40.9
238;Pico W_F0BB;16/10/2025;08:24:54;33.4;40.9
239;Pico W_F0BB;16/10/2025;08:25:15;33.4;41.1
240;Pico W_F0BB;16/10/2025;08:25:35;33.3;40.9
241;Pico W_F0BB;16/10/2025;08:25:55;33.2;41.1
242;Pico W_F0BB;16/10/2025;08:26:15;33.3;41.1
243;Pico W_F0BB;16/10/2025;08:26:36;33.3;41.1
244;Pico W_F0BB;16/10/2025;08:26:56;33;41.2
245;Pico W_F0BB;16/10/2025;08:27:16;32.8;41.6
246;Pico W_F0BB;16/10/2025;08:27:37;32.7;41.9
247;Pico W_F0BB;16/10/2025;08:27:57;32.5;42
248;Pico W_F0BB;16/10/2025;08:28:17;31.7;42.5
249;Pico W_F0BB;16/10/2025;08:28:38;31.2;43.7
250;Pico W_F0BB;16/10/2025;08:28:58;30.9;44.6
251;Pico W_F0BB;16/10/2025;08:29:18;30.8;44.8
252;Pico W_F0BB;16/10/2025;08:29:39;30.7;44.9
253;Pico W_F0BB;16/10/2025;08:29:59;30.6;45.2
254;Pico W_F0BB;16/10/2025;08:30:19;30.7;45.2
255;Pico W_F0BB;16/10/2025;08:30:39;30.8;45.1
256;Pico W_F0BB;16/10/2025;08:31:00;31;44.9
257;Pico W_F0BB;16/10/2025;08:31:20;31.2;45.1
258;Pico W_F0BB;16/10/2025;08:31:40;31.5;44.6
259;Pico W_F0BB;16/10/2025;08:32:01;32;44.2
260;Pico W_F0BB;16/10/2025;08:32:21;32.6;43.5
261;Pico W_F0BB;16/10/2025;08:32:41;33;42.6
262;Pico W_F0BB;16/10/2025;08:33:02;32.9;42
263;Pico W_F0BB;16/10/2025;08:33:22;33.2;42
264;Pico W_F0BB;16/10/2025;08:33:42;33;41.8
265;Pico W_F0BB;16/10/2025;08:34:02;32.8;41.7
266;Pico W_F0BB;16/10/2025;08:34:23;32.5;42.1
267;Pico W_F0BB;16/10/2025;08:34:43;32.6;42.5
268;Pico W_F0BB;16/10/2025;08:35:03;32.8;42.4
269;Pico W_F0BB;16/10/2025;08:35:24;33.1;42
270;Pico W_F0BB;16/10/2025;08:35:44;33.3;41.6
271;Pico W_F0BB;16/10/2025;08:36:04;33.5;41.4
272;Pico W_F0BB;16/10/2025;08:36:25;33.4;41
273;Pico W_F0BB;16/10/2025;08:36:45;33.1;41.2
274;Pico W_F0BB;16/10/2025;08:37:05;33;41.5
275;Pico W_F0BB;16/10/2025;08:37:26;32.9;41.6
276;Pico W_F0BB;16/10/2025;08:37:46;32.7;41.7
277;Pico W_F0BB;16/10/2025;08:38:06;32.8;42.1
278;Pico W_F0BB;16/10/2025;08:38:26;33.3;41.8
279;Pico W_F0BB;16/10/2025;08:38:47;33.5;41.2
280;Pico W_F0BB;16/10/2025;08:39:07;33.6;40.9
281;Pico W_F0BB;16/10/2025;08:39:27;33.5;40.9
282;Pico W_F0BB;16/10/2025;08:39:48;32.8;41.6
283;Pico W_F0BB;16/10/2025;08:40:08;32.7;42.3
284;Pico W_F0BB;16/10/2025;08:40:28;32.7;42.2
285;Pico W_F0BB;16/10/2025;08:40:49;32.5;42.1
286;Pico W_F0BB;16/10/2025;08:41:09;32.3;42.4
287;Pico W_F0BB;16/10/2025;08:41:29;31.8;43.2
288;Pico W_F0BB;16/10/2025;08:41:49;31.7;43.5
289;Pico W_F0BB;16/10/2025;08:42:10;31.7;43.6
290;Pico W_F0BB;16/10/2025;08:42:30;31.8;43.6
291;Pico W_F0BB;16/10/2025;08:42:50;31.9;43.7
292;Pico W_F0BB;16/10/2025;08:43:11;32.4;43.4
293;Pico W_F0BB;16/10/2025;08:43:31;33;42.7
294;Pico W_F0BB;16/10/2025;08:43:51;33.3;41.8
295;Pico W_F0BB;16/10/2025;08:44:12;33.7;41.3
296;Pico W_F0BB;16/10/2025;08:44:32;33.9;40.8
297;Pico W_F0BB;16/10/2025;08:44:52;34;40.4
298;Pico W_F0BB;16/10/2025;08:45:13;33.9;40.4
299;Pico W_F0BB;16/10/2025;08:45:33;33.7;40.6
300;Pico W_F0BB;16/10/2025;08:45:53;33.5;40.8
301;Pico W_F0BB;16/10/2025;08:46:13;33.6;41.1
302;Pico W_F0BB;16/10/2025;08:46:34;33.7;40.9
303;Pico W_F0BB;16/10/2025;08:46:54;33.9;40.6
304;Pico W_F0BB;16/10/2025;08:47:14;34.1;40.6
305;Pico W_F0BB;16/10/2025;08:47:35;34.5;40.3
306;Pico W_F0BB;16/10/2025;08:47:55;34.6;39.7
307;Pico W_F0BB;16/10/2025;08:48:15;34.5;39.8
308;Pico W_F0BB;16/10/2025;08:48:36;34.9;39.5
309;Pico W_F0BB;16/10/2025;08:48:56;35.1;39.2
310;Pico W_F0BB;16/10/2025;08:49:16;35.4;38.8
311;Pico W_F0BB;16/10/2025;08:49:37;35.6;38.4
312;Pico W_F0BB;16/10/2025;08:49:57;35.7;38.2
313;Pico W_F0BB;16/10/2025;08:50:17;35.7;38.1
314;Pico W_F0BB;16/10/2025;08:50:37;35.6;38.1
315;Pico W_F0BB;16/10/2025;08:50:58;35.6;38.1
316;Pico W_F0BB;16/10/2025;08:51:18;35.7;38.1
317;Pico W_F0BB;16/10/2025;08:51:38;35.9;37.9
318;Pico W_F0BB;16/10/2025;08:51:59;36.1;37.6
319;Pico W_F0BB;16/10/2025;08:52:19;36.3;37.4
320;Pico W_F0BB;16/10/2025;08:52:39;36.3;37.4
321;Pico W_F0BB;16/10/2025;08:53:00;36.3;37.2
322;Pico W_F0BB;16/10/2025;08:53:20;36;37.3
323;Pico W_F0BB;16/10/2025;08:53:40;35.6;37.7
324;Pico W_F0BB;16/10/2025;08:54:00;35.2;38.2
325;Pico W_F0BB;16/10/2025;08:54:21;34.8;38.7
326;Pico W_F0BB;16/10/2025;08:54:41;34.4;39.1
327;Pico W_F0BB;16/10/2025;08:55:01;34.1;39.8
328;Pico W_F0BB;16/10/2025;08:55:22;34.3;40
329;Pico W_F0BB;16/10/2025;08:55:42;34.4;39.9
330;Pico W_F0BB;16/10/2025;08:56:02;34.5;39.7
331;Pico W_F0BB;16/10/2025;08:56:23;34.7;39.7
332;Pico W_F0BB;16/10/2025;08:56:43;34.8;39.7
333;Pico W_F0BB;16/10/2025;08:57:03;35;39.2
334;Pico W_F0BB;16/10/2025;08:57:24;35.3;38.8
335;Pico W_F0BB;16/10/2025;08:57:44;35.7;38.5
336;Pico W_F0BB;16/10/2025;08:58:04;35.9;38.3
337;Pico W_F0BB;16/10/2025;08:58:24;35.9;38.3
338;Pico W_F0BB;16/10/2025;08:58:45;35.8;38
339;Pico W_F0BB;16/10/2025;08:59:05;35.7;38.1
340;Pico W_F0BB;16/10/2025;08:59:25;35.4;38.4
341;Pico W_F0BB;16/10/2025;08:59:46;35.3;38.5
342;Pico W_F0BB;16/10/2025;09:00:06;35.1;38.9
343;Pico W_F0BB;16/10/2025;09:00:26;34.9;39.2
344;Pico W_F0BB;16/10/2025;09:00:47;34.9;39.3
345;Pico W_F0BB;16/10/2025;09:01:07;34.9;39.2
346;Pico W_F0BB;16/10/2025;09:01:27;34.8;39.2
347;Pico W_F0BB;16/10/2025;09:01:48;34.9;39.3
348;Pico W_F0BB;16/10/2025;09:02:08;34.7;39.3
349;Pico W_F0BB;16/10/2025;09:02:28;34.6;39.6
350;Pico W_F0BB;16/10/2025;09:02:48;34.4;39.9
351;Pico W_F0BB;16/10/2025;09:03:09;34.5;40.1
352;Pico W_F0BB;16/10/2025;09:03:29;34.8;40
353;Pico W_F0BB;16/10/2025;09:03:49;34.8;39.7
354;Pico W_F0BB;16/10/2025;09:04:10;34.7;39.6
355;Pico W_F0BB;16/10/2025;09:04:30;34.6;39.9
356;Pico W_F0BB;16/10/2025;09:04:50;34.7;40.1
357;Pico W_F0BB;16/10/2025;09:05:11;34.9;39.6
358;Pico W_F0BB;16/10/2025;09:05:31;35.3;39.1
359;Pico W_F0BB;16/10/2025;09:05:51;34.9;39
360;Pico W_F0BB;16/10/2025;09:06:11;34.4;39.5
361;Pico W_F0BB;16/10/2025;09:06:32;34.2;40.1
362;Pico W_F0BB;16/10/2025;09:06:52;34.4;40.2
363;Pico W_F0BB;16/10/2025;09:07:12;34.6;40
364;Pico W_F0BB;16/10/2025;09:07:33;34.9;39.8
365;Pico W_F0BB;16/10/2025;09:07:53;35.2;39.3
366;Pico W_F0BB;16/10/2025;09:08:13;35;39.1
367;Pico W_F0BB;16/10/2025;09:08:34;34.9;39.3
368;Pico W_F0BB;16/10/2025;09:08:54;34.9;39.4
369;Pico W_F0BB;16/10/2025;09:09:14;34.6;39.7
370;Pico W_F0BB;16/10/2025;09:09:35;34.8;39.9
371;Pico W_F0BB;16/10/2025;09:09:55;35;39.8
372;Pico W_F0BB;16/10/2025;09:10:15;35;39.3
373;Pico W_F0BB;16/10/2025;09:10:35;34.9;39.3
374;Pico W_F0BB;16/10/2025;09:10:56;34.1;39.8
375;Pico W_F0BB;16/10/2025;09:11:16;33.5;41
376;Pico W_F0BB;16/10/2025;09:11:36;33.4;41.7
377;Pico W_F0BB;16/10/2025;09:11:57;33.2;42.1
378;Pico W_F0BB;16/10/2025;09:12:17;33.2;42
379;Pico W_F0BB;16/10/2025;09:12:37;33.5;42
380;Pico W_F0BB;16/10/2025;09:12:58;33.8;41.4
381;Pico W_F0BB;16/10/2025;09:13:18;34.1;40.9
382;Pico W_F0BB;16/10/2025;09:13:38;34.3;40.4
383;Pico W_F0BB;16/10/2025;09:13:59;34.5;40.4
384;Pico W_F0BB;16/10/2025;09:14:19;34.6;40.2
385;Pico W_F0BB;16/10/2025;09:14:39;34.7;39.9
386;Pico W_F0BB;16/10/2025;09:14:59;34.7;39.8
387;Pico W_F0BB;16/10/2025;09:15:20;34.7;39.9
388;Pico W_F0BB;16/10/2025;09:15:40;34.2;40.2
389;Pico W_F0BB;16/10/2025;09:16:00;33.5;40.5
390;Pico W_F0BB;16/10/2025;09:16:21;33;41.7
391;Pico W_F0BB;16/10/2025;09:16:41;32.6;42.4
392;Pico W_F0BB;16/10/2025;09:17:01;32.5;43
393;Pico W_F0BB;16/10/2025;09:17:22;32.1;43.2
394;Pico W_F0BB;16/10/2025;09:17:42;31.8;43.6
395;Pico W_F0BB;16/10/2025;09:18:02;31.4;44.3
396;Pico W_F0BB;16/10/2025;09:18:22;31.2;44.9
397;Pico W_F0BB;16/10/2025;09:18:43;30.7;45.4
398;Pico W_F0BB;16/10/2025;09:19:03;30.4;46
399;Pico W_F0BB;16/10/2025;09:19:23;30.3;46.6
400;Pico W_F0BB;16/10/2025;09:19:44;30.3;46.8
401;Pico W_F0BB;16/10/2025;09:20:04;30.4;46.8
402;Pico W_F0BB;16/10/2025;09:20:24;30.6;46.6
403;Pico W_F0BB;16/10/2025;09:20:45;30.7;46.4
404;Pico W_F0BB;16/10/2025;09:21:05;30.6;46.6
405;Pico W_F0BB;16/10/2025;09:21:25;30.1;46.8
406;Pico W_F0BB;16/10/2025;09:21:46;29.8;47.4
407;Pico W_F0BB;16/10/2025;09:22:06;29.5;48
408;Pico W_F0BB;16/10/2025;09:22:26;29.5;48.5
409;Pico W_F0BB;16/10/2025;09:22:46;29.5;48.6
410;Pico W_F0BB;16/10/2025;09:23:07;29.3;48.7
411;Pico W_F0BB;16/10/2025;09:23:27;29.2;49
412;Pico W_F0BB;16/10/2025;09:23:47;29.1;49
413;Pico W_F0BB;16/10/2025;09:24:08;28.9;49.3
414;Pico W_F0BB;16/10/2025;09:24:28;28.8;49.6
415;Pico W_F0BB;16/10/2025;09:24:48;28.7;49.9
416;Pico W_F0BB;16/10/2025;09:25:09;28.7;50.1
417;Pico W_F0BB;16/10/2025;09:25:29;28.7;50.3
418;Pico W_F0BB;16/10/2025;09:25:49;28.8;50
419;Pico W_F0BB;16/10/2025;09:26:10;28.9;50
420;Pico W_F0BB;16/10/2025;09:26:30;28.9;49.8
421;Pico W_F0BB;16/10/2025;09:26:50;28.8;50
422;Pico W_F0BB;16/10/2025;09:27:10;28.9;50
423;Pico W_F0BB;16/10/2025;09:27:31;29;49.9
424;Pico W_F0BB;16/10/2025;09:27:51;28.8;50
425;Pico W_F0BB;16/10/2025;09:28:11;28.7;50.1
426;Pico W_F0BB;16/10/2025;09:28:32;28.7;50.2
427;Pico W_F0BB;16/10/2025;09:28:52;28.8;50.2
428;Pico W_F0BB;16/10/2025;09:29:12;28.8;50.2
429;Pico W_F0BB;16/10/2025;09:29:33;29;50.1
430;Pico W_F0BB;16/10/2025;09:29:53;29.1;49.8
431;Pico W_F0BB;16/10/2025;09:30:13;29.1;49.7
432;Pico W_F0BB;16/10/2025;09:30:33;29.2;49.7
433;Pico W_F0BB;16/10/2025;09:30:54;29.3;49.5
434;Pico W_F0BB;16/10/2025;09:31:14;29.1;49.5
435;Pico W_F0BB;16/10/2025;09:31:34;29;49.7
436;Pico W_F0BB;16/10/2025;09:31:55;29;50
437;Pico W_F0BB;16/10/2025;09:32:15;29.1;50
438;Pico W_F0BB;16/10/2025;09:32:35;29.4;49.8
439;Pico W_F0BB;16/10/2025;09:32:56;29.6;49.3
440;Pico W_F0BB;16/10/2025;09:33:16;29.7;48.8
441;Pico W_F0BB;16/10/2025;09:33:36;29.7;48.6
442;Pico W_F0BB;16/10/2025;09:33:57;29.8;48.6
443;Pico W_F0BB;16/10/2025;09:34:17;29.9;48.5
444;Pico W_F0BB;16/10/2025;09:34:37;30;49.1
445;Pico W_F0BB;16/10/2025;09:34:57;30.1;48.9
446;Pico W_F0BB;16/10/2025;09:35:18;30.3;48.6
447;Pico W_F0BB;16/10/2025;09:35:38;30.4;47.9
448;Pico W_F0BB;16/10/2025;09:35:58;30.5;47.6
449;Pico W_F0BB;16/10/2025;09:36:19;30.6;47.7
450;Pico W_F0BB;16/10/2025;09:36:39;30.5;47.3
451;Pico W_F0BB;16/10/2025;09:36:59;30.5;47.2
452;Pico W_F0BB;16/10/2025;09:37:20;30.5;47.3
453;Pico W_F0BB;16/10/2025;09:37:40;30.5;47.4
454;Pico W_F0BB;16/10/2025;09:38:00;30.4;47.4
455;Pico W_F0BB;16/10/2025;09:38:21;30.3;47.5
456;Pico W_F0BB;16/10/2025;09:38:41;30.1;47.9
457;Pico W_F0BB;16/10/2025;09:39:01;30.1;48.1
458;Pico W_F0BB;16/10/2025;09:39:21;30;48.6
459;Pico W_F0BB;16/10/2025;09:39:42;30;48.8
460;Pico W_F0BB;16/10/2025;09:40:02;29.9;48.5
461;Pico W_F0BB;16/10/2025;09:40:22;30;48.6
462;Pico W_F0BB;16/10/2025;09:40:43;30.1;48.4
463;Pico W_F0BB;16/10/2025;09:41:03;30.3;48.2
464;Pico W_F0BB;16/10/2025;09:41:23;30.5;48
465;Pico W_F0BB;16/10/2025;09:41:44;30.5;47.7
466;Pico W_F0BB;16/10/2025;09:42:04;30.4;47.4
467;Pico W_F0BB;16/10/2025;09:42:24;30.3;47.5
468;Pico W_F0BB;16/10/2025;09:42:44;30.3;48.1
469;Pico W_F0BB;16/10/2025;09:43:05;30.4;48.3
470;Pico W_F0BB;16/10/2025;09:43:25;30.5;47.9
471;Pico W_F0BB;16/10/2025;09:43:45;30.6;47.6
472;Pico W_F0BB;16/10/2025;09:44:06;30.6;47.4
473;Pico W_F0BB;16/10/2025;09:44:26;30.5;47.8
474;Pico W_F0BB;16/10/2025;09:44:46;30.5;47.5
475;Pico W_F0BB;16/10/2025;09:45:07;30.5;47.4
476;Pico W_F0BB;16/10/2025;09:45:27;30.5;47.5
477;Pico W_F0BB;16/10/2025;09:45:47;30.6;47.5
478;Pico W_F0BB;16/10/2025;09:46:08;30.7;47.2
479;Pico W_F0BB;16/10/2025;09:46:28;30.8;47.1
480;Pico W_F0BB;16/10/2025;09:46:48;30.8;47.2
481;Pico W_F0BB;16/10/2025;09:47:08;30.7;46.7
482;Pico W_F0BB;16/10/2025;09:47:29;30.6;46.9
483;Pico W_F0BB;16/10/2025;09:47:49;30.6;47
484;Pico W_F0BB;16/10/2025;09:48:09;30.5;47.3
485;Pico W_F0BB;16/10/2025;09:48:30;30.3;47.7
486;Pico W_F0BB;16/10/2025;09:48:50;30.3;47.9
487;Pico W_F0BB;16/10/2025;09:49:10;30.3;47.7
488;Pico W_F0BB;16/10/2025;09:49:31;30.3;47.7
489;Pico W_F0BB;16/10/2025;09:49:51;30.4;47.8
490;Pico W_F0BB;16/10/2025;09:50:11;30.5;47.7
491;Pico W_F0BB;16/10/2025;09:50:32;30.6;47.5
492;Pico W_F0BB;16/10/2025;09:50:52;30.6;47.3
493;Pico W_F0BB;16/10/2025;09:51:12;30.6;47.3
494;Pico W_F0BB;16/10/2025;09:51:32;30.6;47.4
495;Pico W_F0BB;16/10/2025;09:51:53;30.7;47.3
496;Pico W_F0BB;16/10/2025;09:52:13;30.7;47.1
497;Pico W_F0BB;16/10/2025;09:52:33;30.9;47
498;Pico W_F0BB;16/10/2025;09:52:54;31;46.8
499;Pico W_F0BB;16/10/2025;09:53:14;31.1;46.7
500;Pico W_F0BB;16/10/2025;09:53:34;31.3;46.3
501;Pico W_F0BB;16/10/2025;09:53:55;31.4;46.1
502;Pico W_F0BB;16/10/2025;09:54:15;31.5;46
503;Pico W_F0BB;16/10/2025;09:54:35;31.6;45.7
504;Pico W_F0BB;16/10/2025;09:54:55;31.7;45.6
505;Pico W_F0BB;16/10/2025;09:55:16;31.8;45.2
506;Pico W_F0BB;16/10/2025;09:55:36;31.8;45.2
507;Pico W_F0BB;16/10/2025;09:55:56;31.8;45.6
508;Pico W_F0BB;16/10/2025;09:56:17;31.6;45.7
509;Pico W_F0BB;16/10/2025;09:56:37;31.5;45.4
510;Pico W_F0BB;16/10/2025;09:56:57;31.2;45.9
511;Pico W_F0BB;16/10/2025;09:57:18;31.1;46.3
512;Pico W_F0BB;16/10/2025;09:57:38;30.9;46.4
513;Pico W_F0BB;16/10/2025;09:57:58;30.7;46.4
514;Pico W_F0BB;16/10/2025;09:58:19;30.5;47
515;Pico W_F0BB;16/10/2025;09:58:39;30.5;47.2
516;Pico W_F0BB;16/10/2025;09:58:59;30.5;47.2
517;Pico W_F0BB;16/10/2025;09:59:19;30.4;47.3
518;Pico W_F0BB;16/10/2025;09:59:40;30.4;47.4
519;Pico W_F0BB;16/10/2025;10:00:00;30.3;47.2
520;Pico W_F0BB;16/10/2025;10:00:20;29.9;47.5
521;Pico W_F0BB;16/10/2025;10:00:41;29.7;48.2
522;Pico W_F0BB;16/10/2025;10:01:01;29.7;48.4
523;Pico W_F0BB;16/10/2025;10:01:21;29.7;48.5
524;Pico W_F0BB;16/10/2025;10:01:42;29.8;48.7
525;Pico W_F0BB;16/10/2025;10:02:02;29.8;48.5
526;Pico W_F0BB;16/10/2025;10:02:22;29.8;48.5
527;Pico W_F0BB;16/10/2025;10:02:43;29.7;48.5
528;Pico W_F0BB;16/10/2025;10:03:03;29.6;48.5
529;Pico W_F0BB;16/10/2025;10:03:23;29.5;48.7
530;Pico W_F0BB;16/10/2025;10:03:43;29.6;48.9
531;Pico W_F0BB;16/10/2025;10:04:04;29.9;48.5
532;Pico W_F0BB;16/10/2025;10:04:24;30;48.4
533;Pico W_F0BB;16/10/2025;10:04:44;30;48.3
534;Pico W_F0BB;16/10/2025;10:05:05;30.1;48.2
535;Pico W_F0BB;16/10/2025;10:05:25;30.2;48.2
536;Pico W_F0BB;16/10/2025;10:05:45;30.3;48.3
537;Pico W_F0BB;16/10/2025;10:06:06;30.5;48.1
538;Pico W_F0BB;16/10/2025;10:06:26;30.7;47.9
539;Pico W_F0BB;16/10/2025;10:06:46;30.8;47.5
540;Pico W_F0BB;16/10/2025;10:07:06;30.7;47.2
541;Pico W_F0BB;16/10/2025;10:07:27;30.6;47.2
542;Pico W_F0BB;16/10/2025;10:07:47;30.6;46.9
543;Pico W_F0BB;16/10/2025;10:08:07;30.5;47.3
544;Pico W_F0BB;16/10/2025;10:08:28;30.6;47.3
545;Pico W_F0BB;16/10/2025;10:08:48;30.7;47.5
546;Pico W_F0BB;16/10/2025;10:09:08;30.9;47.7
547;Pico W_F0BB;16/10/2025;10:09:29;31;47.2
548;Pico W_F0BB;16/10/2025;10:09:49;31.1;47
549;Pico W_F0BB;16/10/2025;10:10:09;31.2;47.3
550;Pico W_F0BB;16/10/2025;10:10:30;31.3;47
551;Pico W_F0BB;16/10/2025;10:10:50;31.5;46.3
552;Pico W_F0BB;16/10/2025;10:11:10;31.5;46
553;Pico W_F0BB;16/10/2025;10:11:30;31.5;46
554;Pico W_F0BB;16/10/2025;10:11:51;31.6;45.8
555;Pico W_F0BB;16/10/2025;10:12:11;31.6;45.7
556;Pico W_F0BB;16/10/2025;10:12:31;31.7;45.6
557;Pico W_F0BB;16/10/2025;10:12:52;31.8;45.6
558;Pico W_F0BB;16/10/2025;10:13:12;31.8;45.5
559;Pico W_F0BB;16/10/2025;10:13:32;31.9;45.3
560;Pico W_F0BB;16/10/2025;10:13:53;32;44.9
561;Pico W_F0BB;16/10/2025;10:14:13;32;44.8
562;Pico W_F0BB;16/10/2025;10:14:33;31.7;45.1
563;Pico W_F0BB;16/10/2025;10:14:53;31.3;45.1
564;Pico W_F0BB;16/10/2025;10:15:14;31;45.7
565;Pico W_F0BB;16/10/2025;10:15:34;30.7;46.6
566;Pico W_F0BB;16/10/2025;10:15:54;30.7;47
567;Pico W_F0BB;16/10/2025;10:16:15;30.7;46.9
568;Pico W_F0BB;16/10/2025;10:16:35;30.6;47.1
569;Pico W_F0BB;16/10/2025;10:16:55;30.6;47.1
570;Pico W_F0BB;16/10/2025;10:17:16;30.5;47.5
571;Pico W_F0BB;16/10/2025;10:17:36;30.5;47.6
572;Pico W_F0BB;16/10/2025;10:17:56;30.6;47.6
573;Pico W_F0BB;16/10/2025;10:18:17;30.5;47.4
574;Pico W_F0BB;16/10/2025;10:18:37;30.4;47.6
575;Pico W_F0BB;16/10/2025;10:18:57;30.6;47.7
576;Pico W_F0BB;16/10/2025;10:19:17;30.7;47.8
577;Pico W_F0BB;16/10/2025;10:19:38;30.9;47.4
578;Pico W_F0BB;16/10/2025;10:19:58;31.1;46.9
579;Pico W_F0BB;16/10/2025;10:20:18;31.3;46.4
580;Pico W_F0BB;16/10/2025;10:20:39;31.4;46.1
581;Pico W_F0BB;16/10/2025;10:20:59;31.5;45.9
582;Pico W_F0BB;16/10/2025;10:21:19;31.5;45.8
583;Pico W_F0BB;16/10/2025;10:21:40;31.5;45.8
584;Pico W_F0BB;16/10/2025;10:22:00;31.5;45.7
585;Pico W_F0BB;16/10/2025;10:22:20;31.4;45.7
586;Pico W_F0BB;16/10/2025;10:22:41;31.3;45.8
587;Pico W_F0BB;16/10/2025;10:23:01;31.3;45.7
588;Pico W_F0BB;16/10/2025;10:23:21;31.3;45.6
589;Pico W_F0BB;16/10/2025;10:23:41;31.1;45.6
590;Pico W_F0BB;16/10/2025;10:24:02;30.9;46
591;Pico W_F0BB;16/10/2025;10:24:22;30.7;46.6
592;Pico W_F0BB;16/10/2025;10:24:42;30.6;46.8
593;Pico W_F0BB;16/10/2025;10:25:03;30.6;47.3
594;Pico W_F0BB;16/10/2025;10:25:23;30.7;47.2
595;Pico W_F0BB;16/10/2025;10:25:43;30.9;47
596;Pico W_F0BB;16/10/2025;10:26:04;31;46.6
597;Pico W_F0BB;16/10/2025;10:26:24;31;46.5
598;Pico W_F0BB;16/10/2025;10:26:44;31;46.5
599;Pico W_F0BB;16/10/2025;10:27:04;31;46.2
600;Pico W_F0BB;16/10/2025;10:27:25;30.9;46.4
601;Pico W_F0BB;16/10/2025;10:27:45;30.9;46.5
602;Pico W_F0BB;16/10/2025;10:28:05;30.9;46.5
603;Pico W_F0BB;16/10/2025;10:28:26;31;46.8
604;Pico W_F0BB;16/10/2025;10:28:46;31.1;46.9
605;Pico W_F0BB;16/10/2025;10:29:06;31.1;46.2
606;Pico W_F0BB;16/10/2025;10:29:27;31;46.1
607;Pico W_F0BB;16/10/2025;10:29:47;30.8;46.2
608;Pico W_F0BB;16/10/2025;10:30:07;30.8;46.5
609;Pico W_F0BB;16/10/2025;10:30:28;30.8;46.6
610;Pico W_F0BB;16/10/2025;10:30:48;30.7;46.1
611;Pico W_F0BB;16/10/2025;10:31:08;30.5;46.4
612;Pico W_F0BB;16/10/2025;10:31:28;30.4;46.7
613;Pico W_F0BB;16/10/2025;10:31:49;30.3;46.9
614;Pico W_F0BB;16/10/2025;10:32:09;30.4;47.2
615;Pico W_F0BB;16/10/2025;10:32:29;30.4;47.1
616;Pico W_F0BB;16/10/2025;10:32:50;30.6;47.1
617;Pico W_F0BB;16/10/2025;10:33:10;30.4;46.6
618;Pico W_F0BB;16/10/2025;10:33:30;30.2;47.1
619;Pico W_F0BB;16/10/2025;10:33:51;30.1;47.3
620;Pico W_F0BB;16/10/2025;10:34:11;30.1;47.5
621;Pico W_F0BB;16/10/2025;10:34:31;30.2;47.4
622;Pico W_F0BB;16/10/2025;10:34:52;30.3;47.5
623;Pico W_F0BB;16/10/2025;10:35:12;30.4;47.2
624;Pico W_F0BB;16/10/2025;10:35:32;30.4;46.7
625;Pico W_F0BB;16/10/2025;10:35:52;30.5;46.8
626;Pico W_F0BB;16/10/2025;10:36:13;30.6;46.9
627;Pico W_F0BB;16/10/2025;10:36:33;30.7;46.8
628;Pico W_F0BB;16/10/2025;10:36:53;30.9;46.6
629;Pico W_F0BB;16/10/2025;10:37:14;31;46.3
630;Pico W_F0BB;16/10/2025;10:37:34;31.2;46.1
631;Pico W_F0BB;16/10/2025;10:37:54;31.3;45.7
632;Pico W_F0BB;16/10/2025;10:38:15;31.5;45.3
633;Pico W_F0BB;16/10/2025;10:38:35;31.6;44.4
634;Pico W_F0BB;16/10/2025;10:38:55;31.5;44.2
635;Pico W_F0BB;16/10/2025;10:39:15;31.4;44.6
636;Pico W_F0BB;16/10/2025;10:39:36;31.4;45.4
637;Pico W_F0BB;16/10/2025;10:39:56;31.4;44.8
638;Pico W_F0BB;16/10/2025;10:40:16;31.4;44.6
639;Pico W_F0BB;16/10/2025;10:40:37;31.4;44.7
640;Pico W_F0BB;16/10/2025;10:40:57;31.5;44.5
641;Pico W_F0BB;16/10/2025;10:41:17;31.4;44.4
642;Pico W_F0BB;16/10/2025;10:41:38;31.4;44.7
643;Pico W_F0BB;16/10/2025;10:41:58;31.2;44.6
644;Pico W_F0BB;16/10/2025;10:42:18;31;45.1
645;Pico W_F0BB;16/10/2025;10:42:39;30.9;45.4
646;Pico W_F0BB;16/10/2025;10:42:59;30.9;45.6
647;Pico W_F0BB;16/10/2025;10:43:19;30.9;45.6
648;Pico W_F0BB;16/10/2025;10:43:39;30.9;45.6
649;Pico W_F0BB;16/10/2025;10:44:00;31;45.6
650;Pico W_F0BB;16/10/2025;10:44:20;31;45.4
651;Pico W_F0BB;16/10/2025;10:44:40;31.1;45.5
652;Pico W_F0BB;16/10/2025;10:45:01;31.2;45.6
653;Pico W_F0BB;16/10/2025;10:45:21;31.4;45.4
654;Pico W_F0BB;16/10/2025;10:45:41;31.5;45
655;Pico W_F0BB;16/10/2025;10:46:02;31.6;45
656;Pico W_F0BB;16/10/2025;10:46:22;31.7;44.7
657;Pico W_F0BB;16/10/2025;10:46:42;31.8;44.6
658;Pico W_F0BB;16/10/2025;10:47:02;31.8;44.5
659;Pico W_F0BB;16/10/2025;10:47:23;31.8;44.6
660;Pico W_F0BB;16/10/2025;10:47:43;31.8;44.5
661;Pico W_F0BB;16/10/2025;10:48:03;31.8;44.5
662;Pico W_F0BB;16/10/2025;10:48:24;31.9;44.6
663;Pico W_F0BB;16/10/2025;10:48:44;32;44.4
664;Pico W_F0BB;16/10/2025;10:49:04;32.1;44.4
665;Pico W_F0BB;16/10/2025;10:49:25;32.2;44.4
666;Pico W_F0BB;16/10/2025;10:49:45;32.3;44.3
667;Pico W_F0BB;16/10/2025;10:50:05;32.3;44.2
668;Pico W_F0BB;16/10/2025;10:50:26;32.4;44.3
669;Pico W_F0BB;16/10/2025;10:50:46;32.5;44.1
670;Pico W_F0BB;16/10/2025;10:51:06;32.6;44.1
671;Pico W_F0BB;16/10/2025;10:51:26;32.7;43.9
672;Pico W_F0BB;16/10/2025;10:51:47;32.8;43.9
673;Pico W_F0BB;16/10/2025;10:52:07;32.7;43.5
674;Pico W_F0BB;16/10/2025;10:52:27;32.7;43.7
675;Pico W_F0BB;16/10/2025;10:52:48;32.7;43.8
676;Pico W_F0BB;16/10/2025;10:53:08;32.7;43.6
677;Pico W_F0BB;16/10/2025;10:53:28;32.5;43.6
678;Pico W_F0BB;16/10/2025;10:53:49;32.4;43.7
679;Pico W_F0BB;16/10/2025;10:54:09;32.3;43.7
680;Pico W_F0BB;16/10/2025;10:54:29;32.3;43.9
681;Pico W_F0BB;16/10/2025;10:54:50;32.3;44.5
682;Pico W_F0BB;16/10/2025;10:55:10;32.4;44.7
683;Pico W_F0BB;16/10/2025;10:55:30;32.5;44.3
684;Pico W_F0BB;16/10/2025;10:55:50;32.5;44.2
685;Pico W_F0BB;16/10/2025;10:56:11;32.5;44.2
686;Pico W_F0BB;16/10/2025;10:56:31;32.6;44.2
687;Pico W_F0BB;16/10/2025;10:56:51;32.7;44
688;Pico W_F0BB;16/10/2025;10:57:12;32.7;43.9
689;Pico W_F0BB;16/10/2025;10:57:32;32.7;43.5
690;Pico W_F0BB;16/10/2025;10:57:52;32.7;43.8
691;Pico W_F0BB;16/10/2025;10:58:13;32.6;43.5
692;Pico W_F0BB;16/10/2025;10:58:33;32.6;43.5
693;Pico W_F0BB;16/10/2025;10:58:53;32.4;43.2
694;Pico W_F0BB;16/10/2025;10:59:13;32.3;43.6
695;Pico W_F0BB;16/10/2025;10:59:34;32.3;43.6
696;Pico W_F0BB;16/10/2025;10:59:54;32.3;43.6
697;Pico W_F0BB;16/10/2025;11:00:14;32.1;43.4
698;Pico W_F0BB;16/10/2025;11:00:35;32;43
699;Pico W_F0BB;16/10/2025;11:00:55;31.9;42.9
700;Pico W_F0BB;16/10/2025;11:01:15;31.8;43.2
701;Pico W_F0BB;16/10/2025;11:01:36;31.7;43.3
702;Pico W_F0BB;16/10/2025;11:01:56;31.6;43.4
703;Pico W_F0BB;16/10/2025;11:02:16;31.6;43.5
704;Pico W_F0BB;16/10/2025;11:02:37;31.6;43.6
705;Pico W_F0BB;16/10/2025;11:02:57;31.6;43.9
706;Pico W_F0BB;16/10/2025;11:03:17;31.8;43.8
707;Pico W_F0BB;16/10/2025;11:03:37;32;43
708;Pico W_F0BB;16/10/2025;11:03:58;31.9;42.1
709;Pico W_F0BB;16/10/2025;11:04:18;32;41.7
710;Pico W_F0BB;16/10/2025;11:04:38;31.9;41.6
711;Pico W_F0BB;16/10/2025;11:04:59;31.9;41.8
712;Pico W_F0BB;16/10/2025;11:05:19;31.9;41.5
713;Pico W_F0BB;16/10/2025;11:05:39;31.9;41.7
714;Pico W_F0BB;16/10/2025;11:06:00;32;41.7
715;Pico W_F0BB;16/10/2025;11:06:20;32;41.7
716;Pico W_F0BB;16/10/2025;11:06:40;32.1;41.7
717;Pico W_F0BB;16/10/2025;11:07:01;32.1;41.5
718;Pico W_F0BB;16/10/2025;11:07:21;32.2;41.5
719;Pico W_F0BB;16/10/2025;11:07:41;32.2;41.4
720;Pico W_F0BB;16/10/2025;11:08:01;32.3;41.6
721;Pico W_F0BB;16/10/2025;11:08:22;32.4;42.2
722;Pico W_F0BB;16/10/2025;11:08:42;32.5;41.9
723;Pico W_F0BB;16/10/2025;11:09:02;32.6;41.6
724;Pico W_F0BB;16/10/2025;11:09:23;32.7;41.5
725;Pico W_F0BB;16/10/2025;11:09:43;32.6;41.7
726;Pico W_F0BB;16/10/2025;11:10:03;32.6;41.7
727;Pico W_F0BB;16/10/2025;11:10:24;32.6;41.7
728;Pico W_F0BB;16/10/2025;11:10:44;32.6;41.8
729;Pico W_F0BB;16/10/2025;11:11:04;32.6;41.6
730;Pico W_F0BB;16/10/2025;11:11:25;32.6;41.8
731;Pico W_F0BB;16/10/2025;11:11:45;32.8;41.9
732;Pico W_F0BB;16/10/2025;11:12:05;32.8;41.5
733;Pico W_F0BB;16/10/2025;11:12:25;32.9;41.1
734;Pico W_F0BB;16/10/2025;11:12:46;32.9;41.1
735;Pico W_F0BB;16/10/2025;11:13:06;32.7;40.5
736;Pico W_F0BB;16/10/2025;11:13:26;32.4;40.4
737;Pico W_F0BB;16/10/2025;11:13:47;32;40.8
738;Pico W_F0BB;16/10/2025;11:14:07;31.8;41
739;Pico W_F0BB;16/10/2025;11:14:27;31.6;40.9
740;Pico W_F0BB;16/10/2025;11:14:48;31.4;41.1
741;Pico W_F0BB;16/10/2025;11:15:08;31.3;41.5
742;Pico W_F0BB;16/10/2025;11:15:28;31.3;41.7
743;Pico W_F0BB;16/10/2025;11:15:48;31.3;41.9
744;Pico W_F0BB;16/10/2025;11:16:09;31.3;42.1
745;Pico W_F0BB;16/10/2025;11:16:29;31.3;41.7
746;Pico W_F0BB;16/10/2025;11:16:49;31.3;42.4
747;Pico W_F0BB;16/10/2025;11:17:10;31.3;42.5
748;Pico W_F0BB;16/10/2025;11:17:30;31.4;42.3
749;Pico W_F0BB;16/10/2025;11:17:50;31.4;42.2
750;Pico W_F0BB;16/10/2025;11:18:11;31.5;42.1
751;Pico W_F0BB;16/10/2025;11:18:31;31.5;42.3
752;Pico W_F0BB;16/10/2025;11:18:51;31.6;42.8
753;Pico W_F0BB;16/10/2025;11:19:12;31.6;42.4
754;Pico W_F0BB;16/10/2025;11:19:32;31.6;42
755;Pico W_F0BB;16/10/2025;11:19:52;31.5;42
756;Pico W_F0BB;16/10/2025;11:20:12;31.5;42.2
757;Pico W_F0BB;16/10/2025;11:20:33;31.5;42
758;Pico W_F0BB;16/10/2025;11:20:53;31.4;42
759;Pico W_F0BB;16/10/2025;11:21:13;31.4;42.1
760;Pico W_F0BB;16/10/2025;11:21:34;31.4;42.2
761;Pico W_F0BB;16/10/2025;11:21:54;31.4;42.3
762;Pico W_F0BB;16/10/2025;11:22:14;31.4;42.2
763;Pico W_F0BB;16/10/2025;11:22:35;31.5;42.2
764;Pico W_F0BB;16/10/2025;11:22:55;31.7;42.2
765;Pico W_F0BB;16/10/2025;11:23:15;31.7;42.2
766;Pico W_F0BB;16/10/2025;11:23:36;31.8;42.2
767;Pico W_F0BB;16/10/2025;11:23:56;31.8;41.9
768;Pico W_F0BB;16/10/2025;11:24:16;31.7;42.2
769;Pico W_F0BB;16/10/2025;11:24:36;31.8;42.1
770;Pico W_F0BB;16/10/2025;11:24:57;31.8;42.1
771;Pico W_F0BB;16/10/2025;11:25:17;31.9;42.2
772;Pico W_F0BB;16/10/2025;11:25:37;31.9;42.2
773;Pico W_F0BB;16/10/2025;11:25:58;32;42.3
774;Pico W_F0BB;16/10/2025;11:26:18;32;42.6
775;Pico W_F0BB;16/10/2025;11:26:38;32;42.4
776;Pico W_F0BB;16/10/2025;11:26:59;32;42.6
777;Pico W_F0BB;16/10/2025;11:27:19;32;42.1
778;Pico W_F0BB;16/10/2025;11:27:39;31.9;42
779;Pico W_F0BB;16/10/2025;11:27:59;31.8;42.5
780;Pico W_F0BB;16/10/2025;11:28:20;31.8;42.4
781;Pico W_F0BB;16/10/2025;11:28:40;31.8;42.4
782;Pico W_F0BB;16/10/2025;11:29:00;31.9;42.4
783;Pico W_F0BB;16/10/2025;11:29:21;31.9;42.3
784;Pico W_F0BB;16/10/2025;11:29:41;31.8;42.4
785;Pico W_F0BB;16/10/2025;11:30:01;31.8;42.6
786;Pico W_F0BB;16/10/2025;11:30:22;31.8;42.6
787;Pico W_F0BB;16/10/2025;11:30:42;31.7;42.4
788;Pico W_F0BB;16/10/2025;11:31:02;31.6;42.4
789;Pico W_F0BB;16/10/2025;11:31:23;31.4;42.5
790;Pico W_F0BB;16/10/2025;11:31:43;31.3;42.9
791;Pico W_F0BB;16/10/2025;11:32:03;31.3;42.9
792;Pico W_F0BB;16/10/2025;11:32:23;31.3;43.2
793;Pico W_F0BB;16/10/2025;11:32:44;31.4;43.3
794;Pico W_F0BB;16/10/2025;11:33:04;31.6;43.2
795;Pico W_F0BB;16/10/2025;11:33:24;31.8;43
796;Pico W_F0BB;16/10/2025;11:33:45;32;43
797;Pico W_F0BB;16/10/2025;11:34:05;32.2;42.6
798;Pico W_F0BB;16/10/2025;11:34:25;32.3;42.3
799;Pico W_F0BB;16/10/2025;11:34:46;32.1;42.3
800;Pico W_F0BB;16/10/2025;11:35:06;31.8;42.2
801;Pico W_F0BB;16/10/2025;11:35:26;31.6;42.5
802;Pico W_F0BB;16/10/2025;11:35:47;31.5;42.7
803;Pico W_F0BB;16/10/2025;11:36:07;31.4;42.8
804;Pico W_F0BB;16/10/2025;11:36:27;31.4;42.9
805;Pico W_F0BB;16/10/2025;11:36:47;31.4;43.1
806;Pico W_F0BB;16/10/2025;11:37:08;31.3;43.4
807;Pico W_F0BB;16/10/2025;11:37:28;31.3;43.2
808;Pico W_F0BB;16/10/2025;11:37:48;31.2;43.3
809;Pico W_F0BB;16/10/2025;11:38:09;31.1;43.3
810;Pico W_F0BB;16/10/2025;11:38:29;31.1;43.6
811;Pico W_F0BB;16/10/2025;11:38:49;31.2;43.6
812;Pico W_F0BB;16/10/2025;11:39:10;31.3;43.5
813;Pico W_F0BB;16/10/2025;11:39:30;31.4;43.6
814;Pico W_F0BB;16/10/2025;11:39:50;31.4;43.6
815;Pico W_F0BB;16/10/2025;11:40:10;31.4;43.4
816;Pico W_F0BB;16/10/2025;11:40:31;31.3;43.4
817;Pico W_F0BB;16/10/2025;11:40:51;31.3;44
818;Pico W_F0BB;16/10/2025;11:41:11;31.4;44
819;Pico W_F0BB;16/10/2025;11:41:32;31.5;43.3
820;Pico W_F0BB;16/10/2025;11:41:52;31.5;43.2
821;Pico W_F0BB;16/10/2025;11:42:12;31.5;43.1
822;Pico W_F0BB;16/10/2025;11:42:33;31.4;43
823;Pico W_F0BB;16/10/2025;11:42:53;31.4;43.1
824;Pico W_F0BB;16/10/2025;11:43:13;31.4;43.3
825;Pico W_F0BB;16/10/2025;11:43:34;31.3;43.2
826;Pico W_F0BB;16/10/2025;11:43:54;31.3;43.3
827;Pico W_F0BB;16/10/2025;11:44:14;31.2;43.3
828;Pico W_F0BB;16/10/2025;11:44:34;31.2;43.3
829;Pico W_F0BB;16/10/2025;11:44:55;31.2;43.4
830;Pico W_F0BB;16/10/2025;11:45:15;31.2;43.4
831;Pico W_F0BB;16/10/2025;11:45:35;31.2;43.4
832;Pico W_F0BB;16/10/2025;11:45:56;31.2;43.4
833;Pico W_F0BB;16/10/2025;11:46:16;31.3;43.2
834;Pico W_F0BB;16/10/2025;11:46:36;31.3;43
835;Pico W_F0BB;16/10/2025;11:46:57;31.4;42.7
836;Pico W_F0BB;16/10/2025;11:47:17;31.6;43
837;Pico W_F0BB;16/10/2025;11:47:37;31.6;42.4
838;Pico W_F0BB;16/10/2025;11:47:57;31.6;42.1
839;Pico W_F0BB;16/10/2025;11:48:18;31.6;42.2
840;Pico W_F0BB;16/10/2025;11:48:38;31.7;41.7
841;Pico W_F0BB;16/10/2025;11:48:58;31.7;41.5
842;Pico W_F0BB;16/10/2025;11:49:19;31.8;40.9
843;Pico W_F0BB;16/10/2025;11:49:39;31.7;40.6
844;Pico W_F0BB;16/10/2025;11:49:59;31.7;40.6
845;Pico W_F0BB;16/10/2025;11:50:20;31.7;40.7
846;Pico W_F0BB;16/10/2025;11:50:40;31.6;40.9
847;Pico W_F0BB;16/10/2025;11:51:00;31.6;41.2
848;Pico W_F0BB;16/10/2025;11:51:21;31.7;41.2
849;Pico W_F0BB;16/10/2025;11:51:41;31.8;41
850;Pico W_F0BB;16/10/2025;11:52:01;31.9;41.1
851;Pico W_F0BB;16/10/2025;11:52:21;32.1;41.1
852;Pico W_F0BB;16/10/2025;11:52:42;32.3;40.9
853;Pico W_F0BB;16/10/2025;11:53:02;32.5;40.8
854;Pico W_F0BB;16/10/2025;11:53:22;32.4;40.4
855;Pico W_F0BB;16/10/2025;11:53:43;32.3;40.7
856;Pico W_F0BB;16/10/2025;11:54:03;32.3;41.1
857;Pico W_F0BB;16/10/2025;11:54:23;32.4;41.2
858;Pico W_F0BB;16/10/2025;11:54:44;32.6;40.9
859;Pico W_F0BB;16/10/2025;11:55:04;32.8;40.7
860;Pico W_F0BB;16/10/2025;11:55:24;32.9;40.6
861;Pico W_F0BB;16/10/2025;11:55:45;33;40.5
862;Pico W_F0BB;16/10/2025;11:56:05;33.1;40.3
863;Pico W_F0BB;16/10/2025;11:56:25;33.2;39.9
864;Pico W_F0BB;16/10/2025;11:56:45;33.3;39.6
865;Pico W_F0BB;16/10/2025;11:57:06;33.3;39.6
866;Pico W_F0BB;16/10/2025;11:57:26;33.4;39.8
867;Pico W_F0BB;16/10/2025;11:57:46;33.4;39.6
868;Pico W_F0BB;16/10/2025;11:58:07;33.3;39.7
869;Pico W_F0BB;16/10/2025;11:58:27;33.2;40
870;Pico W_F0BB;16/10/2025;11:58:47;33.2;40.4
871;Pico W_F0BB;16/10/2025;11:59:08;33.2;40.3
872;Pico W_F0BB;16/10/2025;11:59:28;33.2;40.1
873;Pico W_F0BB;16/10/2025;11:59:48;33.2;40
874;Pico W_F0BB;16/10/2025;12:00:08;33.2;40.1
875;Pico W_F0BB;16/10/2025;12:00:29;33.2;40.2
876;Pico W_F0BB;16/10/2025;12:00:49;33.2;40.1
877;Pico W_F0BB;16/10/2025;12:01:09;33.2;39.9
878;Pico W_F0BB;16/10/2025;12:01:30;33.1;39.9
879;Pico W_F0BB;16/10/2025;12:01:50;33.1;40.5
880;Pico W_F0BB;16/10/2025;12:02:10;33.2;40.7
881;Pico W_F0BB;16/10/2025;12:02:31;33.1;40.7
882;Pico W_F0BB;16/10/2025;12:02:51;33;40.4
883;Pico W_F0BB;16/10/2025;12:03:11;32.9;40.4
884;Pico W_F0BB;16/10/2025;12:03:32;32.8;40.8
885;Pico W_F0BB;16/10/2025;12:03:52;32.8;41.2
886;Pico W_F0BB;16/10/2025;12:04:12;32.7;40.6
887;Pico W_F0BB;16/10/2025;12:04:32;32.3;40.8
888;Pico W_F0BB;16/10/2025;12:04:53;32.2;41
889;Pico W_F0BB;16/10/2025;12:05:13;32;41.3
890;Pico W_F0BB;16/10/2025;12:05:33;31.9;41.4
891;Pico W_F0BB;16/10/2025;12:05:54;31.7;41.7
892;Pico W_F0BB;16/10/2025;12:06:14;31.7;41.9
893;Pico W_F0BB;16/10/2025;12:06:34;31.7;42.1
894;Pico W_F0BB;16/10/2025;12:06:55;31.8;42.2
895;Pico W_F0BB;16/10/2025;12:07:15;31.7;42.2
896;Pico W_F0BB;16/10/2025;12:07:35;31.7;42.5
897;Pico W_F0BB;16/10/2025;12:07:56;31.9;42.5
898;Pico W_F0BB;16/10/2025;12:08:16;32;42.3
899;Pico W_F0BB;16/10/2025;12:08:36;32.1;42.1
900;Pico W_F0BB;16/10/2025;12:08:56;32;42.1
901;Pico W_F0BB;16/10/2025;12:09:17;32;42.1
902;Pico W_F0BB;16/10/2025;12:09:37;31.9;42.4
903;Pico W_F0BB;16/10/2025;12:09:57;31.7;42.5
904;Pico W_F0BB;16/10/2025;12:10:18;31.6;42.6
905;Pico W_F0BB;16/10/2025;12:10:38;31.6;42.8
906;Pico W_F0BB;16/10/2025;12:10:58;31.6;42.9
907;Pico W_F0BB;16/10/2025;12:11:19;31.5;43
908;Pico W_F0BB;16/10/2025;12:11:39;31.5;43.2
909;Pico W_F0BB;16/10/2025;12:11:59;31.6;43
910;Pico W_F0BB;16/10/2025;12:12:19;31.8;42.8
911;Pico W_F0BB;16/10/2025;12:12:40;31.8;42.7
912;Pico W_F0BB;16/10/2025;12:13:00;31.9;42.3
913;Pico W_F0BB;16/10/2025;12:13:20;32.1;42.1
914;Pico W_F0BB;16/10/2025;12:13:41;32.3;41.6
915;Pico W_F0BB;16/10/2025;12:14:01;32.4;41.6
916;Pico W_F0BB;16/10/2025;12:14:21;32.5;41
917;Pico W_F0BB;16/10/2025;12:14:42;32.6;40.8
918;Pico W_F0BB;16/10/2025;12:15:02;32.8;40.5
919;Pico W_F0BB;16/10/2025;12:15:22;32.9;40.3
920;Pico W_F0BB;16/10/2025;12:15:43;33;40.4
921;Pico W_F0BB;16/10/2025;12:16:03;33.1;40.4
922;Pico W_F0BB;16/10/2025;12:16:23;33.1;40.3
923;Pico W_F0BB;16/10/2025;12:16:43;33.1;40
924;Pico W_F0BB;16/10/2025;12:17:04;33.1;40.3
925;Pico W_F0BB;16/10/2025;12:17:24;33;40.5
926;Pico W_F0BB;16/10/2025;12:17:44;32.8;40.6
927;Pico W_F0BB;16/10/2025;12:18:05;32.7;40.1
928;Pico W_F0BB;16/10/2025;12:18:25;32.6;40.6
929;Pico W_F0BB;16/10/2025;12:18:45;32.4;41.1
930;Pico W_F0BB;16/10/2025;12:19:06;32.2;40.9
931;Pico W_F0BB;16/10/2025;12:19:26;32.2;41.6
932;Pico W_F0BB;16/10/2025;12:19:46;32;42.1
933;Pico W_F0BB;16/10/2025;12:20:07;31.9;42.4
934;Pico W_F0BB;16/10/2025;12:20:27;31.8;42.6
935;Pico W_F0BB;16/10/2025;12:20:47;31.7;42.6
936;Pico W_F0BB;16/10/2025;12:21:07;31.7;43
937;Pico W_F0BB;16/10/2025;12:21:28;31.6;42.5
938;Pico W_F0BB;16/10/2025;12:21:48;31.7;42.9
939;Pico W_F0BB;16/10/2025;12:22:08;31.6;42.7
940;Pico W_F0BB;16/10/2025;12:22:29;31.7;41.7
941;Pico W_F0BB;16/10/2025;12:22:49;31.8;41.8
942;Pico W_F0BB;16/10/2025;12:23:09;31.9;41
943;Pico W_F0BB;16/10/2025;12:23:30;31.8;40.6
944;Pico W_F0BB;16/10/2025;12:23:50;31.8;40.9
945;Pico W_F0BB;16/10/2025;12:24:10;31.9;41.3
946;Pico W_F0BB;16/10/2025;12:24:30;31.9;40.3
947;Pico W_F0BB;16/10/2025;12:24:51;31.9;40.1
948;Pico W_F0BB;16/10/2025;12:25:11;31.9;40.1
949;Pico W_F0BB;16/10/2025;12:25:31;32;40.1
950;Pico W_F0BB;16/10/2025;12:25:52;32.1;40.5
951;Pico W_F0BB;16/10/2025;12:26:12;32.1;39.6
952;Pico W_F0BB;16/10/2025;12:26:32;32;39.6
953;Pico W_F0BB;16/10/2025;12:26:53;31.9;39.8
954;Pico W_F0BB;16/10/2025;12:27:13;31.8;39.9
955;Pico W_F0BB;16/10/2025;12:27:33;31.8;40
956;Pico W_F0BB;16/10/2025;12:27:54;31.8;39.8
957;Pico W_F0BB;16/10/2025;12:28:14;31.8;39.5
958;Pico W_F0BB;16/10/2025;12:28:34;31.8;39.9
959;Pico W_F0BB;16/10/2025;12:28:54;31.9;40
960;Pico W_F0BB;16/10/2025;12:29:15;31.9;40.2
961;Pico W_F0BB;16/10/2025;12:29:35;31.9;40.3
962;Pico W_F0BB;16/10/2025;12:29:55;31.8;40.5
963;Pico W_F0BB;16/10/2025;12:30:16;31.8;40.7
964;Pico W_F0BB;16/10/2025;12:30:36;31.8;40.8
965;Pico W_F0BB;16/10/2025;12:30:56;32;40.6
966;Pico W_F0BB;16/10/2025;12:31:17;32.2;40.1
967;Pico W_F0BB;16/10/2025;12:31:37;32.3;39.7
968;Pico W_F0BB;16/10/2025;12:31:57;32.3;39.3
969;Pico W_F0BB;16/10/2025;12:32:18;32.3;39.3
970;Pico W_F0BB;16/10/2025;12:32:38;32.3;39.4
971;Pico W_F0BB;16/10/2025;12:32:58;32.4;39.6
972;Pico W_F0BB;16/10/2025;12:33:18;32.4;39.7
973;Pico W_F0BB;16/10/2025;12:33:39;32.4;39.2
974;Pico W_F0BB;16/10/2025;12:33:59;32.4;39.3
975;Pico W_F0BB;16/10/2025;12:34:19;32.4;39.1
976;Pico W_F0BB;16/10/2025;12:34:40;32.4;38.9
977;Pico W_F0BB;16/10/2025;12:35:00;32.3;39
978;Pico W_F0BB;16/10/2025;12:35:20;32.3;39.2
979;Pico W_F0BB;16/10/2025;12:35:41;32.4;39.5
980;Pico W_F0BB;16/10/2025;12:36:01;32.4;40
981;Pico W_F0BB;16/10/2025;12:36:21;32.4;39.5
982;Pico W_F0BB;16/10/2025;12:36:41;32.5;39.5
983;Pico W_F0BB;16/10/2025;12:37:02;32.5;39.1
984;Pico W_F0BB;16/10/2025;12:37:22;32.5;39
985;Pico W_F0BB;16/10/2025;12:37:42;32.5;38.9
986;Pico W_F0BB;16/10/2025;12:38:03;32.5;38.8
987;Pico W_F0BB;16/10/2025;12:38:23;32.6;39
988;Pico W_F0BB;16/10/2025;12:38:43;32.6;38.7
989;Pico W_F0BB;16/10/2025;12:39:04;32.6;38.9
990;Pico W_F0BB;16/10/2025;12:39:24;32.6;38.8
991;Pico W_F0BB;16/10/2025;12:39:44;32.6;38.8
992;Pico W_F0BB;16/10/2025;12:40:05;32.6;38.6
993;Pico W_F0BB;16/10/2025;12:40:25;32.5;38.6
994;Pico W_F0BB;16/10/2025;12:40:45;32.4;38.8
995;Pico W_F0BB;16/10/2025;12:41:05;32.3;38.9
996;Pico W_F0BB;16/10/2025;12:41:26;32.3;38.9
997;Pico W_F0BB;16/10/2025;12:41:46;32.3;38.9
998;Pico W_F0BB;16/10/2025;12:42:06;32.3;39.1
999;Pico W_F0BB;16/10/2025;12:42:27;32.2;39.3
1000;Pico W_F0BB;16/10/2025;12:42:47;32.1;39.3
1001;Pico W_F0BB;16/10/2025;12:43:07;32;40
1002;Pico W_F0BB;16/10/2025;12:43:28;32;40
1003;Pico W_F0BB;16/10/2025;12:43:48;32.2;40.1
1004;Pico W_F0BB;16/10/2025;12:44:08;32.4;39.9
1005;Pico W_F0BB;16/10/2025;12:44:29;32.5;39.9
1006;Pico W_F0BB;16/10/2025;12:44:49;32.7;39.6
1007;Pico W_F0BB;16/10/2025;12:45:09;32.9;39.3
1008;Pico W_F0BB;16/10/2025;12:45:29;33;39.2
1009;Pico W_F0BB;16/10/2025;12:45:50;33.2;39.2
1010;Pico W_F0BB;16/10/2025;12:46:10;33.4;39
1011;Pico W_F0BB;16/10/2025;12:46:30;33.5;39.3
1012;Pico W_F0BB;16/10/2025;12:46:51;33.7;39.1
1013;Pico W_F0BB;16/10/2025;12:47:11;33.9;39
1014;Pico W_F0BB;16/10/2025;12:47:31;34;38.6
1015;Pico W_F0BB;16/10/2025;12:47:52;34;38.4
1016;Pico W_F0BB;16/10/2025;12:48:12;33.9;38.5
1017;Pico W_F0BB;16/10/2025;12:48:32;33.7;38.4
1018;Pico W_F0BB;16/10/2025;12:48:52;33.3;38.7
1019;Pico W_F0BB;16/10/2025;12:49:13;32.9;39.2
1020;Pico W_F0BB;16/10/2025;12:49:33;32.8;39.3
1021;Pico W_F0BB;16/10/2025;12:49:53;32.8;39.4
1022;Pico W_F0BB;16/10/2025;12:50:14;32.9;39.1
1023;Pico W_F0BB;16/10/2025;12:50:34;33;38.7
1024;Pico W_F0BB;16/10/2025;12:50:54;33.1;38.5
1025;Pico W_F0BB;16/10/2025;12:51:15;33.1;38.8
1026;Pico W_F0BB;16/10/2025;12:51:35;33.1;38.8
1027;Pico W_F0BB;16/10/2025;12:51:55;33.1;38.8
1028;Pico W_F0BB;16/10/2025;12:52:16;33.2;38.5
1029;Pico W_F0BB;16/10/2025;12:52:36;33.2;38.2
1030;Pico W_F0BB;16/10/2025;12:52:56;33.3;38
1031;Pico W_F0BB;16/10/2025;12:53:16;33.3;38.1
1032;Pico W_F0BB;16/10/2025;12:53:37;33.3;38.2
1033;Pico W_F0BB;16/10/2025;12:53:57;33.4;38.4
1034;Pico W_F0BB;16/10/2025;12:54:17;33.4;38.3
1035;Pico W_F0BB;16/10/2025;12:54:38;33.5;38.2
1036;Pico W_F0BB;16/10/2025;12:54:58;33.5;38.1
1037;Pico W_F0BB;16/10/2025;12:55:18;33.6;38
1038;Pico W_F0BB;16/10/2025;12:55:39;33.6;38.1
1039;Pico W_F0BB;16/10/2025;12:55:59;33.6;38.3
1040;Pico W_F0BB;16/10/2025;12:56:19;33.6;38.3
1041;Pico W_F0BB;16/10/2025;12:56:40;33.3;38.6
1042;Pico W_F0BB;16/10/2025;12:57:00;33.1;38.9
1043;Pico W_F0BB;16/10/2025;12:57:20;33;38.9
1044;Pico W_F0BB;16/10/2025;12:57:40;32.9;39.1
1045;Pico W_F0BB;16/10/2025;12:58:01;33;39.2
1046;Pico W_F0BB;16/10/2025;12:58:21;33.1;39.1
1047;Pico W_F0BB;16/10/2025;12:58:41;33.2;38.9
1048;Pico W_F0BB;16/10/2025;12:59:02;33.3;38.4
1049;Pico W_F0BB;16/10/2025;12:59:22;33.2;38.8
1050;Pico W_F0BB;16/10/2025;12:59:42;33.1;39.2
1051;Pico W_F0BB;16/10/2025;13:00:03;32.8;39.4
1052;Pico W_F0BB;16/10/2025;13:00:23;32.9;39.6
1053;Pico W_F0BB;16/10/2025;13:00:43;33.1;39.3
1054;Pico W_F0BB;16/10/2025;13:01:03;33.1;39.4
1055;Pico W_F0BB;16/10/2025;13:01:24;33;39.5
1056;Pico W_F0BB;16/10/2025;13:01:44;32.6;39.9
1057;Pico W_F0BB;16/10/2025;13:02:04;32.4;40.3
1058;Pico W_F0BB;16/10/2025;13:02:25;32.2;40.7
1059;Pico W_F0BB;16/10/2025;13:02:45;32.2;40.8
1060;Pico W_F0BB;16/10/2025;13:03:05;32.1;40.8
1061;Pico W_F0BB;16/10/2025;13:03:26;32.1;41.1
1062;Pico W_F0BB;16/10/2025;13:03:46;32;41.1
1063;Pico W_F0BB;16/10/2025;13:04:06;32;40.9
1064;Pico W_F0BB;16/10/2025;13:04:27;32;41.5
1065;Pico W_F0BB;16/10/2025;13:04:47;31.9;41.7
1066;Pico W_F0BB;16/10/2025;13:05:07;31.8;41.4
1067;Pico W_F0BB;16/10/2025;13:05:27;31.9;40.7
1068;Pico W_F0BB;16/10/2025;13:05:48;32;40.2
1069;Pico W_F0BB;16/10/2025;13:06:08;32.1;40.5
1070;Pico W_F0BB;16/10/2025;13:06:28;32.3;40.2
1071;Pico W_F0BB;16/10/2025;13:06:49;32.5;40.2
1072;Pico W_F0BB;16/10/2025;13:07:09;32.4;41
1073;Pico W_F0BB;16/10/2025;13:07:29;32.1;41.1
1074;Pico W_F0BB;16/10/2025;13:07:50;32.1;40.6
1075;Pico W_F0BB;16/10/2025;13:08:10;32.2;40.5
1076;Pico W_F0BB;16/10/2025;13:08:30;32.2;40.8
1077;Pico W_F0BB;16/10/2025;13:08:51;32.4;40.4
1078;Pico W_F0BB;16/10/2025;13:09:11;32.5;40.6
1079;Pico W_F0BB;16/10/2025;13:09:31;32.5;40.6
1080;Pico W_F0BB;16/10/2025;13:09:51;32.6;40.5
1081;Pico W_F0BB;16/10/2025;13:10:12;32.6;40.3
1082;Pico W_F0BB;16/10/2025;13:10:32;32.7;39.8
1083;Pico W_F0BB;16/10/2025;13:10:52;32.8;39.5
1084;Pico W_F0BB;16/10/2025;13:11:13;32.9;39.4
1085;Pico W_F0BB;16/10/2025;13:11:33;32.9;39.3
1086;Pico W_F0BB;16/10/2025;13:11:53;32.9;39.4
1087;Pico W_F0BB;16/10/2025;13:12:14;33;39.2
1088;Pico W_F0BB;16/10/2025;13:12:34;33;38.8
1089;Pico W_F0BB;16/10/2025;13:12:54;33;38.9
1090;Pico W_F0BB;16/10/2025;13:13:14;33;38.9
1091;Pico W_F0BB;16/10/2025;13:13:35;33.1;39.1
1092;Pico W_F0BB;16/10/2025;13:13:55;33.1;39
1093;Pico W_F0BB;16/10/2025;13:14:15;33.2;38.9
1094;Pico W_F0BB;16/10/2025;13:14:36;33.4;39
1095;Pico W_F0BB;16/10/2025;13:14:56;33.4;39
1096;Pico W_F0BB;16/10/2025;13:15:16;33.4;39.2
1097;Pico W_F0BB;16/10/2025;13:15:37;33.3;39.3
1098;Pico W_F0BB;16/10/2025;13:15:57;33.1;39.3
1099;Pico W_F0BB;16/10/2025;13:16:17;33.1;39.2
1100;Pico W_F0BB;16/10/2025;13:16:38;33.2;39.5
1101;Pico W_F0BB;16/10/2025;13:16:58;33.1;39.6
1102;Pico W_F0BB;16/10/2025;13:17:18;33.1;39.1
1103;Pico W_F0BB;16/10/2025;13:17:38;33.2;39.2
1104;Pico W_F0BB;16/10/2025;13:17:59;33.3;39.3
1105;Pico W_F0BB;16/10/2025;13:18:19;33.4;39.1
1106;Pico W_F0BB;16/10/2025;13:18:39;33.5;38.7
1107;Pico W_F0BB;16/10/2025;13:19:00;33.6;38.1
1108;Pico W_F0BB;16/10/2025;13:19:20;33.7;37.9
1109;Pico W_F0BB;16/10/2025;13:19:40;33.7;38
1110;Pico W_F0BB;16/10/2025;13:20:01;33.7;38.2
1111;Pico W_F0BB;16/10/2025;13:20:21;33.7;38.1
1112;Pico W_F0BB;16/10/2025;13:20:41;33.7;38.3
1113;Pico W_F0BB;16/10/2025;13:21:01;33.6;38.5
1114;Pico W_F0BB;16/10/2025;13:21:22;33.7;38.6
1115;Pico W_F0BB;16/10/2025;13:21:42;33.7;38.7
1116;Pico W_F0BB;16/10/2025;13:22:02;33.8;38.6
1117;Pico W_F0BB;16/10/2025;13:22:23;33.9;38.7
1118;Pico W_F0BB;16/10/2025;13:22:43;34;38.4
1119;Pico W_F0BB;16/10/2025;13:23:03;34.1;38.3
1120;Pico W_F0BB;16/10/2025;13:23:24;34;38.2
1121;Pico W_F0BB;16/10/2025;13:23:44;33.9;38.4
1122;Pico W_F0BB;16/10/2025;13:24:04;33.6;38.8
1123;Pico W_F0BB;16/10/2025;13:24:25;33.4;39.1
1124;Pico W_F0BB;16/10/2025;13:24:45;33.2;39.3
1125;Pico W_F0BB;16/10/2025;13:25:05;33.2;39
1126;Pico W_F0BB;16/10/2025;13:25:25;33.2;38.9
1127;Pico W_F0BB;16/10/2025;13:25:46;33.3;38.8
1128;Pico W_F0BB;16/10/2025;13:26:06;33.4;38.8
1129;Pico W_F0BB;16/10/2025;13:26:26;33.5;38.7
1130;Pico W_F0BB;16/10/2025;13:26:47;33.6;38.8
1131;Pico W_F0BB;16/10/2025;13:27:07;33.7;38.5
1132;Pico W_F0BB;16/10/2025;13:27:27;33.7;38.8
1133;Pico W_F0BB;16/10/2025;13:27:48;33.7;38.3
1134;Pico W_F0BB;16/10/2025;13:28:08;33.7;37.9
1135;Pico W_F0BB;16/10/2025;13:28:28;33.7;38
1136;Pico W_F0BB;16/10/2025;13:28:49;33.8;38.1
1137;Pico W_F0BB;16/10/2025;13:29:09;33.8;38.3
1138;Pico W_F0BB;16/10/2025;13:29:29;33.9;38.1
1139;Pico W_F0BB;16/10/2025;13:29:49;33.9;37.8
1140;Pico W_F0BB;16/10/2025;13:30:10;33.9;37.9
1141;Pico W_F0BB;16/10/2025;13:30:30;33.9;38.4
1142;Pico W_F0BB;16/10/2025;13:30:50;33.9;38.3
1143;Pico W_F0BB;16/10/2025;13:31:11;33.9;38
1144;Pico W_F0BB;16/10/2025;13:31:31;33.9;38.2
1145;Pico W_F0BB;16/10/2025;13:31:51;33.8;38.4
1146;Pico W_F0BB;16/10/2025;13:32:12;33.7;38.6
1147;Pico W_F0BB;16/10/2025;13:32:32;33.6;38.4
1148;Pico W_F0BB;16/10/2025;13:32:52;33.5;38.7
1149;Pico W_F0BB;16/10/2025;13:33:12;33.4;39
1150;Pico W_F0BB;16/10/2025;13:33:33;33.3;39.3
1151;Pico W_F0BB;16/10/2025;13:33:53;33.2;39.6
1152;Pico W_F0BB;16/10/2025;13:34:13;33;39.9
1153;Pico W_F0BB;16/10/2025;13:34:34;32.9;40.1
1154;Pico W_F0BB;16/10/2025;13:34:54;32.7;40.5
1155;Pico W_F0BB;16/10/2025;13:35:14;32.6;40.5
1156;Pico W_F0BB;16/10/2025;13:35:35;32.7;39.6
1157;Pico W_F0BB;16/10/2025;13:35:55;32.9;39.6
1158;Pico W_F0BB;16/10/2025;13:36:15;32.9;40.1
1159;Pico W_F0BB;16/10/2025;13:36:36;32.9;39.9
1160;Pico W_F0BB;16/10/2025;13:36:56;32.9;40.1
1161;Pico W_F0BB;16/10/2025;13:37:16;32.9;40
1162;Pico W_F0BB;16/10/2025;13:37:36;32.9;38.9
1163;Pico W_F0BB;16/10/2025;13:37:57;33;39.4
1164;Pico W_F0BB;16/10/2025;13:38:17;33;39.7
1165;Pico W_F0BB;16/10/2025;13:38:37;32.8;39.5
1166;Pico W_F0BB;16/10/2025;13:38:58;32.8;39.6
1167;Pico W_F0BB;16/10/2025;13:39:18;32.8;39.6
1168;Pico W_F0BB;16/10/2025;13:39:38;32.9;39.8
1169;Pico W_F0BB;16/10/2025;13:39:59;32.9;39.6
1170;Pico W_F0BB;16/10/2025;13:40:19;32.9;40.1
1171;Pico W_F0BB;16/10/2025;13:40:39;32.6;40.7
1172;Pico W_F0BB;16/10/2025;13:41:00;32.4;41.2
1173;Pico W_F0BB;16/10/2025;13:41:20;32;41.6
1174;Pico W_F0BB;16/10/2025;13:41:40;31.8;41.3
1175;Pico W_F0BB;16/10/2025;13:42:00;31.9;40.6
1176;Pico W_F0BB;16/10/2025;13:42:21;32.1;41.7
1177;Pico W_F0BB;16/10/2025;13:42:41;32.2;41.4
1178;Pico W_F0BB;16/10/2025;13:43:01;32.2;41.4
1179;Pico W_F0BB;16/10/2025;13:43:22;32.4;41.4
1180;Pico W_F0BB;16/10/2025;13:43:42;32.3;41.2
1181;Pico W_F0BB;16/10/2025;13:44:02;32.3;40.3
1182;Pico W_F0BB;16/10/2025;13:44:23;32.4;40
1183;Pico W_F0BB;16/10/2025;13:44:43;32.5;40.9
1184;Pico W_F0BB;16/10/2025;13:45:03;32.5;41.1
1185;Pico W_F0BB;16/10/2025;13:45:23;32.3;41.4
1186;Pico W_F0BB;16/10/2025;13:45:44;32.2;41.7
1187;Pico W_F0BB;16/10/2025;13:46:04;32;42
1188;Pico W_F0BB;16/10/2025;13:46:24;31.9;42.2
1189;Pico W_F0BB;16/10/2025;13:46:45;31.7;42.6
1190;Pico W_F0BB;16/10/2025;13:47:05;31.8;41.2
1191;Pico W_F0BB;16/10/2025;13:47:25;32;40.5
1192;Pico W_F0BB;16/10/2025;13:47:46;32.2;40.3
1193;Pico W_F0BB;16/10/2025;13:48:06;32.5;39.9
1194;Pico W_F0BB;16/10/2025;13:48:26;32.7;39.3
1195;Pico W_F0BB;16/10/2025;13:48:47;32.8;39.1
1196;Pico W_F0BB;16/10/2025;13:49:07;32.9;39.8
1197;Pico W_F0BB;16/10/2025;13:49:27;32.9;39.7
1198;Pico W_F0BB;16/10/2025;13:49:47;32.9;39
1199;Pico W_F0BB;16/10/2025;13:50:08;33;38.7
1200;Pico W_F0BB;16/10/2025;13:50:28;33.1;38.5
1201;Pico W_F0BB;16/10/2025;13:50:48;33.2;38.2
1202;Pico W_F0BB;16/10/2025;13:51:09;33.3;38.4
1203;Pico W_F0BB;16/10/2025;13:51:29;33.4;38.3
1204;Pico W_F0BB;16/10/2025;13:51:49;33.5;38.1
1205;Pico W_F0BB;16/10/2025;13:52:10;33.6;37.8
1206;Pico W_F0BB;16/10/2025;13:52:30;33.7;37.9
1207;Pico W_F0BB;16/10/2025;13:52:50;33.8;37.5
1208;Pico W_F0BB;16/10/2025;13:53:11;33.8;37.5
1209;Pico W_F0BB;16/10/2025;13:53:31;33.8;37.7
1210;Pico W_F0BB;16/10/2025;13:53:51;33.7;37
1211;Pico W_F0BB;16/10/2025;13:54:11;33.6;37
1212;Pico W_F0BB;16/10/2025;13:54:32;33.5;37.4
1213;Pico W_F0BB;16/10/2025;13:54:52;33.4;37.7
1214;Pico W_F0BB;16/10/2025;13:55:12;33.4;37.9
1215;Pico W_F0BB;16/10/2025;13:55:33;33.4;37.4
1216;Pico W_F0BB;16/10/2025;13:55:53;33.3;37.5
1217;Pico W_F0BB;16/10/2025;13:56:13;33.2;37.7
1218;Pico W_F0BB;16/10/2025;13:56:34;33.2;37.8
1219;Pico W_F0BB;16/10/2025;13:56:54;33.1;38
1220;Pico W_F0BB;16/10/2025;13:57:14;33.2;38.2
1221;Pico W_F0BB;16/10/2025;13:57:34;33.2;38.2
1222;Pico W_F0BB;16/10/2025;13:57:55;33.3;38.3
1223;Pico W_F0BB;16/10/2025;13:58:15;33.4;38.1
1224;Pico W_F0BB;16/10/2025;13:58:35;33.5;38.1
1225;Pico W_F0BB;16/10/2025;13:58:56;33.6;38
1226;Pico W_F0BB;16/10/2025;13:59:16;33.7;38
1227;Pico W_F0BB;16/10/2025;13:59:36;33.7;38.1
1228;Pico W_F0BB;16/10/2025;13:59:57;33.8;37.8
1229;Pico W_F0BB;16/10/2025;14:00:17;33.8;37.9
1230;Pico W_F0BB;16/10/2025;14:00:37;33.7;37.9
1231;Pico W_F0BB;16/10/2025;14:00:58;33.7;37.8
1232;Pico W_F0BB;16/10/2025;14:01:18;33.7;37.9
1233;Pico W_F0BB;16/10/2025;14:01:38;33.8;37.8
1234;Pico W_F0BB;16/10/2025;14:01:58;33.9;37.9
1235;Pico W_F0BB;16/10/2025;14:02:19;33.9;37.8
1236;Pico W_F0BB;16/10/2025;14:02:39;34;37.7
1237;Pico W_F0BB;16/10/2025;14:02:59;34;37.9
1238;Pico W_F0BB;16/10/2025;14:03:20;34.1;37.8
1239;Pico W_F0BB;16/10/2025;14:03:40;34;37.6
1240;Pico W_F0BB;16/10/2025;14:04:00;34.1;37.8
1241;Pico W_F0BB;16/10/2025;14:04:21;34.1;37.7
1242;Pico W_F0BB;16/10/2025;14:04:41;34.1;37.6
1243;Pico W_F0BB;16/10/2025;14:05:01;34.1;37.5
1244;Pico W_F0BB;16/10/2025;14:05:22;34.1;37.1
1245;Pico W_F0BB;16/10/2025;14:05:42;34;37.1
1246;Pico W_F0BB;16/10/2025;14:06:02;33.8;37.4
1247;Pico W_F0BB;16/10/2025;14:06:22;33.6;37.4
1248;Pico W_F0BB;16/10/2025;14:06:43;33.6;38.1
1249;Pico W_F0BB;16/10/2025;14:07:03;33.5;37.9
1250;Pico W_F0BB;16/10/2025;14:07:23;33.4;37.7
1251;Pico W_F0BB;16/10/2025;14:07:44;33.3;38.1
1252;Pico W_F0BB;16/10/2025;14:08:04;33.3;38.3
1253;Pico W_F0BB;16/10/2025;14:08:24;33.3;38.3
1254;Pico W_F0BB;16/10/2025;14:08:45;33.4;38.3
1255;Pico W_F0BB;16/10/2025;14:09:05;33.5;38.4
1256;Pico W_F0BB;16/10/2025;14:09:25;33.6;38.3
1257;Pico W_F0BB;16/10/2025;14:09:45;33.7;38.1
1258;Pico W_F0BB;16/10/2025;14:10:06;33.8;38
1259;Pico W_F0BB;16/10/2025;14:10:26;33.8;38.2
1260;Pico W_F0BB;16/10/2025;14:10:46;33.9;37.6
1261;Pico W_F0BB;16/10/2025;14:11:07;33.9;37.7
1262;Pico W_F0BB;16/10/2025;14:11:27;34;37.8
1263;Pico W_F0BB;16/10/2025;14:11:47;34;37.7
1264;Pico W_F0BB;16/10/2025;14:12:08;34.1;37.7
1265;Pico W_F0BB;16/10/2025;14:12:28;34.1;37.5
1266;Pico W_F0BB;16/10/2025;14:12:48;34.1;37.6
1267;Pico W_F0BB;16/10/2025;14:13:09;34.2;37
1268;Pico W_F0BB;16/10/2025;14:13:29;34.4;37
1269;Pico W_F0BB;16/10/2025;14:13:49;34.4;37.1
1270;Pico W_F0BB;16/10/2025;14:14:09;34.4;37
1271;Pico W_F0BB;16/10/2025;14:14:30;34.5;36.7
1272;Pico W_F0BB;16/10/2025;14:14:50;34.5;36.5
1273;Pico W_F0BB;16/10/2025;14:15:10;34.5;36.3
1274;Pico W_F0BB;16/10/2025;14:15:31;34.5;36.6
1275;Pico W_F0BB;16/10/2025;14:15:51;34.5;36.5
1276;Pico W_F0BB;16/10/2025;14:16:11;34.5;36.6
1277;Pico W_F0BB;16/10/2025;14:16:32;34.3;36.4
1278;Pico W_F0BB;16/10/2025;14:16:52;34;36.5
1279;Pico W_F0BB;16/10/2025;14:17:12;33.8;36.7
1280;Pico W_F0BB;16/10/2025;14:17:33;33.7;37.1
1281;Pico W_F0BB;16/10/2025;14:17:53;33.6;37.4
1282;Pico W_F0BB;16/10/2025;14:18:13;33.6;37.4
1283;Pico W_F0BB;16/10/2025;14:18:33;33.6;37.5
1284;Pico W_F0BB;16/10/2025;14:18:54;33.7;37.5
1285;Pico W_F0BB;16/10/2025;14:19:14;33.8;37.2
1286;Pico W_F0BB;16/10/2025;14:19:34;33.8;37.2
1287;Pico W_F0BB;16/10/2025;14:19:55;33.7;36.9
1288;Pico W_F0BB;16/10/2025;14:20:15;33.6;37.1
1289;Pico W_F0BB;16/10/2025;14:20:35;33.5;37.4
1290;Pico W_F0BB;16/10/2025;14:20:56;33.5;37.6
1291;Pico W_F0BB;16/10/2025;14:21:16;33.4;37.7
1292;Pico W_F0BB;16/10/2025;14:21:36;33.4;37.8
1293;Pico W_F0BB;16/10/2025;14:21:56;33.5;37.9
1294;Pico W_F0BB;16/10/2025;14:22:17;33.5;37.9
1295;Pico W_F0BB;16/10/2025;14:22:37;33.6;37.8
1296;Pico W_F0BB;16/10/2025;14:22:57;33.6;37.9
1297;Pico W_F0BB;16/10/2025;14:23:18;33.7;38.1
1298;Pico W_F0BB;16/10/2025;14:23:38;33.7;38.1
1299;Pico W_F0BB;16/10/2025;14:23:58;33.8;38.1
1300;Pico W_F0BB;16/10/2025;14:24:19;33.8;38
1301;Pico W_F0BB;16/10/2025;14:24:39;33.9;37.9
1302;Pico W_F0BB;16/10/2025;14:24:59;33.9;37.9
1303;Pico W_F0BB;16/10/2025;14:25:20;33.9;37.7
1304;Pico W_F0BB;16/10/2025;14:25:40;34;37.4
1305;Pico W_F0BB;16/10/2025;14:26:00;34;37.3
1306;Pico W_F0BB;16/10/2025;14:26:20;34;37.1
1307;Pico W_F0BB;16/10/2025;14:26:41;34;37.3
1308;Pico W_F0BB;16/10/2025;14:27:01;34;37.2
1309;Pico W_F0BB;16/10/2025;14:27:21;34.1;37.3
1310;Pico W_F0BB;16/10/2025;14:27:42;34.1;37.3
1311;Pico W_F0BB;16/10/2025;14:28:02;34.2;37.1
1312;Pico W_F0BB;16/10/2025;14:28:22;34.1;37.3
1313;Pico W_F0BB;16/10/2025;14:28:43;34.1;37.4
1314;Pico W_F0BB;16/10/2025;14:29:03;34;37.5
1315;Pico W_F0BB;16/10/2025;14:29:23;34;37.4
1316;Pico W_F0BB;16/10/2025;14:29:44;33.9;37.3
1317;Pico W_F0BB;16/10/2025;14:30:04;34;37.3
1318;Pico W_F0BB;16/10/2025;14:30:24;34.1;37.3
1319;Pico W_F0BB;16/10/2025;14:30:44;34.2;37
1320;Pico W_F0BB;16/10/2025;14:31:05;34.3;36.8
1321;Pico W_F0BB;16/10/2025;14:31:25;34.4;36.6
1322;Pico W_F0BB;16/10/2025;14:31:45;34.5;36.5
1323;Pico W_F0BB;16/10/2025;14:32:06;34.6;36.4
1324;Pico W_F0BB;16/10/2025;14:32:26;34.7;36.3
1325;Pico W_F0BB;16/10/2025;14:32:46;34.8;36.4
1326;Pico W_F0BB;16/10/2025;14:33:07;34.8;36.3
1327;Pico W_F0BB;16/10/2025;14:33:27;34.8;36.2
1328;Pico W_F0BB;16/10/2025;14:33:47;34.7;35.9
1329;Pico W_F0BB;16/10/2025;14:34:07;34.6;35.8
1330;Pico W_F0BB;16/10/2025;14:34:28;34.5;35.7
1331;Pico W_F0BB;16/10/2025;14:34:48;34.2;35.8
1332;Pico W_F0BB;16/10/2025;14:35:08;34.1;36.2
1333;Pico W_F0BB;16/10/2025;14:35:29;34;36.3
1334;Pico W_F0BB;16/10/2025;14:35:49;33.9;36.3
1335;Pico W_F0BB;16/10/2025;14:36:09;33.8;36.4
1336;Pico W_F0BB;16/10/2025;14:36:30;33.8;36.5
1337;Pico W_F0BB;16/10/2025;14:36:50;33.8;36.6
1338;Pico W_F0BB;16/10/2025;14:37:10;33.8;36.8
1339;Pico W_F0BB;16/10/2025;14:37:31;33.8;36.9
1340;Pico W_F0BB;16/10/2025;14:37:51;33.8;36.9
1341;Pico W_F0BB;16/10/2025;14:38:11;33.8;36.9
1342;Pico W_F0BB;16/10/2025;14:38:31;33.8;36.9
1343;Pico W_F0BB;16/10/2025;14:38:52;33.8;37.1
1344;Pico W_F0BB;16/10/2025;14:39:12;33.9;37
1345;Pico W_F0BB;16/10/2025;14:39:32;34;37.3
1346;Pico W_F0BB;16/10/2025;14:39:53;34;37
1347;Pico W_F0BB;16/10/2025;14:40:13;34.1;37
1348;Pico W_F0BB;16/10/2025;14:40:33;34.1;37.1
1349;Pico W_F0BB;16/10/2025;14:40:54;34.1;36.9
1350;Pico W_F0BB;16/10/2025;14:41:14;34.1;37.1
1351;Pico W_F0BB;16/10/2025;14:41:34;34.1;36.8
1352;Pico W_F0BB;16/10/2025;14:41:55;34.1;36.8
1353;Pico W_F0BB;16/10/2025;14:42:15;34.2;36.8
1354;Pico W_F0BB;16/10/2025;14:42:35;34.2;36.8
1355;Pico W_F0BB;16/10/2025;14:42:55;34.2;36.7
1356;Pico W_F0BB;16/10/2025;14:43:16;34.2;36.8
1357;Pico W_F0BB;16/10/2025;14:43:36;34.2;37.1
1358;Pico W_F0BB;16/10/2025;14:43:56;34.1;37.1
1359;Pico W_F0BB;16/10/2025;14:44:17;33.9;37.1
1360;Pico W_F0BB;16/10/2025;14:44:37;33.9;36.9
1361;Pico W_F0BB;16/10/2025;14:44:57;33.9;36.8
1362;Pico W_F0BB;16/10/2025;14:45:18;33.9;36.9
1363;Pico W_F0BB;16/10/2025;14:45:38;33.9;37.1
1364;Pico W_F0BB;16/10/2025;14:45:58;33.9;37.2
1365;Pico W_F0BB;16/10/2025;14:46:18;33.8;37.4
1366;Pico W_F0BB;16/10/2025;14:46:39;33.7;37.5
1367;Pico W_F0BB;16/10/2025;14:46:59;33.6;37.6
1368;Pico W_F0BB;16/10/2025;14:47:19;33.7;37.7
1369;Pico W_F0BB;16/10/2025;14:47:40;33.8;37.7
1370;Pico W_F0BB;16/10/2025;14:48:00;33.8;37.8
1371;Pico W_F0BB;16/10/2025;14:48:20;33.8;37.6
1372;Pico W_F0BB;16/10/2025;14:48:41;33.9;37.6
1373;Pico W_F0BB;16/10/2025;14:49:01;33.8;37.6
1374;Pico W_F0BB;16/10/2025;14:49:21;33.8;37.8
1375;Pico W_F0BB;16/10/2025;14:49:42;33.8;37.8
1376;Pico W_F0BB;16/10/2025;14:50:02;33.6;37.8
1377;Pico W_F0BB;16/10/2025;14:50:22;33.5;37.9
1378;Pico W_F0BB;16/10/2025;14:50:42;33.5;37.9
1379;Pico W_F0BB;16/10/2025;14:51:03;33.5;38
1380;Pico W_F0BB;16/10/2025;14:51:23;33.4;38
1381;Pico W_F0BB;16/10/2025;14:51:43;33.2;38.1
1382;Pico W_F0BB;16/10/2025;14:52:04;33.2;38.2
1383;Pico W_F0BB;16/10/2025;14:52:24;33.2;38.2
1384;Pico W_F0BB;16/10/2025;14:52:44;33.3;38
1385;Pico W_F0BB;16/10/2025;14:53:05;33.4;38.1
1386;Pico W_F0BB;16/10/2025;14:53:25;33.4;38.1
1387;Pico W_F0BB;16/10/2025;14:53:45;33.5;38
1388;Pico W_F0BB;16/10/2025;14:54:06;33.5;38.3
1389;Pico W_F0BB;16/10/2025;14:54:26;33.6;38.4
1390;Pico W_F0BB;16/10/2025;14:54:46;33.8;38.2
1391;Pico W_F0BB;16/10/2025;14:55:06;33.9;37.8
1392;Pico W_F0BB;16/10/2025;14:55:27;33.9;37.7
1393;Pico W_F0BB;16/10/2025;14:55:47;34;37.6
1394;Pico W_F0BB;16/10/2025;14:56:07;34.1;37.2
1395;Pico W_F0BB;16/10/2025;14:56:28;34.2;37
1396;Pico W_F0BB;16/10/2025;14:56:48;34.3;37
1397;Pico W_F0BB;16/10/2025;14:57:08;34.2;36.9
1398;Pico W_F0BB;16/10/2025;14:57:29;34.1;37.1
1399;Pico W_F0BB;16/10/2025;14:57:49;34.1;37.2
1400;Pico W_F0BB;16/10/2025;14:58:09;34.1;37.1
1401;Pico W_F0BB;16/10/2025;14:58:29;34.2;37
1402;Pico W_F0BB;16/10/2025;14:58:50;34.3;36.8
1403;Pico W_F0BB;16/10/2025;14:59:10;34.3;36.8
1404;Pico W_F0BB;16/10/2025;14:59:30;34.3;36.7
1405;Pico W_F0BB;16/10/2025;14:59:51;34.1;36.8
1406;Pico W_F0BB;16/10/2025;15:00:11;34.1;36.9
1407;Pico W_F0BB;16/10/2025;15:00:31;34.2;36.8
1408;Pico W_F0BB;16/10/2025;15:00:52;34.1;36.9
1409;Pico W_F0BB;16/10/2025;15:01:12;34;36.8
1410;Pico W_F0BB;16/10/2025;15:01:32;33.8;37.3
1411;Pico W_F0BB;16/10/2025;15:01:53;33.8;37.2
1412;Pico W_F0BB;16/10/2025;15:02:13;33.9;37.1
1413;Pico W_F0BB;16/10/2025;15:02:33;33.8;37
1414;Pico W_F0BB;16/10/2025;15:02:53;33.6;36.9
1415;Pico W_F0BB;16/10/2025;15:03:14;33.6;36.8
1416;Pico W_F0BB;16/10/2025;15:03:34;33.6;36.8
1417;Pico W_F0BB;16/10/2025;15:03:54;33.5;36.7
1418;Pico W_F0BB;16/10/2025;15:04:15;33.5;36.2
1419;Pico W_F0BB;16/10/2025;15:04:35;33.5;36.4
1420;Pico W_F0BB;16/10/2025;15:04:55;33.4;36.2
1421;Pico W_F0BB;16/10/2025;15:05:16;33.2;36.1
1422;Pico W_F0BB;16/10/2025;15:05:36;33.2;36.1
1423;Pico W_F0BB;16/10/2025;15:05:56;33.1;36.1
1424;Pico W_F0BB;16/10/2025;15:06:17;33.3;36.2
1425;Pico W_F0BB;16/10/2025;15:06:37;33.4;35.7
1426;Pico W_F0BB;16/10/2025;15:06:57;33.6;35.5
1427;Pico W_F0BB;16/10/2025;15:07:17;33.6;35.4
1428;Pico W_F0BB;16/10/2025;15:07:38;33.4;35.2
1429;Pico W_F0BB;16/10/2025;15:07:58;33.3;35.3
1430;Pico W_F0BB;16/10/2025;15:08:18;33.4;34.7
1431;Pico W_F0BB;16/10/2025;15:08:39;33.5;35.1
1432;Pico W_F0BB;16/10/2025;15:08:59;33.5;34.5
1433;Pico W_F0BB;16/10/2025;15:09:19;33.5;34.9
1434;Pico W_F0BB;16/10/2025;15:09:40;33.4;34.6
1435;Pico W_F0BB;16/10/2025;15:10:00;33.4;34.6
1436;Pico W_F0BB;16/10/2025;15:10:20;33.5;34.1
1437;Pico W_F0BB;16/10/2025;15:10:40;33.6;33.9
1438;Pico W_F0BB;16/10/2025;15:11:01;33.8;33.8
1439;Pico W_F0BB;16/10/2025;15:11:21;34;33.7
1440;Pico W_F0BB;16/10/2025;15:11:41;34.2;33.6
1441;Pico W_F0BB;16/10/2025;15:12:02;34.3;33.3
1442;Pico W_F0BB;16/10/2025;15:12:22;34.4;33.4
1443;Pico W_F0BB;16/10/2025;15:12:42;34.3;33.7
1444;Pico W_F0BB;16/10/2025;15:13:03;34.1;33.9
1445;Pico W_F0BB;16/10/2025;15:13:23;34;34.1
1446;Pico W_F0BB;16/10/2025;15:13:43;33.8;34.6
1447;Pico W_F0BB;16/10/2025;15:14:04;33.8;35
1448;Pico W_F0BB;16/10/2025;15:14:24;33.9;35.3
1449;Pico W_F0BB;16/10/2025;15:14:44;33.9;35.2
1450;Pico W_F0BB;16/10/2025;15:15:04;34;35.2
1451;Pico W_F0BB;16/10/2025;15:15:25;34;35.1
1452;Pico W_F0BB;16/10/2025;15:15:45;34.1;35.1
1453;Pico W_F0BB;16/10/2025;15:16:05;34;34.9
1454;Pico W_F0BB;16/10/2025;15:16:26;33.9;35.1
1455;Pico W_F0BB;16/10/2025;15:16:46;33.9;35.3
1456;Pico W_F0BB;16/10/2025;15:17:06;34;35.2
1457;Pico W_F0BB;16/10/2025;15:17:27;34;35.2
1458;Pico W_F0BB;16/10/2025;15:17:47;34;35.2
1459;Pico W_F0BB;16/10/2025;15:18:07;34;35
1460;Pico W_F0BB;16/10/2025;15:18:28;33.9;34.7
1461;Pico W_F0BB;16/10/2025;15:18:48;33.7;34.4
1462;Pico W_F0BB;16/10/2025;15:19:08;33.5;34.4
1463;Pico W_F0BB;16/10/2025;15:19:28;33.4;34.3
1464;Pico W_F0BB;16/10/2025;15:19:49;33.4;34.2
1465;Pico W_F0BB;16/10/2025;15:20:09;33.4;34
1466;Pico W_F0BB;16/10/2025;15:20:29;33.5;34.2
1467;Pico W_F0BB;16/10/2025;15:20:50;33.5;34.2
1468;Pico W_F0BB;16/10/2025;15:21:10;33.6;33.8
1469;Pico W_F0BB;16/10/2025;15:21:30;33.7;33.4
1470;Pico W_F0BB;16/10/2025;15:21:51;33.8;33.5
1471;Pico W_F0BB;16/10/2025;15:22:11;33.8;33.6
1472;Pico W_F0BB;16/10/2025;15:22:31;33.7;33.5
1473;Pico W_F0BB;16/10/2025;15:22:51;33.6;33.4
1474;Pico W_F0BB;16/10/2025;15:23:12;33.4;33.6
1475;Pico W_F0BB;16/10/2025;15:23:32;33.4;33.6
1476;Pico W_F0BB;16/10/2025;15:23:52;33.3;33.9
1477;Pico W_F0BB;16/10/2025;15:24:13;33.3;34.1
1478;Pico W_F0BB;16/10/2025;15:24:33;33.4;34.2
1479;Pico W_F0BB;16/10/2025;15:24:53;33.5;34.2
1480;Pico W_F0BB;16/10/2025;15:25:14;33.7;34
1481;Pico W_F0BB;16/10/2025;15:25:34;33.7;33.9
1482;Pico W_F0BB;16/10/2025;15:25:54;33.8;33.9
1483;Pico W_F0BB;16/10/2025;15:26:15;33.8;33.8
1484;Pico W_F0BB;16/10/2025;15:26:35;33.8;33.8
1485;Pico W_F0BB;16/10/2025;15:26:55;33.8;33.8
1486;Pico W_F0BB;16/10/2025;15:27:15;33.9;33.8
1487;Pico W_F0BB;16/10/2025;15:27:36;33.8;33.8
1488;Pico W_F0BB;16/10/2025;15:27:56;33.7;34
1489;Pico W_F0BB;16/10/2025;15:28:16;33.7;34.1
1490;Pico W_F0BB;16/10/2025;15:28:37;33.6;34.4
1491;Pico W_F0BB;16/10/2025;15:28:57;33.7;34.2
1492;Pico W_F0BB;16/10/2025;15:29:17;33.6;34.1
1493;Pico W_F0BB;16/10/2025;15:29:38;33.5;34.2
1494;Pico W_F0BB;16/10/2025;15:29:58;33.4;34.4
1495;Pico W_F0BB;16/10/2025;15:30:18;33.3;34.5
1496;Pico W_F0BB;16/10/2025;15:30:39;33.3;34.7
1497;Pico W_F0BB;16/10/2025;15:30:59;33.2;34.9
1498;Pico W_F0BB;16/10/2025;15:31:19;33.2;34.9
1499;Pico W_F0BB;16/10/2025;15:31:39;33.1;35
1500;Pico W_F0BB;16/10/2025;15:32:00;33;35.2
1501;Pico W_F0BB;16/10/2025;15:32:20;33;35.4
1502;Pico W_F0BB;16/10/2025;15:32:40;33;35.5
1503;Pico W_F0BB;16/10/2025;15:33:01;33.1;35.5
1504;Pico W_F0BB;16/10/2025;15:33:21;33.1;35.4
1505;Pico W_F0BB;16/10/2025;15:33:41;33;35.5
1506;Pico W_F0BB;16/10/2025;15:34:02;32.9;35.6
1507;Pico W_F0BB;16/10/2025;15:34:22;32.8;35.8
1508;Pico W_F0BB;16/10/2025;15:34:42;32.8;35.9
1509;Pico W_F0BB;16/10/2025;15:35:02;32.9;35.8
1510;Pico W_F0BB;16/10/2025;15:35:23;32.8;35.7
1511;Pico W_F0BB;16/10/2025;15:35:43;32.7;35.8
1512;Pico W_F0BB;16/10/2025;15:36:03;32.7;35.6
1513;Pico W_F0BB;16/10/2025;15:36:24;32.9;35.6
1514;Pico W_F0BB;16/10/2025;15:36:44;32.9;35.5
1515;Pico W_F0BB;16/10/2025;15:37:04;33.1;35.1
1516;Pico W_F0BB;16/10/2025;15:37:25;33.2;35
1517;Pico W_F0BB;16/10/2025;15:37:45;33.3;34.9
1518;Pico W_F0BB;16/10/2025;15:38:05;33.3;34.8
1519;Pico W_F0BB;16/10/2025;15:38:26;33.3;34.8
1520;Pico W_F0BB;16/10/2025;15:38:46;33.3;35
1521;Pico W_F0BB;16/10/2025;15:39:06;33.4;35.2
1522;Pico W_F0BB;16/10/2025;15:39:26;33.4;35.2
1523;Pico W_F0BB;16/10/2025;15:39:47;33.5;35.1
1524;Pico W_F0BB;16/10/2025;15:40:07;33.6;35.1
1525;Pico W_F0BB;16/10/2025;15:40:27;33.6;35.2
1526;Pico W_F0BB;16/10/2025;15:40:48;33.7;35
1527;Pico W_F0BB;16/10/2025;15:41:08;33.6;35
1528;Pico W_F0BB;16/10/2025;15:41:28;33.6;35.5
1529;Pico W_F0BB;16/10/2025;15:41:49;33.6;35.4
1530;Pico W_F0BB;16/10/2025;15:42:09;33.6;35.4
1531;Pico W_F0BB;16/10/2025;15:42:29;33.6;35.4
1532;Pico W_F0BB;16/10/2025;15:42:50;33.6;35.4
1533;Pico W_F0BB;16/10/2025;15:43:10;33.6;35.4
1534;Pico W_F0BB;16/10/2025;15:43:30;33.5;35.6
1535;Pico W_F0BB;16/10/2025;15:43:50;33.6;35.6
1536;Pico W_F0BB;16/10/2025;15:44:11;33.5;35.6
1537;Pico W_F0BB;16/10/2025;15:44:31;33.4;35.7
1538;Pico W_F0BB;16/10/2025;15:44:51;33.3;35.8
1539;Pico W_F0BB;16/10/2025;15:45:12;33.3;35.9
1540;Pico W_F0BB;16/10/2025;15:45:32;33.2;36
1541;Pico W_F0BB;16/10/2025;15:45:52;33.2;36
1542;Pico W_F0BB;16/10/2025;15:46:13;33.1;36.1
1543;Pico W_F0BB;16/10/2025;15:46:33;33.1;36.2
1544;Pico W_F0BB;16/10/2025;15:46:53;33.1;36.3
1545;Pico W_F0BB;16/10/2025;15:47:13;33;36.1
1546;Pico W_F0BB;16/10/2025;15:47:34;32.9;36.2
1547;Pico W_F0BB;16/10/2025;15:47:54;32.9;36.2
1548;Pico W_F0BB;16/10/2025;15:48:14;32.7;36.4
1549;Pico W_F0BB;16/10/2025;15:48:35;32.5;36.6
1550;Pico W_F0BB;16/10/2025;15:48:55;32.5;36.8
1551;Pico W_F0BB;16/10/2025;15:49:15;32.5;36.9
1552;Pico W_F0BB;16/10/2025;15:49:36;32.5;36.8
1553;Pico W_F0BB;16/10/2025;15:49:56;32.6;36.7
1554;Pico W_F0BB;16/10/2025;15:50:16;32.7;36.7
1555;Pico W_F0BB;16/10/2025;15:50:37;32.9;36.5
1556;Pico W_F0BB;16/10/2025;15:50:57;33;36.4
1557;Pico W_F0BB;16/10/2025;15:51:17;33.1;36.5
1558;Pico W_F0BB;16/10/2025;15:51:37;33.2;36.3
1559;Pico W_F0BB;16/10/2025;15:51:58;33.2;36.1
1560;Pico W_F0BB;16/10/2025;15:52:18;33;36.2
1561;Pico W_F0BB;16/10/2025;15:52:38;32.9;36.6
1562;Pico W_F0BB;16/10/2025;15:52:59;32.9;36.5
1563;Pico W_F0BB;16/10/2025;15:53:19;32.8;36.8
1564;Pico W_F0BB;16/10/2025;15:53:39;32.9;36.6
1565;Pico W_F0BB;16/10/2025;15:54:00;32.9;36.4
1566;Pico W_F0BB;16/10/2025;15:54:20;33;36.1
1567;Pico W_F0BB;16/10/2025;15:54:40;33.1;36.1
1568;Pico W_F0BB;16/10/2025;15:55:01;33.2;36.1
1569;Pico W_F0BB;16/10/2025;15:55:21;33.2;36.3
1570;Pico W_F0BB;16/10/2025;15:55:41;33.3;36.2
1571;Pico W_F0BB;16/10/2025;15:56:01;33.3;36.2
1572;Pico W_F0BB;16/10/2025;15:56:22;33.3;36.1
1573;Pico W_F0BB;16/10/2025;15:56:42;33.4;36.1
1574;Pico W_F0BB;16/10/2025;15:57:02;33.4;36.1
1575;Pico W_F0BB;16/10/2025;15:57:23;33.4;36.3
1576;Pico W_F0BB;16/10/2025;15:57:43;33.4;36.4
1577;Pico W_F0BB;16/10/2025;15:58:03;33.5;36.4
1578;Pico W_F0BB;16/10/2025;15:58:24;33.5;36.4
1579;Pico W_F0BB;16/10/2025;15:58:44;33.6;36.3
1580;Pico W_F0BB;16/10/2025;15:59:04;33.6;36.3
1581;Pico W_F0BB;16/10/2025;15:59:24;33.6;36.3
1582;Pico W_F0BB;16/10/2025;15:59:45;33.6;36.4
1583;Pico W_F0BB;16/10/2025;16:00:05;33.6;36.4
1584;Pico W_F0BB;16/10/2025;16:00:25;33.7;36.4
1585;Pico W_F0BB;16/10/2025;16:00:46;33.7;36.4
1586;Pico W_F0BB;16/10/2025;16:01:06;33.8;36.5
1587;Pico W_F0BB;16/10/2025;16:01:26;33.8;36.4
1588;Pico W_F0BB;16/10/2025;16:01:47;33.8;36.2
1589;Pico W_F0BB;16/10/2025;16:02:07;33.9;36
1590;Pico W_F0BB;16/10/2025;16:02:27;33.9;35.9
1591;Pico W_F0BB;16/10/2025;16:02:48;33.9;35.5
1592;Pico W_F0BB;16/10/2025;16:03:08;33.9;35.6
1593;Pico W_F0BB;16/10/2025;16:03:28;33.9;35.6
1594;Pico W_F0BB;16/10/2025;16:03:48;33.9;35.6
1595;Pico W_F0BB;16/10/2025;16:04:09;33.9;35.6
1596;Pico W_F0BB;16/10/2025;16:04:29;33.9;35.7
1597;Pico W_F0BB;16/10/2025;16:04:49;33.9;35.7
1598;Pico W_F0BB;16/10/2025;16:05:10;33.9;35.6
1599;Pico W_F0BB;16/10/2025;16:05:30;33.9;35.4
1600;Pico W_F0BB;16/10/2025;16:05:50;33.9;35.6
1601;Pico W_F0BB;16/10/2025;16:06:11;33.9;35.6
1602;Pico W_F0BB;16/10/2025;16:06:31;33.9;35.7
1603;Pico W_F0BB;16/10/2025;16:06:51;33.9;35.7
1604;Pico W_F0BB;16/10/2025;16:07:12;33.9;35.7
1605;Pico W_F0BB;16/10/2025;16:07:32;33.9;35.8
1606;Pico W_F0BB;16/10/2025;16:07:52;33.9;35.8
1607;Pico W_F0BB;16/10/2025;16:08:12;33.8;35.8
1608;Pico W_F0BB;16/10/2025;16:08:33;33.7;36
1609;Pico W_F0BB;16/10/2025;16:08:53;33.6;36
1610;Pico W_F0BB;16/10/2025;16:09:13;33.6;36.2
1611;Pico W_F0BB;16/10/2025;16:09:34;33.6;36.2
1612;Pico W_F0BB;16/10/2025;16:09:54;33.6;36.3
1613;Pico W_F0BB;16/10/2025;16:10:14;33.6;36.3
1614;Pico W_F0BB;16/10/2025;16:10:35;33.7;36.3
1615;Pico W_F0BB;16/10/2025;16:10:55;33.6;36.3
1616;Pico W_F0BB;16/10/2025;16:11:15;33.4;36.5
1617;Pico W_F0BB;16/10/2025;16:11:35;33.4;36.6
1618;Pico W_F0BB;16/10/2025;16:11:56;33.4;36.5
1619;Pico W_F0BB;16/10/2025;16:12:16;33.4;36.4
1620;Pico W_F0BB;16/10/2025;16:12:36;33.4;36.4
1621;Pico W_F0BB;16/10/2025;16:12:57;33.4;36.3
1622;Pico W_F0BB;16/10/2025;16:13:17;33.5;35.8
1623;Pico W_F0BB;16/10/2025;16:13:37;33.5;35.8
1624;Pico W_F0BB;16/10/2025;16:13:58;33.6;35.5
1625;Pico W_F0BB;16/10/2025;16:14:18;33.6;35.3
1626;Pico W_F0BB;16/10/2025;16:14:38;33.6;35.4
1627;Pico W_F0BB;16/10/2025;16:14:59;33.6;35.5
1628;Pico W_F0BB;16/10/2025;16:15:19;33.6;35.7
1629;Pico W_F0BB;16/10/2025;16:15:39;33.5;35.9
1630;Pico W_F0BB;16/10/2025;16:15:59;33.5;35.9
1631;Pico W_F0BB;16/10/2025;16:16:20;33.5;35.9
1632;Pico W_F0BB;16/10/2025;16:16:40;33.5;35.8
1633;Pico W_F0BB;16/10/2025;16:17:00;33.6;35.8
1634;Pico W_F0BB;16/10/2025;16:17:21;33.6;35.8
1635;Pico W_F0BB;16/10/2025;16:17:41;33.6;35.8
1636;Pico W_F0BB;16/10/2025;16:18:01;33.6;35.9
1637;Pico W_F0BB;16/10/2025;16:18:22;33.6;35.8
1638;Pico W_F0BB;16/10/2025;16:18:42;33.6;35.7
1639;Pico W_F0BB;16/10/2025;16:19:02;33.6;35.8
1640;Pico W_F0BB;16/10/2025;16:19:22;33.6;35.8
1641;Pico W_F0BB;16/10/2025;16:19:43;33.5;35.7
1642;Pico W_F0BB;16/10/2025;16:20:03;33.6;35.9
1643;Pico W_F0BB;16/10/2025;16:20:23;33.6;35.8
1644;Pico W_F0BB;16/10/2025;16:20:44;33.6;36
1645;Pico W_F0BB;16/10/2025;16:21:04;33.5;36
1646;Pico W_F0BB;16/10/2025;16:21:24;33.5;35.9
1647;Pico W_F0BB;16/10/2025;16:21:45;33.6;35.8
1648;Pico W_F0BB;16/10/2025;16:22:05;33.6;35.7
1649;Pico W_F0BB;16/10/2025;16:22:25;33.6;35.8
1650;Pico W_F0BB;16/10/2025;16:22:46;33.7;35.9
1651;Pico W_F0BB;16/10/2025;16:23:06;33.7;35.8
1652;Pico W_F0BB;16/10/2025;16:23:26;33.7;35.8
1653;Pico W_F0BB;16/10/2025;16:23:46;33.7;35.6
1654;Pico W_F0BB;16/10/2025;16:24:07;33.7;35.5
1655;Pico W_F0BB;16/10/2025;16:24:27;33.7;35.5
1656;Pico W_F0BB;16/10/2025;16:24:47;33.6;35.5
1657;Pico W_F0BB;16/10/2025;16:25:08;33.6;35.5
1658;Pico W_F0BB;16/10/2025;16:25:28;33.5;35.7
1659;Pico W_F0BB;16/10/2025;16:25:48;33.6;35.6
1660;Pico W_F0BB;16/10/2025;16:26:09;33.6;35.8
1661;Pico W_F0BB;16/10/2025;16:26:29;33.6;35.8
1662;Pico W_F0BB;16/10/2025;16:26:49;33.6;35.9
1663;Pico W_F0BB;16/10/2025;16:27:10;33.6;35.9
1664;Pico W_F0BB;16/10/2025;16:27:30;33.6;35.9
1665;Pico W_F0BB;16/10/2025;16:27:50;33.5;35.9
1666;Pico W_F0BB;16/10/2025;16:28:10;33.5;35.9
1667;Pico W_F0BB;16/10/2025;16:28:31;33.5;35.7
1668;Pico W_F0BB;16/10/2025;16:28:51;33.5;35.6
1669;Pico W_F0BB;16/10/2025;16:29:11;33.5;35.6
1670;Pico W_F0BB;16/10/2025;16:29:32;33.5;35.5
1671;Pico W_F0BB;16/10/2025;16:29:52;33.5;35.8
1672;Pico W_F0BB;16/10/2025;16:30:12;33.5;35.4
1673;Pico W_F0BB;16/10/2025;16:30:33;33.5;35.3
1674;Pico W_F0BB;16/10/2025;16:30:53;33.5;35.2
1675;Pico W_F0BB;16/10/2025;16:31:13;33.5;35.2
1676;Pico W_F0BB;16/10/2025;16:31:33;33.6;35.2
1677;Pico W_F0BB;16/10/2025;16:31:54;33.6;35.1
1678;Pico W_F0BB;16/10/2025;16:32:14;33.7;35.1
1679;Pico W_F0BB;16/10/2025;16:32:34;33.7;35.1
1680;Pico W_F0BB;16/10/2025;16:32:55;33.6;35.2
1681;Pico W_F0BB;16/10/2025;16:33:15;33.6;35.2
1682;Pico W_F0BB;16/10/2025;16:33:35;33.6;35.3
1683;Pico W_F0BB;16/10/2025;16:33:56;33.6;35.3
1684;Pico W_F0BB;16/10/2025;16:34:16;33.6;35.2
1685;Pico W_F0BB;16/10/2025;16:34:36;33.6;35.3
1686;Pico W_F0BB;16/10/2025;16:34:57;33.6;35.3
1687;Pico W_F0BB;16/10/2025;16:35:17;33.5;35.5
1688;Pico W_F0BB;16/10/2025;16:35:37;33.4;35.5
1689;Pico W_F0BB;16/10/2025;16:35:57;33.4;35.7
1690;Pico W_F0BB;16/10/2025;16:36:18;33.4;35.7
1691;Pico W_F0BB;16/10/2025;16:36:38;33.4;35.7
1692;Pico W_F0BB;16/10/2025;16:36:58;33.4;35.8
1693;Pico W_F0BB;16/10/2025;16:37:19;33.4;35.9
1694;Pico W_F0BB;16/10/2025;16:37:39;33.4;35.7
1695;Pico W_F0BB;16/10/2025;16:37:59;33.4;35.7
1696;Pico W_F0BB;16/10/2025;16:38:20;33.4;35.8
1697;Pico W_F0BB;16/10/2025;16:38:40;33.4;35.8
1698;Pico W_F0BB;16/10/2025;16:39:00;33.4;35.8
1699;Pico W_F0BB;16/10/2025;16:39:21;33.4;35.9
1700;Pico W_F0BB;16/10/2025;16:39:41;33.4;36
1701;Pico W_F0BB;16/10/2025;16:40:01;33.4;36.1
1702;Pico W_F0BB;16/10/2025;16:40:21;33.4;36.1
1703;Pico W_F0BB;16/10/2025;16:40:42;33.3;36.2
1704;Pico W_F0BB;16/10/2025;16:41:02;33.3;36.3
1705;Pico W_F0BB;16/10/2025;16:41:22;33.2;36.2
1706;Pico W_F0BB;16/10/2025;16:41:43;33.3;36.2
1707;Pico W_F0BB;16/10/2025;16:42:03;33.3;36.2
1708;Pico W_F0BB;16/10/2025;16:42:23;33.3;36.1
1709;Pico W_F0BB;16/10/2025;16:42:44;33.3;36.2
1710;Pico W_F0BB;16/10/2025;16:43:04;33.3;36.1
1711;Pico W_F0BB;16/10/2025;16:43:24;33.3;36.2
1712;Pico W_F0BB;16/10/2025;16:43:44;33.3;36.2
1713;Pico W_F0BB;16/10/2025;16:44:05;33.3;36.3
1714;Pico W_F0BB;16/10/2025;16:44:25;33.3;36.2
1715;Pico W_F0BB;16/10/2025;16:44:45;33.3;36.3
1716;Pico W_F0BB;16/10/2025;16:45:06;33.3;36.4
1717;Pico W_F0BB;16/10/2025;16:45:26;33.3;36.5
1718;Pico W_F0BB;16/10/2025;16:45:46;33.3;36.5
1719;Pico W_F0BB;16/10/2025;16:46:07;33.2;36.7
1720;Pico W_F0BB;16/10/2025;16:46:27;33.2;36.7
1721;Pico W_F0BB;16/10/2025;16:46:47;33.2;36.8
1722;Pico W_F0BB;16/10/2025;16:47:08;33.3;36.9
1723;Pico W_F0BB;16/10/2025;16:47:28;33.2;36.8
1724;Pico W_F0BB;16/10/2025;16:47:48;33.2;36.8
1725;Pico W_F0BB;16/10/2025;16:48:08;33.2;36.9
1726;Pico W_F0BB;16/10/2025;16:48:29;33.2;36.9
1727;Pico W_F0BB;16/10/2025;16:48:49;33.2;36.9
1728;Pico W_F0BB;16/10/2025;16:49:09;33.2;36.7
1729;Pico W_F0BB;16/10/2025;16:49:30;33.1;36.8
1730;Pico W_F0BB;16/10/2025;16:49:50;33.1;36.8
1731;Pico W_F0BB;16/10/2025;16:50:10;33.1;36.9
1732;Pico W_F0BB;16/10/2025;16:50:31;33.1;36.9
1733;Pico W_F0BB;16/10/2025;16:50:51;33.1;36.9
1734;Pico W_F0BB;16/10/2025;16:51:11;33.1;37
1735;Pico W_F0BB;16/10/2025;16:51:32;33;37
1736;Pico W_F0BB;16/10/2025;16:51:52;33;37
1737;Pico W_F0BB;16/10/2025;16:52:12;33;37
1738;Pico W_F0BB;16/10/2025;16:52:32;33;37
1739;Pico W_F0BB;16/10/2025;16:52:53;33;37
1740;Pico W_F0BB;16/10/2025;16:53:13;33;37
1741;Pico W_F0BB;16/10/2025;16:53:33;33;37
1742;Pico W_F0BB;16/10/2025;16:53:54;32.9;37
1743;Pico W_F0BB;16/10/2025;16:54:14;32.9;36.9
1744;Pico W_F0BB;16/10/2025;16:54:34;32.9;37
1745;Pico W_F0BB;16/10/2025;16:54:55;32.9;37
1746;Pico W_F0BB;16/10/2025;16:55:15;32.9;37
1747;Pico W_F0BB;16/10/2025;16:55:35;32.8;36.7
1748;Pico W_F0BB;16/10/2025;16:55:55;32.8;36.4
1749;Pico W_F0BB;16/10/2025;16:56:16;32.8;36.3
1750;Pico W_F0BB;16/10/2025;16:56:36;32.8;36.2
1751;Pico W_F0BB;16/10/2025;16:56:56;32.8;36.2
1752;Pico W_F0BB;16/10/2025;16:57:17;32.7;36.3
1753;Pico W_F0BB;16/10/2025;16:57:37;32.7;36.4
1754;Pico W_F0BB;16/10/2025;16:57:57;32.7;36.4
1755;Pico W_F0BB;16/10/2025;16:58:18;32.7;36.5
1756;Pico W_F0BB;16/10/2025;16:58:38;32.7;36.5
1757;Pico W_F0BB;16/10/2025;16:58:58;32.7;36.6
1758;Pico W_F0BB;16/10/2025;16:59:19;32.7;36.8
1759;Pico W_F0BB;16/10/2025;16:59:39;32.8;36.8
1760;Pico W_F0BB;16/10/2025;16:59:59;32.8;36.9
1761;Pico W_F0BB;16/10/2025;17:00:19;32.8;37.1
1762;Pico W_F0BB;16/10/2025;17:00:40;32.8;37
1763;Pico W_F0BB;16/10/2025;17:01:00;32.8;36.8
1764;Pico W_F0BB;16/10/2025;17:01:20;32.8;36.6
1765;Pico W_F0BB;16/10/2025;17:01:41;32.8;36.9
1766;Pico W_F0BB;16/10/2025;17:02:01;32.8;36.8
1767;Pico W_F0BB;16/10/2025;17:02:21;32.7;36.9
1768;Pico W_F0BB;16/10/2025;17:02:42;32.7;37.1
1769;Pico W_F0BB;16/10/2025;17:03:02;32.7;37.1
1770;Pico W_F0BB;16/10/2025;17:03:22;32.7;37.1
1771;Pico W_F0BB;16/10/2025;17:03:43;32.7;37.2
1772;Pico W_F0BB;16/10/2025;17:04:03;32.7;37.2
1773;Pico W_F0BB;16/10/2025;17:04:23;32.7;37
1774;Pico W_F0BB;16/10/2025;17:04:43;32.7;37.1
1775;Pico W_F0BB;16/10/2025;17:05:04;32.6;37
1776;Pico W_F0BB;16/10/2025;17:05:24;32.6;37.1
1777;Pico W_F0BB;16/10/2025;17:05:44;32.6;37.1
1778;Pico W_F0BB;16/10/2025;17:06:05;32.6;36.9
1779;Pico W_F0BB;16/10/2025;17:06:25;32.6;37
1780;Pico W_F0BB;16/10/2025;17:06:45;32.6;36.7
1781;Pico W_F0BB;16/10/2025;17:07:06;32.5;36.7
1782;Pico W_F0BB;16/10/2025;17:07:26;32.5;36.8
1783;Pico W_F0BB;16/10/2025;17:07:46;32.5;36.7
1784;Pico W_F0BB;16/10/2025;17:08:07;32.5;36.8
1785;Pico W_F0BB;16/10/2025;17:08:27;32.4;36.7
1786;Pico W_F0BB;16/10/2025;17:08:47;32.4;36.9
1787;Pico W_F0BB;16/10/2025;17:09:07;32.4;36.8
1788;Pico W_F0BB;16/10/2025;17:09:28;32.4;36.8
1789;Pico W_F0BB;16/10/2025;17:09:48;32.4;36.8
1790;Pico W_F0BB;16/10/2025;17:10:08;32.4;37.1
1791;Pico W_F0BB;16/10/2025;17:10:29;32.3;38.1
1792;Pico W_F0BB;16/10/2025;17:10:49;32.3;38.5
1793;Pico W_F0BB;16/10/2025;17:11:09;32.2;39.6
1794;Pico W_F0BB;16/10/2025;17:11:30;32.2;40.3
1795;Pico W_F0BB;16/10/2025;17:11:50;32.2;41
1796;Pico W_F0BB;16/10/2025;17:12:10;32.1;41.8
1797;Pico W_F0BB;16/10/2025;17:12:30;32.1;42.1
1798;Pico W_F0BB;16/10/2025;17:12:51;32;42.4
1799;Pico W_F0BB;16/10/2025;17:13:11;32;43.2
1800;Pico W_F0BB;16/10/2025;17:13:31;31.9;43.8
1801;Pico W_F0BB;16/10/2025;17:13:52;31.8;45.2
1802;Pico W_F0BB;16/10/2025;17:14:12;31.8;44
1803;Pico W_F0BB;16/10/2025;17:14:32;31.7;44.4
1804;Pico W_F0BB;16/10/2025;17:14:53;31.6;45.4
1805;Pico W_F0BB;16/10/2025;17:15:13;31.6;45.5
1806;Pico W_F0BB;16/10/2025;17:15:33;31.5;46.4
1807;Pico W_F0BB;16/10/2025;17:15:54;31.5;47.7
1808;Pico W_F0BB;16/10/2025;17:16:14;31.4;48.2
1809;Pico W_F0BB;16/10/2025;17:16:34;31.3;48.5
1810;Pico W_F0BB;16/10/2025;17:16:54;31.3;48.5
1811;Pico W_F0BB;16/10/2025;17:17:15;31.2;48.4
1812;Pico W_F0BB;16/10/2025;17:17:35;31.2;49
1813;Pico W_F0BB;16/10/2025;17:17:55;31.2;49
1814;Pico W_F0BB;16/10/2025;17:18:16;31.1;49.2
1815;Pico W_F0BB;16/10/2025;17:18:36;31;49.2
1816;Pico W_F0BB;16/10/2025;17:18:56;31;49.8
1817;Pico W_F0BB;16/10/2025;17:19:17;31;49.7
1818;Pico W_F0BB;16/10/2025;17:19:37;30.9;50.1
1819;Pico W_F0BB;16/10/2025;17:19:57;30.9;50.2
1820;Pico W_F0BB;16/10/2025;17:20:17;30.9;50.3
1821;Pico W_F0BB;16/10/2025;17:20:38;30.8;50.4
1822;Pico W_F0BB;16/10/2025;17:20:58;30.8;50.5
1823;Pico W_F0BB;16/10/2025;17:21:18;30.8;50.4
1824;Pico W_F0BB;16/10/2025;17:21:39;30.8;50.7
1825;Pico W_F0BB;16/10/2025;17:21:59;30.8;50.8
1826;Pico W_F0BB;16/10/2025;17:22:19;30.8;50.7
1827;Pico W_F0BB;16/10/2025;17:22:40;30.8;50.6
1828;Pico W_F0BB;16/10/2025;17:23:00;30.8;50.7
1829;Pico W_F0BB;16/10/2025;17:23:20;30.8;50.7
1830;Pico W_F0BB;16/10/2025;17:23:41;30.7;50.7
1831;Pico W_F0BB;16/10/2025;17:24:01;30.7;50.7
1832;Pico W_F0BB;16/10/2025;17:24:21;30.7;50.8
1833;Pico W_F0BB;16/10/2025;17:24:41;30.6;50.9
1834;Pico W_F0BB;16/10/2025;17:25:02;30.6;50.9
1835;Pico W_F0BB;16/10/2025;17:25:22;30.6;51
1836;Pico W_F0BB;16/10/2025;17:25:42;30.5;51.1
1837;Pico W_F0BB;16/10/2025;17:26:03;30.5;51.1
1838;Pico W_F0BB;16/10/2025;17:26:23;30.5;51.2
1839;Pico W_F0BB;16/10/2025;17:26:43;30.4;51.1
1840;Pico W_F0BB;16/10/2025;17:27:04;30.4;51.2
1841;Pico W_F0BB;16/10/2025;17:27:24;30.4;51.2
1842;Pico W_F0BB;16/10/2025;17:27:44;30.4;51.2
1843;Pico W_F0BB;16/10/2025;17:28:05;30.4;51.2
1844;Pico W_F0BB;16/10/2025;17:28:25;30.4;51.1
1845;Pico W_F0BB;16/10/2025;17:28:45;30.4;51.1
1846;Pico W_F0BB;16/10/2025;17:29:05;30.4;51.3
1847;Pico W_F0BB;16/10/2025;17:29:26;30.3;51.4
1848;Pico W_F0BB;16/10/2025;17:29:46;30.3;51.5
1849;Pico W_F0BB;16/10/2025;17:30:06;30.2;51.5
1850;Pico W_F0BB;16/10/2025;17:30:27;30.2;51.6
1851;Pico W_F0BB;16/10/2025;17:30:47;30.2;51.7
1852;Pico W_F0BB;16/10/2025;17:31:07;30.1;51.8
1853;Pico W_F0BB;16/10/2025;17:31:28;30.1;51.9
1854;Pico W_F0BB;16/10/2025;17:31:48;30.1;52
1855;Pico W_F0BB;16/10/2025;17:32:08;30.1;52.1
1856;Pico W_F0BB;16/10/2025;17:32:28;30;52.2
1857;Pico W_F0BB;16/10/2025;17:32:49;30;52.3
1858;Pico W_F0BB;16/10/2025;17:33:09;30;52.3
1859;Pico W_F0BB;16/10/2025;17:33:29;29.9;52.4
1860;Pico W_F0BB;16/10/2025;17:33:50;29.9;52.5
1861;Pico W_F0BB;16/10/2025;17:34:10;29.9;52.6
1862;Pico W_F0BB;16/10/2025;17:34:30;29.8;52.7
1863;Pico W_F0BB;16/10/2025;17:34:51;29.8;52.7
1864;Pico W_F0BB;16/10/2025;17:35:11;29.8;52.7
1865;Pico W_F0BB;16/10/2025;17:35:31;29.8;52.7
1866;Pico W_F0BB;16/10/2025;17:35:52;29.8;52.6
1867;Pico W_F0BB;16/10/2025;17:36:12;29.8;52.6
1868;Pico W_F0BB;16/10/2025;17:36:32;29.8;52.7
1869;Pico W_F0BB;16/10/2025;17:36:52;29.9;52.7
1870;Pico W_F0BB;16/10/2025;17:37:13;29.8;52.7
1871;Pico W_F0BB;16/10/2025;17:37:33;29.8;52.8
1872;Pico W_F0BB;16/10/2025;17:37:53;29.8;52.9
1873;Pico W_F0BB;16/10/2025;17:38:14;29.8;52.9
1874;Pico W_F0BB;16/10/2025;17:38:34;29.7;52.9
1875;Pico W_F0BB;16/10/2025;17:38:54;29.8;52.8
1876;Pico W_F0BB;16/10/2025;17:39:15;29.7;52.9
1877;Pico W_F0BB;16/10/2025;17:39:35;29.8;52.9
1878;Pico W_F0BB;16/10/2025;17:39:55;29.7;52.8
1879;Pico W_F0BB;16/10/2025;17:40:16;29.7;52.8
1880;Pico W_F0BB;16/10/2025;17:40:36;29.7;53
1881;Pico W_F0BB;16/10/2025;17:40:56;29.7;53
1882;Pico W_F0BB;16/10/2025;17:41:16;29.7;53
1883;Pico W_F0BB;16/10/2025;17:41:37;29.7;53.1
1884;Pico W_F0BB;16/10/2025;17:41:57;29.6;52.9
1885;Pico W_F0BB;16/10/2025;17:42:17;29.6;53.2
1886;Pico W_F0BB;16/10/2025;17:42:38;29.6;53.1
1887;Pico W_F0BB;16/10/2025;17:42:58;29.6;53
1888;Pico W_F0BB;16/10/2025;17:43:18;29.6;53.2
1889;Pico W_F0BB;16/10/2025;17:43:39;29.6;53.2
1890;Pico W_F0BB;16/10/2025;17:43:59;29.6;53.4
1891;Pico W_F0BB;16/10/2025;17:44:19;29.5;53.5
1892;Pico W_F0BB;16/10/2025;17:44:39;29.5;53.6
1893;Pico W_F0BB;16/10/2025;17:45:00;29.5;53.6
1894;Pico W_F0BB;16/10/2025;17:45:20;29.5;53.6
1895;Pico W_F0BB;16/10/2025;17:45:40;29.5;53.5
1896;Pico W_F0BB;16/10/2025;17:46:01;29.6;53.6
1897;Pico W_F0BB;16/10/2025;17:46:21;29.6;53.6
1898;Pico W_F0BB;16/10/2025;17:46:41;29.6;53.6
1899;Pico W_F0BB;16/10/2025;17:47:02;29.6;53.5
1900;Pico W_F0BB;16/10/2025;17:47:22;29.6;53.5
1901;Pico W_F0BB;16/10/2025;17:47:42;29.6;53.6
1902;Pico W_F0BB;16/10/2025;17:48:03;29.6;53.6
1903;Pico W_F0BB;16/10/2025;17:48:23;29.6;53.6
1904;Pico W_F0BB;16/10/2025;17:48:43;29.6;53.6
1905;Pico W_F0BB;16/10/2025;17:49:03;29.6;53.4
1906;Pico W_F0BB;16/10/2025;17:49:24;29.5;53.4
1907;Pico W_F0BB;16/10/2025;17:49:44;29.5;53.7
1908;Pico W_F0BB;16/10/2025;17:50:04;29.5;53.5
1909;Pico W_F0BB;16/10/2025;17:50:25;29.5;53.4
1910;Pico W_F0BB;16/10/2025;17:50:45;29.6;53.8
1911;Pico W_F0BB;16/10/2025;17:51:05;29.5;53.9
1912;Pico W_F0BB;16/10/2025;17:51:26;29.5;54
1913;Pico W_F0BB;16/10/2025;17:51:46;29.5;53.9
1914;Pico W_F0BB;16/10/2025;17:52:06;29.5;54
1915;Pico W_F0BB;16/10/2025;17:52:26;29.5;53.9
1916;Pico W_F0BB;16/10/2025;17:52:47;29.5;54.1
1917;Pico W_F0BB;16/10/2025;17:53:07;29.4;54.1
1918;Pico W_F0BB;16/10/2025;17:53:27;29.4;54.1
1919;Pico W_F0BB;16/10/2025;17:53:48;29.4;54.2
1920;Pico W_F0BB;16/10/2025;17:54:08;29.4;54.1
1921;Pico W_F0BB;16/10/2025;17:54:28;29.3;54.2
1922;Pico W_F0BB;16/10/2025;17:54:49;29.3;54.3
1923;Pico W_F0BB;16/10/2025;17:55:09;29.3;54.3
1924;Pico W_F0BB;16/10/2025;17:55:29;29.3;54.3
1925;Pico W_F0BB;16/10/2025;17:55:50;29.3;54.3
1926;Pico W_F0BB;16/10/2025;17:56:10;29.3;54.3
1927;Pico W_F0BB;16/10/2025;17:56:30;29.3;54.3
1928;Pico W_F0BB;16/10/2025;17:56:50;29.3;54.2
1929;Pico W_F0BB;16/10/2025;17:57:11;29.3;54.3
1930;Pico W_F0BB;16/10/2025;17:57:31;29.3;54.3
1931;Pico W_F0BB;16/10/2025;17:57:51;29.2;54.3
1932;Pico W_F0BB;16/10/2025;17:58:12;29.2;54.4
1933;Pico W_F0BB;16/10/2025;17:58:32;29.1;54.5
1934;Pico W_F0BB;16/10/2025;17:58:52;29.1;54.5
1935;Pico W_F0BB;16/10/2025;17:59:13;29.1;54.6
1936;Pico W_F0BB;16/10/2025;17:59:33;29.1;54.7
1937;Pico W_F0BB;16/10/2025;17:59:53;29.1;54.7
1938;Pico W_F0BB;16/10/2025;18:00:14;29.1;54.7
1939;Pico W_F0BB;16/10/2025;18:00:34;29;54.7
1940;Pico W_F0BB;16/10/2025;18:00:54;29.1;54.7
1941;Pico W_F0BB;16/10/2025;18:01:14;29.1;54.8
1942;Pico W_F0BB;16/10/2025;18:01:35;29.1;54.8
1943;Pico W_F0BB;16/10/2025;18:01:55;29;54.9
1944;Pico W_F0BB;16/10/2025;18:02:15;29;54.9
1945;Pico W_F0BB;16/10/2025;18:02:36;29;55
1946;Pico W_F0BB;16/10/2025;18:02:56;29;54.9
1947;Pico W_F0BB;16/10/2025;18:03:16;29;55
1948;Pico W_F0BB;16/10/2025;18:03:37;29;55.1
1949;Pico W_F0BB;16/10/2025;18:03:57;29;55.1
1950;Pico W_F0BB;16/10/2025;18:04:17;29;55.1
1951;Pico W_F0BB;16/10/2025;18:04:37;29;55.1
1952;Pico W_F0BB;16/10/2025;18:04:58;28.9;55.2
1953;Pico W_F0BB;16/10/2025;18:05:18;28.9;55.2
1954;Pico W_F0BB;16/10/2025;18:05:38;28.9;55.2
1955;Pico W_F0BB;16/10/2025;18:05:59;28.9;55.3
1956;Pico W_F0BB;16/10/2025;18:06:19;28.9;55.3
1957;Pico W_F0BB;16/10/2025;18:06:39;28.9;55.4
1958;Pico W_F0BB;16/10/2025;18:07:00;28.8;55.4
1959;Pico W_F0BB;16/10/2025;18:07:20;28.9;55.3
1960;Pico W_F0BB;16/10/2025;18:07:40;28.9;55.2
1961;Pico W_F0BB;16/10/2025;18:08:01;28.9;55.4
1962;Pico W_F0BB;16/10/2025;18:08:21;28.9;55.4
1963;Pico W_F0BB;16/10/2025;18:08:41;28.9;55.4
1964;Pico W_F0BB;16/10/2025;18:09:01;28.9;55.4
1965;Pico W_F0BB;16/10/2025;18:09:22;28.8;55.4
1966;Pico W_F0BB;16/10/2025;18:09:42;28.8;55.4
