Leitura,Data,Hora,Temperatura(C),Umidade(%)
1,2025-10-02,19:07:32,24.90,53.10
2,2025-10-02,19:07:52,24.70,55.60
3,2025-10-02,19:08:12,24.50,56.70
4,2025-10-02,19:08:32,24.30,57.50
5,2025-10-02,19:08:52,24.10,58.20
6,2025-10-02,19:09:12,24.00,58.50
7,2025-10-02,19:09:32,24.00,58.70
8,2025-10-02,19:09:52,24.00,58.60
9,2025-10-02,19:10:12,23.90,58.80
10,2025-10-02,19:10:32,23.90,58.90
11,2025-10-02,19:10:52,23.90,59.00
12,2025-10-02,19:11:12,23.90,59.10
13,2025-10-02,19:11:32,23.90,59.20
14,2025-10-02,19:11:52,23.80,59.50
15,2025-10-02,19:12:12,23.80,59.50
16,2025-10-02,19:12:32,23.80,59.60
17,2025-10-02,19:12:52,23.80,59.80
18,2025-10-02,19:13:12,23.70,59.90
19,2025-10-02,19:13:32,23.70,60.10
20,2025-10-02,19:13:52,23.70,60.20
21,2025-10-02,19:14:12,23.60,60.40
22,2025-10-02,19:14:32,23.60,60.50
23,2025-10-02,19:14:52,23.60,60.60
24,2025-10-02,19:15:12,23.60,60.60
25,2025-10-02,19:15:32,23.60,60.70
26,2025-10-02,19:15:52,23.50,60.80
27,2025-10-02,19:16:12,23.50,60.80
28,2025-10-02,19:16:32,23.50,60.90
29,2025-10-02,19:16:52,23.50,61.10
30,2025-10-02,19:17:12,23.40,61.20
31,2025-10-02,19:17:32,23.40,61.30
32,2025-10-02,19:17:52,23.40,61.40
33,2025-10-02,19:18:12,23.40,61.30
34,2025-10-02,19:18:32,23.30,61.40
35,2025-10-02,19:18:52,23.30,61.60
36,2025-10-02,19:19:12,23.30,61.60
37,2025-10-02,19:19:32,23.30,61.70
38,2025-10-02,19:19:52,23.20,61.90
39,2025-10-02,19:20:12,23.20,61.90
40,2025-10-02,19:20:32,23.30,61.80
41,2025-10-02,19:20:52,23.20,61.80
42,2025-10-02,19:21:12,23.20,61.70
43,2025-10-02,19:21:32,23.30,61.70
44,2025-10-02,19:21:52,23.20,61.80
45,2025-10-02,19:22:12,23.20,61.90
46,2025-10-02,19:22:32,23.20,61.90
47,2025-10-02,19:22:52,23.20,61.90
48,2025-10-02,19:23:12,23.20,61.80
49,2025-10-02,19:23:32,23.10,61.80
50,2025-10-02,19:23:52,23.10,61.70
51,2025-10-02,19:24:12,23.10,61.80
52,2025-10-02,19:24:32,23.10,61.90
53,2025-10-02,19:24:52,23.10,62.00
54,2025-10-02,19:25:12,23.10,62.00
55,2025-10-02,19:25:32,23.00,61.90
56,2025-10-02,19:25:52,23.00,61.90
57,2025-10-02,19:26:12,23.00,61.90
58,2025-10-02,19:26:32,23.00,61.90
59,2025-10-02,19:26:52,23.00,62.00
60,2025-10-02,19:27:12,23.00,61.90
61,2025-10-02,19:27:32,23.00,61.90
62,2025-10-02,19:27:52,23.00,61.90
63,2025-10-02,19:28:12,23.00,61.90
64,2025-10-02,19:28:32,23.00,62.00
65,2025-10-02,19:28:52,23.00,61.90
66,2025-10-02,19:29:12,23.00,61.80
67,2025-10-02,19:29:32,23.00,61.80
68,2025-10-02,19:29:52,23.00,61.80
69,2025-10-02,19:30:12,23.00,61.90
70,2025-10-02,19:30:32,22.90,61.90
71,2025-10-02,19:30:52,23.00,62.00
72,2025-10-02,19:31:12,22.90,62.00
73,2025-10-02,19:31:32,23.00,62.00
74,2025-10-02,19:31:52,22.90,61.90
75,2025-10-02,19:32:12,23.00,61.90
76,2025-10-02,19:32:32,23.00,61.80
77,2025-10-02,19:32:52,23.00,61.80
78,2025-10-02,19:33:12,23.00,61.90
79,2025-10-02,19:33:32,22.90,62.00
80,2025-10-02,19:33:52,22.90,61.90
81,2025-10-02,19:34:12,22.90,62.00
82,2025-10-02,19:34:32,23.00,62.00
83,2025-10-02,19:34:52,22.90,62.10
84,2025-10-02,19:35:12,22.90,62.00
85,2025-10-02,19:35:32,22.90,62.00
86,2025-10-02,19:35:52,22.90,61.90
87,2025-10-02,19:36:12,22.90,62.10
88,2025-10-02,19:36:32,22.90,62.20
89,2025-10-02,19:36:52,22.90,62.30
90,2025-10-02,19:37:12,22.90,62.20
91,2025-10-02,19:37:32,22.90,62.20
92,2025-10-02,19:37:52,22.90,62.20
93,2025-10-02,19:38:12,22.90,62.10
94,2025-10-02,19:38:32,22.90,62.10
95,2025-10-02,19:38:52,22.90,62.10
96,2025-10-02,19:39:12,22.90,61.90
97,2025-10-02,19:39:32,22.90,61.90
98,2025-10-02,19:39:52,22.90,61.90
99,2025-10-02,19:40:12,22.80,61.90
100,2025-10-02,19:40:32,22.90,61.90
101,2025-10-02,19:40:52,22.80,61.90
102,2025-10-02,19:41:12,22.80,62.00
103,2025-10-02,19:41:32,22.80,62.10
104,2025-10-02,19:41:52,22.80,62.10
105,2025-10-02,19:42:12,22.90,62.20
106,2025-10-02,19:42:32,22.90,62.30
107,2025-10-02,19:42:52,22.80,62.30
108,2025-10-02,19:43:12,22.80,62.40
109,2025-10-02,19:43:32,22.80,62.50
110,2025-10-02,19:43:52,22.80,62.50
111,2025-10-02,19:44:12,22.80,62.70
112,2025-10-02,19:44:32,22.80,62.70
113,2025-10-02,19:44:52,22.80,62.60
114,2025-10-02,19:45:12,22.80,62.50
115,2025-10-02,19:45:32,22.80,62.30
116,2025-10-02,19:45:52,22.80,62.30
117,2025-10-02,19:46:12,22.80,62.40
118,2025-10-02,19:46:32,22.80,62.50
119,2025-10-02,19:46:52,22.80,62.40
120,2025-10-02,19:47:12,22.80,62.40
121,2025-10-02,19:47:32,22.80,62.50
122,2025-10-02,19:47:52,22.80,62.50
123,2025-10-02,19:48:12,22.80,62.50
124,2025-10-02,19:48:32,22.80,62.50
125,2025-10-02,19:48:52,22.80,62.60
126,2025-10-02,19:49:12,22.70,62.70
127,2025-10-02,19:49:32,22.70,62.70
128,2025-10-02,19:49:52,22.70,62.90
129,2025-10-02,19:50:12,22.70,62.90
130,2025-10-02,19:50:32,22.70,62.90
131,2025-10-02,19:50:52,22.70,62.90
132,2025-10-02,19:51:12,22.70,62.80
133,2025-10-02,19:51:32,22.70,62.90
134,2025-10-02,19:51:52,22.70,62.90
135,2025-10-02,19:52:12,22.70,63.00
136,2025-10-02,19:52:32,22.70,63.00
137,2025-10-02,19:52:52,22.70,63.10
138,2025-10-02,19:53:12,22.70,63.20
139,2025-10-02,19:53:32,22.80,63.20
140,2025-10-02,19:53:52,22.70,63.10
141,2025-10-02,19:54:12,22.80,63.10
142,2025-10-02,19:54:32,22.70,63.10
143,2025-10-02,19:54:52,22.80,63.00
144,2025-10-02,19:55:12,22.80,62.90
145,2025-10-02,19:55:32,22.80,62.80
146,2025-10-02,19:55:52,22.70,62.70
147,2025-10-02,19:56:12,22.70,62.80
148,2025-10-02,19:56:32,22.70,62.80
149,2025-10-02,19:56:52,22.70,62.80
150,2025-10-02,19:57:12,22.80,62.70
151,2025-10-02,19:57:32,22.70,62.70
152,2025-10-02,19:57:52,22.70,62.70
153,2025-10-02,19:58:12,22.70,62.70
154,2025-10-02,19:58:32,22.70,62.70
155,2025-10-02,19:58:52,22.70,62.80
156,2025-10-02,19:59:12,22.70,62.90
157,2025-10-02,19:59:32,22.70,63.00
158,2025-10-02,19:59:52,22.70,62.90
159,2025-10-02,20:00:12,22.70,63.00
160,2025-10-02,20:00:32,22.70,62.90
161,2025-10-02,20:00:52,22.70,63.00
162,2025-10-02,20:01:12,22.70,63.00
163,2025-10-02,20:01:32,22.70,63.10
164,2025-10-02,20:01:52,22.70,63.10
165,2025-10-02,20:02:12,22.70,63.10
166,2025-10-02,20:02:32,22.60,63.30
167,2025-10-02,20:02:52,22.60,63.40
168,2025-10-02,20:03:12,22.60,63.30
169,2025-10-02,20:03:32,22.60,63.30
170,2025-10-02,20:03:52,22.60,63.30
171,2025-10-02,20:04:12,22.60,63.30
172,2025-10-02,20:04:32,22.60,63.50
173,2025-10-02,20:04:52,22.60,63.50
174,2025-10-02,20:05:12,22.60,63.60
175,2025-10-02,20:05:32,22.60,63.70
176,2025-10-02,20:05:52,22.60,63.70
177,2025-10-02,20:06:12,22.60,63.70
178,2025-10-02,20:06:32,22.60,63.70
179,2025-10-02,20:06:52,22.60,63.80
180,2025-10-02,20:07:12,22.60,63.90
181,2025-10-02,20:07:31,22.60,63.90
182,2025-10-02,20:07:51,22.60,63.90
183,2025-10-02,20:08:11,22.60,63.90
184,2025-10-02,20:08:31,22.60,64.00
185,2025-10-02,20:08:51,22.60,64.00
186,2025-10-02,20:09:11,22.60,63.90
187,2025-10-02,20:09:31,22.60,64.10
188,2025-10-02,20:09:51,22.50,64.10
189,2025-10-02,20:10:11,22.60,64.00
190,2025-10-02,20:10:31,22.50,64.00
191,2025-10-02,20:10:51,22.50,64.00
192,2025-10-02,20:11:11,22.60,64.00
193,2025-10-02,20:11:31,22.50,64.10
194,2025-10-02,20:11:51,22.50,64.20
195,2025-10-02,20:12:11,22.50,64.20
196,2025-10-02,20:12:31,22.50,64.10
197,2025-10-02,20:12:51,22.50,64.20
198,2025-10-02,20:13:11,22.50,64.30
199,2025-10-02,20:13:31,22.50,64.30
200,2025-10-02,20:13:51,22.50,64.40
201,2025-10-02,20:14:11,22.50,64.40
202,2025-10-02,20:14:31,22.50,64.30
203,2025-10-02,20:14:51,22.50,64.40
204,2025-10-02,20:15:11,22.50,64.40
205,2025-10-02,20:15:31,22.50,64.40
206,2025-10-02,20:15:51,22.50,64.30
207,2025-10-02,20:16:11,22.50,64.40
208,2025-10-02,20:16:31,22.50,64.30
209,2025-10-02,20:16:51,22.50,64.40
210,2025-10-02,20:17:11,22.50,64.40
211,2025-10-02,20:17:31,22.50,64.40
212,2025-10-02,20:17:51,22.40,64.40
213,2025-10-02,20:18:11,22.40,64.50
214,2025-10-02,20:18:31,22.40,64.60
215,2025-10-02,20:18:51,22.40,64.50
216,2025-10-02,20:19:11,22.40,64.50
217,2025-10-02,20:19:31,22.40,64.60
218,2025-10-02,20:19:51,22.40,64.60
219,2025-10-02,20:20:11,22.40,64.70
220,2025-10-02,20:20:31,22.40,64.70
221,2025-10-02,20:20:51,22.40,64.70
222,2025-10-02,20:21:11,22.40,64.70
223,2025-10-02,20:21:31,22.40,64.70
224,2025-10-02,20:21:51,22.40,64.70
225,2025-10-02,20:22:11,22.40,64.70
226,2025-10-02,20:22:31,22.40,64.60
227,2025-10-02,20:22:51,22.40,64.60
228,2025-10-02,20:23:11,22.40,64.60
229,2025-10-02,20:23:31,22.40,64.70
230,2025-10-02,20:23:51,22.40,64.60
231,2025-10-02,20:24:11,22.40,64.60
232,2025-10-02,20:24:31,22.40,64.60
233,2025-10-02,20:24:51,22.40,64.50
234,2025-10-02,20:25:11,22.40,64.50
235,2025-10-02,20:25:31,22.40,64.60
236,2025-10-02,20:25:51,22.40,64.70
237,2025-10-02,20:26:11,22.40,64.50
238,2025-10-02,20:26:31,22.40,64.70
239,2025-10-02,20:26:51,22.40,64.60
240,2025-10-02,20:27:11,22.40,64.50
241,2025-10-02,20:27:31,22.40,64.50
242,2025-10-02,20:27:51,22.40,64.50
243,2025-10-02,20:28:11,22.40,64.40
244,2025-10-02,20:28:31,22.40,64.40
245,2025-10-02,20:28:51,22.40,64.40
246,2025-10-02,20:29:11,22.40,64.50
247,2025-10-02,20:29:31,22.40,64.50
248,2025-10-02,20:29:51,22.40,64.60
249,2025-10-02,20:30:11,22.40,64.50
250,2025-10-02,20:30:31,22.40,64.40
251,2025-10-02,20:30:51,22.40,64.50
252,2025-10-02,20:31:11,22.40,64.60
253,2025-10-02,20:31:31,22.40,64.50
254,2025-10-02,20:31:51,22.40,64.60
255,2025-10-02,20:32:11,22.40,64.60
256,2025-10-02,20:32:31,22.40,64.60
257,2025-10-02,20:32:51,22.40,64.60
258,2025-10-02,20:33:11,22.40,64.60
259,2025-10-02,20:33:31,22.40,64.60
260,2025-10-02,20:33:51,22.40,64.50
261,2025-10-02,20:34:11,22.40,64.50
262,2025-10-02,20:34:31,22.40,64.60
263,2025-10-02,20:34:51,22.30,64.60
264,2025-10-02,20:35:11,22.30,64.60
265,2025-10-02,20:35:31,22.40,64.60
266,2025-10-02,20:35:51,22.30,64.60
267,2025-10-02,20:36:11,22.30,64.60
268,2025-10-02,20:36:31,22.30,64.70
269,2025-10-02,20:36:51,22.30,64.80
270,2025-10-02,20:37:11,22.30,64.80
271,2025-10-02,20:37:31,22.30,64.80
272,2025-10-02,20:37:51,22.30,65.00
273,2025-10-02,20:38:11,22.30,64.90
274,2025-10-02,20:38:31,22.30,64.80
275,2025-10-02,20:38:51,22.40,64.80
276,2025-10-02,20:39:11,22.30,64.80
277,2025-10-02,20:39:31,22.30,64.90
278,2025-10-02,20:39:51,22.30,64.90
279,2025-10-02,20:40:11,22.30,64.90
280,2025-10-02,20:40:31,22.40,64.90
281,2025-10-02,20:40:51,22.30,64.90
282,2025-10-02,20:41:11,22.30,64.90
283,2025-10-02,20:41:31,22.30,65.00
284,2025-10-02,20:41:51,22.30,65.00
285,2025-10-02,20:42:11,22.30,65.00
286,2025-10-02,20:42:31,22.30,65.10
287,2025-10-02,20:42:51,22.30,65.10
288,2025-10-02,20:43:11,22.30,65.10
289,2025-10-02,20:43:31,22.30,65.20
290,2025-10-02,20:43:51,22.30,65.20
291,2025-10-02,20:44:11,22.30,65.20
292,2025-10-02,20:44:31,22.30,65.10
293,2025-10-02,20:44:51,22.30,65.10
294,2025-10-02,20:45:11,22.30,65.10
295,2025-10-02,20:45:31,22.30,65.10
296,2025-10-02,20:45:51,22.30,65.10
297,2025-10-02,20:46:11,22.30,65.10
298,2025-10-02,20:46:31,22.30,65.10
299,2025-10-02,20:46:51,22.30,65.20
300,2025-10-02,20:47:11,22.30,65.20
301,2025-10-02,20:47:31,22.30,65.20
302,2025-10-02,20:47:51,22.30,65.30
303,2025-10-02,20:48:11,22.20,65.30
304,2025-10-02,20:48:31,22.20,65.40
305,2025-10-02,20:48:51,22.20,65.50
306,2025-10-02,20:49:11,22.20,65.40
307,2025-10-02,20:49:31,22.20,65.40
308,2025-10-02,20:49:51,22.20,65.40
309,2025-10-02,20:50:11,22.20,65.40
310,2025-10-02,20:50:31,22.20,65.40
311,2025-10-02,20:50:51,22.20,65.50
312,2025-10-02,20:51:11,22.20,65.40
313,2025-10-02,20:51:31,22.20,65.50
314,2025-10-02,20:51:51,22.10,65.60
315,2025-10-02,20:52:11,22.10,65.60
316,2025-10-02,20:52:31,22.10,65.70
317,2025-10-02,20:52:51,22.10,65.80
318,2025-10-02,20:53:11,22.10,65.80
319,2025-10-02,20:53:31,22.10,65.80
320,2025-10-02,20:53:51,22.10,65.80
321,2025-10-02,20:54:11,22.10,65.80
322,2025-10-02,20:54:31,22.10,65.70
323,2025-10-02,20:54:51,22.10,65.70
324,2025-10-02,20:55:11,22.10,65.70
325,2025-10-02,20:55:31,22.20,65.80
326,2025-10-02,20:55:51,22.10,65.70
327,2025-10-02,20:56:11,22.20,65.70
328,2025-10-02,20:56:31,22.10,65.70
329,2025-10-02,20:56:51,22.10,65.80
330,2025-10-02,20:57:11,22.20,65.70
331,2025-10-02,20:57:31,22.20,65.80
332,2025-10-02,20:57:51,22.20,65.70
333,2025-10-02,20:58:11,22.20,65.70
334,2025-10-02,20:58:31,22.20,65.70
335,2025-10-02,20:58:51,22.20,65.70
336,2025-10-02,20:59:11,22.10,65.80
337,2025-10-02,20:59:31,22.20,65.80
338,2025-10-02,20:59:51,22.20,65.70
339,2025-10-02,21:00:11,22.20,65.70
340,2025-10-02,21:00:31,22.20,65.70
341,2025-10-02,21:00:51,22.10,65.80
342,2025-10-02,21:01:11,22.20,65.80
343,2025-10-02,21:01:31,22.20,65.80
344,2025-10-02,21:01:51,22.20,65.70
345,2025-10-02,21:02:11,22.20,65.70
346,2025-10-02,21:02:31,22.20,65.70
347,2025-10-02,21:02:51,22.20,65.60
348,2025-10-02,21:03:11,22.20,65.70
349,2025-10-02,21:03:31,22.20,65.60
350,2025-10-02,21:03:51,22.20,65.60
351,2025-10-02,21:04:11,22.20,65.70
352,2025-10-02,21:04:31,22.10,65.70
353,2025-10-02,21:04:51,22.10,65.70
354,2025-10-02,21:05:11,22.10,65.90
355,2025-10-02,21:05:31,22.00,65.90
356,2025-10-02,21:05:51,22.00,66.00
357,2025-10-02,21:06:11,22.00,66.10
358,2025-10-02,21:06:31,22.00,66.20
359,2025-10-02,21:06:51,22.00,66.20
360,2025-10-02,21:07:11,22.00,66.20
361,2025-10-02,21:07:31,22.00,66.20
362,2025-10-02,21:07:51,22.00,66.30
363,2025-10-02,21:08:11,22.00,66.20
364,2025-10-02,21:08:31,22.00,66.30
365,2025-10-02,21:08:51,22.00,66.40
366,2025-10-02,21:09:11,22.00,66.30
367,2025-10-02,21:09:31,22.00,66.20
368,2025-10-02,21:09:51,22.00,66.30
369,2025-10-02,21:10:11,22.00,66.40
370,2025-10-02,21:10:31,22.00,66.40
371,2025-10-02,21:10:51,22.00,66.30
372,2025-10-02,21:11:11,22.00,66.40
373,2025-10-02,21:11:31,22.00,66.40
374,2025-10-02,21:11:51,22.00,66.30
375,2025-10-02,21:12:11,22.00,66.40
376,2025-10-02,21:12:31,22.00,66.50
377,2025-10-02,21:12:51,22.00,66.50
378,2025-10-02,21:13:11,22.00,66.40
379,2025-10-02,21:13:31,21.90,66.50
380,2025-10-02,21:13:51,22.00,66.50
381,2025-10-02,21:14:11,21.90,66.50
382,2025-10-02,21:14:31,22.00,66.50
383,2025-10-02,21:14:51,21.90,66.50
384,2025-10-02,21:15:11,22.00,66.40
385,2025-10-02,21:15:31,21.90,66.50
386,2025-10-02,21:15:51,22.00,66.50
387,2025-10-02,21:16:11,22.00,66.50
388,2025-10-02,21:16:31,22.00,66.60
389,2025-10-02,21:16:51,22.00,66.50
390,2025-10-02,21:17:11,22.00,66.60
391,2025-10-02,21:17:31,21.90,66.60
392,2025-10-02,21:17:51,21.90,66.70
393,2025-10-02,21:18:11,21.90,66.70
394,2025-10-02,21:18:31,21.90,66.70
395,2025-10-02,21:18:51,21.90,66.70
396,2025-10-02,21:19:11,21.90,66.80
397,2025-10-02,21:19:31,21.80,66.90
398,2025-10-02,21:19:51,21.80,67.00
399,2025-10-02,21:20:11,21.80,67.00
400,2025-10-02,21:20:31,21.80,67.10
401,2025-10-02,21:20:51,21.90,67.20
402,2025-10-02,21:21:11,21.80,67.10
403,2025-10-02,21:21:31,21.90,67.10
404,2025-10-02,21:21:51,21.80,67.10
405,2025-10-02,21:22:11,21.80,67.20
406,2025-10-02,21:22:31,21.90,67.10
407,2025-10-02,21:22:51,21.80,67.20
408,2025-10-02,21:23:11,21.90,67.20
409,2025-10-02,21:23:31,21.90,67.20
410,2025-10-02,21:23:51,21.90,67.10
411,2025-10-02,21:24:11,21.90,67.10
412,2025-10-02,21:24:31,21.90,67.10
413,2025-10-02,21:24:51,21.90,67.20
414,2025-10-02,21:25:11,21.90,67.10
415,2025-10-02,21:25:31,21.90,67.20
416,2025-10-02,21:25:51,21.90,67.20
417,2025-10-02,21:26:11,21.80,67.30
418,2025-10-02,21:26:31,21.80,67.40
419,2025-10-02,21:26:51,21.80,67.50
420,2025-10-02,21:27:11,21.80,67.60
421,2025-10-02,21:27:31,21.70,67.60
422,2025-10-02,21:27:51,21.70,67.60
423,2025-10-02,21:28:11,21.80,67.60
424,2025-10-02,21:28:31,21.80,67.60
425,2025-10-02,21:28:51,21.80,67.60
426,2025-10-02,21:29:11,21.80,67.60
427,2025-10-02,21:29:31,21.80,67.60
428,2025-10-02,21:29:51,21.80,67.60
429,2025-10-02,21:30:11,21.80,67.50
430,2025-10-02,21:30:31,21.80,67.50
431,2025-10-02,21:30:51,21.80,67.50
432,2025-10-02,21:31:11,21.80,67.50
433,2025-10-02,21:31:31,21.80,67.40
434,2025-10-02,21:31:51,21.90,67.40
435,2025-10-02,21:32:11,21.90,67.40
436,2025-10-02,21:32:31,21.80,67.40
437,2025-10-02,21:32:51,21.80,67.40
438,2025-10-02,21:33:11,21.80,67.40
439,2025-10-02,21:33:31,21.80,67.40
440,2025-10-02,21:33:51,21.80,67.60
441,2025-10-02,21:34:11,21.80,67.50
442,2025-10-02,21:34:31,21.80,67.50
443,2025-10-02,21:34:51,21.80,67.40
444,2025-10-02,21:35:11,21.80,67.50
445,2025-10-02,21:35:31,21.80,67.50
446,2025-10-02,21:35:51,21.80,67.50
447,2025-10-02,21:36:11,21.90,67.50
448,2025-10-02,21:36:30,21.90,67.40
449,2025-10-02,21:36:50,21.90,67.50
450,2025-10-02,21:37:10,21.90,67.40
451,2025-10-02,21:37:30,21.90,67.50
452,2025-10-02,21:37:50,21.90,67.40
453,2025-10-02,21:38:10,21.90,67.40
454,2025-10-02,21:38:30,21.90,67.40
455,2025-10-02,21:38:50,21.90,67.30
456,2025-10-02,21:39:10,21.90,67.30
457,2025-10-02,21:39:30,21.90,67.20
458,2025-10-02,21:39:50,21.90,67.30
459,2025-10-02,21:40:10,21.90,67.30
460,2025-10-02,21:40:30,21.90,67.30
461,2025-10-02,21:40:50,21.90,67.30
462,2025-10-02,21:41:10,21.90,67.30
463,2025-10-02,21:41:30,21.90,67.30
464,2025-10-02,21:41:50,21.90,67.40
465,2025-10-02,21:42:10,21.90,67.40
466,2025-10-02,21:42:30,21.90,67.50
467,2025-10-02,21:42:50,21.90,67.50
468,2025-10-02,21:43:10,21.80,67.50
469,2025-10-02,21:43:30,21.80,67.50
470,2025-10-02,21:43:50,21.80,67.50
471,2025-10-02,21:44:10,21.90,67.50
472,2025-10-02,21:44:30,21.90,67.60
473,2025-10-02,21:44:50,21.90,67.50
474,2025-10-02,21:45:10,21.90,67.40
475,2025-10-02,21:45:30,21.90,67.40
476,2025-10-02,21:45:50,21.90,67.40
477,2025-10-02,21:46:10,21.80,67.50
478,2025-10-02,21:46:30,21.80,67.60
479,2025-10-02,21:46:50,21.80,67.60
480,2025-10-02,21:47:10,21.80,67.60
481,2025-10-02,21:47:30,21.80,67.60
482,2025-10-02,21:47:50,21.90,67.50
483,2025-10-02,21:48:10,21.90,67.50
484,2025-10-02,21:48:30,21.90,67.50
485,2025-10-02,21:48:50,21.90,67.40
486,2025-10-02,21:49:10,21.90,67.30
487,2025-10-02,21:49:30,21.90,67.40
488,2025-10-02,21:49:50,21.90,67.40
489,2025-10-02,21:50:10,21.90,67.50
490,2025-10-02,21:50:30,21.90,67.40
491,2025-10-02,21:50:50,21.80,67.50
492,2025-10-02,21:51:10,21.80,67.60
493,2025-10-02,21:51:30,21.90,67.60
494,2025-10-02,21:51:50,21.80,67.60
495,2025-10-02,21:52:10,21.80,67.60
496,2025-10-02,21:52:30,21.80,67.60
497,2025-10-02,21:52:50,21.80,67.70
498,2025-10-02,21:53:10,21.80,67.70
499,2025-10-02,21:53:30,21.80,67.80
500,2025-10-02,21:53:50,21.80,67.80
501,2025-10-02,21:54:10,21.80,67.80
502,2025-10-02,21:54:30,21.80,67.80
503,2025-10-02,21:54:50,21.80,67.90
504,2025-10-02,21:55:10,21.80,67.90
505,2025-10-02,21:55:30,21.80,67.90
506,2025-10-02,21:55:50,21.80,67.90
507,2025-10-02,21:56:10,21.80,67.90
508,2025-10-02,21:56:30,21.80,67.80
509,2025-10-02,21:56:50,21.90,67.70
510,2025-10-02,21:57:10,21.80,67.70
511,2025-10-02,21:57:30,21.80,67.70
512,2025-10-02,21:57:50,21.80,67.70
513,2025-10-02,21:58:10,21.80,67.80
514,2025-10-02,21:58:30,21.80,67.80
515,2025-10-02,21:58:50,21.80,67.70
516,2025-10-02,21:59:10,21.80,67.60
517,2025-10-02,21:59:30,21.80,67.70
518,2025-10-02,21:59:50,21.80,67.70
519,2025-10-02,22:00:10,21.80,67.70
520,2025-10-02,22:00:30,21.80,67.70
521,2025-10-02,22:00:50,21.80,67.60
522,2025-10-02,22:01:10,21.80,67.60
523,2025-10-02,22:01:30,21.80,67.50
524,2025-10-02,22:01:50,21.80,67.70
525,2025-10-02,22:02:10,21.80,67.70
526,2025-10-02,22:02:30,21.80,67.70
527,2025-10-02,22:02:50,21.80,67.80
528,2025-10-02,22:03:10,21.80,67.70
529,2025-10-02,22:03:30,21.80,67.60
530,2025-10-02,22:03:50,21.80,67.70
531,2025-10-02,22:04:10,21.90,67.60
532,2025-10-02,22:04:30,21.90,67.60
533,2025-10-02,22:04:50,21.90,67.50
534,2025-10-02,22:05:10,21.90,67.50
535,2025-10-02,22:05:30,21.90,67.50
536,2025-10-02,22:05:50,21.80,67.50
537,2025-10-02,22:06:10,21.80,67.60
538,2025-10-02,22:06:30,21.80,67.70
539,2025-10-02,22:06:50,21.80,67.60
540,2025-10-02,22:07:10,21.80,67.70
541,2025-10-02,22:07:30,21.80,67.70
542,2025-10-02,22:07:50,21.80,67.60
543,2025-10-02,22:08:10,21.80,67.60
544,2025-10-02,22:08:30,21.80,67.70
545,2025-10-02,22:08:50,21.80,67.70
546,2025-10-02,22:09:10,21.80,67.80
547,2025-10-02,22:09:30,21.80,67.80
548,2025-10-02,22:09:50,21.90,67.70
549,2025-10-02,22:10:10,21.80,67.70
550,2025-10-02,22:10:30,21.80,67.70
551,2025-10-02,22:10:50,21.80,67.70
552,2025-10-02,22:11:10,21.90,67.70
553,2025-10-02,22:11:30,21.90,67.60
554,2025-10-02,22:11:50,21.80,67.70
555,2025-10-02,22:12:10,21.90,67.60
556,2025-10-02,22:12:30,21.90,67.60
557,2025-10-02,22:12:50,21.90,67.60
558,2025-10-02,22:13:10,21.90,67.70
559,2025-10-02,22:13:30,21.90,67.50
560,2025-10-02,22:13:50,21.90,67.50
561,2025-10-02,22:14:10,21.90,67.60
562,2025-10-02,22:14:30,21.90,67.50
563,2025-10-02,22:14:50,21.90,67.60
564,2025-10-02,22:15:10,21.80,67.60
565,2025-10-02,22:15:30,21.80,67.60
566,2025-10-02,22:15:50,21.80,67.70
567,2025-10-02,22:16:10,21.80,67.70
568,2025-10-02,22:16:30,21.80,67.80
569,2025-10-02,22:16:50,21.80,67.80
570,2025-10-02,22:17:10,21.80,67.80
571,2025-10-02,22:17:30,21.80,67.80
572,2025-10-02,22:17:50,21.80,67.80
573,2025-10-02,22:18:10,21.80,67.80
574,2025-10-02,22:18:30,21.80,67.80
575,2025-10-02,22:18:50,21.80,67.70
576,2025-10-02,22:19:10,21.80,67.70
577,2025-10-02,22:19:30,21.90,67.80
578,2025-10-02,22:19:50,21.90,67.80
579,2025-10-02,22:20:10,21.90,67.70
580,2025-10-02,22:20:30,21.90,67.70
581,2025-10-02,22:20:50,21.90,67.70
582,2025-10-02,22:21:10,21.90,67.60
583,2025-10-02,22:21:30,21.90,67.60
584,2025-10-02,22:21:50,21.90,67.60
585,2025-10-02,22:22:10,21.90,67.70
586,2025-10-02,22:22:30,21.90,67.90
587,2025-10-02,22:22:50,21.90,67.80
588,2025-10-02,22:23:10,22.00,67.70
589,2025-10-02,22:23:30,22.00,67.50
590,2025-10-02,22:23:50,22.00,67.30
591,2025-10-02,22:24:10,22.00,67.40
592,2025-10-02,22:24:30,22.00,67.30
593,2025-10-02,22:24:50,22.00,67.20
594,2025-10-02,22:25:10,22.10,67.20
595,2025-10-02,22:25:30,22.10,67.20
596,2025-10-02,22:25:50,22.10,67.20
597,2025-10-02,22:26:10,22.10,67.20
598,2025-10-02,22:26:30,22.10,67.20
599,2025-10-02,22:26:50,22.10,67.10
600,2025-10-02,22:27:10,22.10,67.00
601,2025-10-02,22:27:30,22.10,67.00
602,2025-10-02,22:27:50,22.10,66.90
603,2025-10-02,22:28:10,22.10,66.90
604,2025-10-02,22:28:30,22.10,67.00
605,2025-10-02,22:28:50,22.10,67.00
606,2025-10-02,22:29:10,22.10,67.10
607,2025-10-02,22:29:30,22.10,67.00
608,2025-10-02,22:29:50,22.10,67.00
609,2025-10-02,22:30:10,22.20,66.90
610,2025-10-02,22:30:30,22.20,66.80
611,2025-10-02,22:30:50,22.20,66.70
612,2025-10-02,22:31:10,22.20,66.70
613,2025-10-02,22:31:30,22.20,66.70
614,2025-10-02,22:31:50,22.10,66.70
615,2025-10-02,22:32:10,22.20,66.70
616,2025-10-02,22:32:30,22.10,66.80
617,2025-10-02,22:32:50,22.20,66.80
618,2025-10-02,22:33:10,22.20,66.70
619,2025-10-02,22:33:30,22.20,66.70
620,2025-10-02,22:33:50,22.20,66.70
621,2025-10-02,22:34:10,22.20,66.80
622,2025-10-02,22:34:30,22.20,66.70
623,2025-10-02,22:34:50,22.20,66.60
624,2025-10-02,22:35:10,22.20,66.50
625,2025-10-02,22:35:30,22.30,66.50
626,2025-10-02,22:35:50,22.30,66.50
627,2025-10-02,22:36:10,22.30,66.50
628,2025-10-02,22:36:30,22.30,66.40
629,2025-10-02,22:36:50,22.30,66.40
630,2025-10-02,22:37:10,22.30,66.20
631,2025-10-02,22:37:30,22.30,66.20
632,2025-10-02,22:37:50,22.30,66.10
633,2025-10-02,22:38:10,22.30,66.10
634,2025-10-02,22:38:30,22.30,66.20
635,2025-10-02,22:38:50,22.20,66.20
636,2025-10-02,22:39:10,22.20,66.30
637,2025-10-02,22:39:30,22.20,66.40
638,2025-10-02,22:39:50,22.30,66.40
639,2025-10-02,22:40:10,22.20,66.30
640,2025-10-02,22:40:30,22.30,66.40
641,2025-10-02,22:40:50,22.30,66.30
642,2025-10-02,22:41:10,22.20,66.40
643,2025-10-02,22:41:30,22.20,66.40
644,2025-10-02,22:41:50,22.20,66.40
645,2025-10-02,22:42:10,22.30,66.40
646,2025-10-02,22:42:30,22.20,66.40
647,2025-10-02,22:42:50,22.20,66.40
648,2025-10-02,22:43:10,22.20,66.40
649,2025-10-02,22:43:30,22.20,66.40
650,2025-10-02,22:43:50,22.20,66.30
651,2025-10-02,22:44:10,22.30,66.40
652,2025-10-02,22:44:30,22.30,66.30
653,2025-10-02,22:44:50,22.20,66.30
654,2025-10-02,22:45:10,22.20,66.30
655,2025-10-02,22:45:30,22.20,66.30
656,2025-10-02,22:45:50,22.20,66.50
657,2025-10-02,22:46:10,22.20,66.60
658,2025-10-02,22:46:30,22.20,66.60
659,2025-10-02,22:46:50,22.10,66.70
660,2025-10-02,22:47:10,22.10,66.70
661,2025-10-02,22:47:30,22.10,66.80
662,2025-10-02,22:47:50,22.10,66.90
663,2025-10-02,22:48:10,22.10,67.00
664,2025-10-02,22:48:30,22.10,67.00
665,2025-10-02,22:48:50,22.10,67.00
666,2025-10-02,22:49:10,22.10,67.00
667,2025-10-02,22:49:30,22.10,66.90
668,2025-10-02,22:49:50,22.00,66.90
669,2025-10-02,22:50:10,22.00,66.90
670,2025-10-02,22:50:30,22.10,66.90
671,2025-10-02,22:50:50,22.10,67.00
672,2025-10-02,22:51:10,22.00,66.90
673,2025-10-02,22:51:30,22.00,67.00
674,2025-10-02,22:51:50,22.00,67.00
675,2025-10-02,22:52:10,22.00,67.00
676,2025-10-02,22:52:30,22.00,67.00
677,2025-10-02,22:52:50,22.00,67.20
678,2025-10-02,22:53:10,22.00,67.20
679,2025-10-02,22:53:30,21.90,67.30
680,2025-10-02,22:53:50,21.90,67.30
681,2025-10-02,22:54:10,21.90,67.50
682,2025-10-02,22:54:30,21.90,67.50
683,2025-10-02,22:54:50,22.00,67.50
684,2025-10-02,22:55:10,22.00,67.40
685,2025-10-02,22:55:30,22.00,67.40
686,2025-10-02,22:55:50,22.00,67.40
687,2025-10-02,22:56:10,22.00,67.30
688,2025-10-02,22:56:30,22.00,67.20
689,2025-10-02,22:56:50,22.00,67.20
690,2025-10-02,22:57:10,22.10,67.10
691,2025-10-02,22:57:30,22.10,67.00
692,2025-10-02,22:57:50,22.00,67.10
693,2025-10-02,22:58:10,22.00,67.00
694,2025-10-02,22:58:30,22.00,67.10
695,2025-10-02,22:58:50,22.10,67.00
696,2025-10-02,22:59:10,22.00,67.10
697,2025-10-02,22:59:30,22.00,67.00
698,2025-10-02,22:59:50,22.00,67.00
699,2025-10-02,23:00:10,22.00,67.10
700,2025-10-02,23:00:30,22.00,67.20
701,2025-10-02,23:00:50,22.00,67.20
702,2025-10-02,23:01:10,22.00,67.20
703,2025-10-02,23:01:30,22.00,67.00
704,2025-10-02,23:01:50,22.00,67.10
705,2025-10-02,23:02:10,22.00,67.20
706,2025-10-02,23:02:30,21.90,67.40
707,2025-10-02,23:02:50,22.00,67.60
708,2025-10-02,23:03:10,21.90,67.60
709,2025-10-02,23:03:30,21.90,67.60
710,2025-10-02,23:03:50,21.90,67.60
711,2025-10-02,23:04:10,21.90,67.60
712,2025-10-02,23:04:30,21.90,67.70
713,2025-10-02,23:04:50,21.90,67.70
714,2025-10-02,23:05:10,21.90,67.60
715,2025-10-02,23:05:30,21.90,67.60
716,2025-10-02,23:05:50,21.90,67.80
717,2025-10-02,23:06:09,21.80,67.80
718,2025-10-02,23:06:29,21.90,67.90
719,2025-10-02,23:06:49,21.90,67.90
720,2025-10-02,23:07:09,21.80,67.80
721,2025-10-02,23:07:29,21.90,67.80
722,2025-10-02,23:07:49,21.90,67.70
723,2025-10-02,23:08:09,21.90,67.60
724,2025-10-02,23:08:29,21.90,67.60
725,2025-10-02,23:08:49,21.90,67.60
726,2025-10-02,23:09:09,21.90,67.50
727,2025-10-02,23:09:29,21.90,67.50
728,2025-10-02,23:09:49,22.00,67.50
729,2025-10-02,23:10:09,22.00,67.40
730,2025-10-02,23:10:29,22.00,67.40
731,2025-10-02,23:10:49,21.90,67.40
732,2025-10-02,23:11:09,22.00,67.50
733,2025-10-02,23:11:29,21.90,67.40
734,2025-10-02,23:11:49,21.90,67.40
735,2025-10-02,23:12:09,22.00,67.50
736,2025-10-02,23:12:29,22.00,67.40
737,2025-10-02,23:12:49,22.00,67.40
738,2025-10-02,23:13:09,22.00,67.30
739,2025-10-02,23:13:29,22.00,67.40
740,2025-10-02,23:13:49,22.00,67.40
741,2025-10-02,23:14:09,22.00,67.30
742,2025-10-02,23:14:29,22.00,67.20
743,2025-10-02,23:14:49,22.00,67.30
744,2025-10-02,23:15:09,22.00,67.30
745,2025-10-02,23:15:29,22.00,67.30
746,2025-10-02,23:15:49,22.00,67.40
747,2025-10-02,23:16:09,22.00,67.50
748,2025-10-02,23:16:29,22.00,67.40
749,2025-10-02,23:16:49,22.00,67.50
750,2025-10-02,23:17:09,22.00,67.40
751,2025-10-02,23:17:29,22.00,67.40
752,2025-10-02,23:17:49,22.00,67.40
753,2025-10-02,23:18:09,22.00,67.30
754,2025-10-02,23:18:29,22.00,67.40
755,2025-10-02,23:18:49,22.00,67.40
756,2025-10-02,23:19:09,22.00,67.50
757,2025-10-02,23:19:29,22.00,67.60
758,2025-10-02,23:19:49,22.00,67.50
759,2025-10-02,23:20:09,22.00,67.50
760,2025-10-02,23:20:29,22.00,67.50
761,2025-10-02,23:20:49,22.00,67.50
762,2025-10-02,23:21:09,22.00,67.50
763,2025-10-02,23:21:29,22.00,67.50
764,2025-10-02,23:21:49,21.90,67.60
765,2025-10-02,23:22:09,21.90,67.60
766,2025-10-02,23:22:29,22.00,67.60
767,2025-10-02,23:22:49,22.00,67.60
768,2025-10-02,23:23:09,22.00,67.50
769,2025-10-02,23:23:29,22.00,67.50
770,2025-10-02,23:23:49,22.00,67.60
771,2025-10-02,23:24:09,22.00,67.70
772,2025-10-02,23:24:29,22.00,67.50
773,2025-10-02,23:24:49,22.00,67.40
774,2025-10-02,23:25:09,22.00,67.40
775,2025-10-02,23:25:29,22.00,67.40
776,2025-10-02,23:25:49,22.00,67.20
777,2025-10-02,23:26:09,22.00,67.20
778,2025-10-02,23:26:29,22.10,67.20
779,2025-10-02,23:26:49,22.10,67.20
780,2025-10-02,23:27:09,22.10,67.20
781,2025-10-02,23:27:29,22.10,67.10
782,2025-10-02,23:27:49,22.10,67.10
783,2025-10-02,23:28:09,22.00,67.00
784,2025-10-02,23:28:29,22.00,67.20
785,2025-10-02,23:28:49,22.00,67.20
786,2025-10-02,23:29:09,22.00,67.20
787,2025-10-02,23:29:29,22.00,67.20
788,2025-10-02,23:29:49,22.00,67.20
789,2025-10-02,23:30:09,22.00,67.10
790,2025-10-02,23:30:29,22.00,67.10
791,2025-10-02,23:30:49,22.00,67.20
792,2025-10-02,23:31:09,22.00,67.20
793,2025-10-02,23:31:29,22.00,67.30
794,2025-10-02,23:31:49,21.90,67.40
795,2025-10-02,23:32:09,22.00,67.50
796,2025-10-02,23:32:29,22.00,67.50
797,2025-10-02,23:32:49,22.00,67.50
798,2025-10-02,23:33:09,21.90,67.40
799,2025-10-02,23:33:29,22.00,67.40
800,2025-10-02,23:33:49,22.00,67.50
801,2025-10-02,23:34:09,22.00,67.50
802,2025-10-02,23:34:29,22.00,67.50
803,2025-10-02,23:34:49,22.00,67.50
804,2025-10-02,23:35:09,22.00,67.40
805,2025-10-02,23:35:29,22.00,67.40
806,2025-10-02,23:35:49,22.00,67.50
807,2025-10-02,23:36:09,22.00,67.50
808,2025-10-02,23:36:29,22.00,67.50
809,2025-10-02,23:36:49,22.00,67.50
810,2025-10-02,23:37:09,21.90,67.40
811,2025-10-02,23:37:29,21.90,67.40
812,2025-10-02,23:37:49,21.90,67.50
813,2025-10-02,23:38:09,21.90,67.60
814,2025-10-02,23:38:29,21.90,67.60
815,2025-10-02,23:38:49,21.90,67.60
816,2025-10-02,23:39:09,21.90,67.70
817,2025-10-02,23:39:29,21.90,67.60
818,2025-10-02,23:39:49,21.90,67.60
819,2025-10-02,23:40:09,21.90,67.50
820,2025-10-02,23:40:29,21.90,67.50
821,2025-10-02,23:40:49,21.90,67.60
822,2025-10-02,23:41:09,21.90,67.50
823,2025-10-02,23:41:29,21.90,67.50
824,2025-10-02,23:41:49,22.00,67.50
825,2025-10-02,23:42:09,22.00,67.50
826,2025-10-02,23:42:29,22.00,67.40
827,2025-10-02,23:42:49,22.00,67.30
828,2025-10-02,23:43:09,22.00,67.30
829,2025-10-02,23:43:29,22.00,67.40
830,2025-10-02,23:43:49,22.00,67.40
831,2025-10-02,23:44:09,22.00,67.30
832,2025-10-02,23:44:29,22.00,67.30
833,2025-10-02,23:44:49,21.90,67.40
834,2025-10-02,23:45:09,22.00,67.30
835,2025-10-02,23:45:29,22.00,67.30
836,2025-10-02,23:45:49,22.00,67.20
837,2025-10-02,23:46:09,22.00,67.30
838,2025-10-02,23:46:29,22.00,67.30
839,2025-10-02,23:46:49,22.00,67.30
840,2025-10-02,23:47:09,22.00,67.30
841,2025-10-02,23:47:29,22.00,67.40
842,2025-10-02,23:47:49,22.00,67.30
843,2025-10-02,23:48:09,22.00,67.30
844,2025-10-02,23:48:29,22.00,67.40
845,2025-10-02,23:48:49,22.00,67.40
846,2025-10-02,23:49:09,22.00,67.40
847,2025-10-02,23:49:29,22.00,67.40
848,2025-10-02,23:49:49,21.90,67.40
849,2025-10-02,23:50:09,22.00,67.40
850,2025-10-02,23:50:29,21.90,67.40
851,2025-10-02,23:50:49,22.00,67.50
852,2025-10-02,23:51:09,22.00,67.50
853,2025-10-02,23:51:29,22.00,67.50
854,2025-10-02,23:51:49,22.00,67.40
855,2025-10-02,23:52:09,21.90,67.40
856,2025-10-02,23:52:29,22.00,67.40
857,2025-10-02,23:52:49,21.90,67.40
858,2025-10-02,23:53:09,21.90,67.40
859,2025-10-02,23:53:29,21.90,67.50
860,2025-10-02,23:53:49,21.90,67.40
861,2025-10-02,23:54:09,21.90,67.40
862,2025-10-02,23:54:29,21.90,67.40
863,2025-10-02,23:54:49,21.90,67.40
864,2025-10-02,23:55:09,21.90,67.50
865,2025-10-02,23:55:29,21.90,67.40
866,2025-10-02,23:55:49,21.90,67.50
867,2025-10-02,23:56:09,21.90,67.50
868,2025-10-02,23:56:29,21.90,67.60
869,2025-10-02,23:56:49,21.90,67.60
870,2025-10-02,23:57:09,21.90,67.60
871,2025-10-02,23:57:29,21.90,67.60
872,2025-10-02,23:57:49,21.90,67.60
873,2025-10-02,23:58:09,21.90,67.60
874,2025-10-02,23:58:29,21.90,67.60
875,2025-10-02,23:58:49,21.90,67.60
876,2025-10-02,23:59:09,21.90,67.50
877,2025-10-02,23:59:29,21.90,67.50
878,2025-10-02,23:59:49,21.90,67.50
879,2025-10-03,00:00:09,21.90,67.40
880,2025-10-03,00:00:29,21.90,67.40
881,2025-10-03,00:00:49,21.90,67.50
882,2025-10-03,00:01:09,21.90,67.50
883,2025-10-03,00:01:29,21.90,67.50
884,2025-10-03,00:01:49,21.90,67.50
885,2025-10-03,00:02:09,21.90,67.50
886,2025-10-03,00:02:29,21.90,67.50
887,2025-10-03,00:02:49,21.90,67.60
888,2025-10-03,00:03:09,21.90,67.60
889,2025-10-03,00:03:29,21.90,67.60
890,2025-10-03,00:03:49,21.90,67.50
891,2025-10-03,00:04:09,21.90,67.40
892,2025-10-03,00:04:29,21.90,67.50
893,2025-10-03,00:04:49,21.90,67.50
894,2025-10-03,00:05:09,21.90,67.50
895,2025-10-03,00:05:29,21.90,67.40
896,2025-10-03,00:05:49,21.90,67.50
897,2025-10-03,00:06:09,21.90,67.40
898,2025-10-03,00:06:29,21.90,67.30
899,2025-10-03,00:06:49,21.90,67.30
900,2025-10-03,00:07:09,21.90,67.40
901,2025-10-03,00:07:29,21.90,67.50
902,2025-10-03,00:07:49,21.90,67.40
903,2025-10-03,00:08:09,21.90,67.50
904,2025-10-03,00:08:29,21.90,67.50
905,2025-10-03,00:08:49,21.90,67.30
906,2025-10-03,00:09:09,21.90,67.40
907,2025-10-03,00:09:29,21.90,67.40
908,2025-10-03,00:09:49,21.90,67.40
909,2025-10-03,00:10:09,21.90,67.50
910,2025-10-03,00:10:29,21.90,67.50
911,2025-10-03,00:10:49,21.90,67.50
912,2025-10-03,00:11:09,21.90,67.40
913,2025-10-03,00:11:29,21.90,67.40
914,2025-10-03,00:11:49,21.90,67.30
915,2025-10-03,00:12:09,21.90,67.40
916,2025-10-03,00:12:29,21.90,67.40
917,2025-10-03,00:12:49,22.00,67.30
918,2025-10-03,00:13:09,22.00,67.30
919,2025-10-03,00:13:29,22.00,67.20
920,2025-10-03,00:13:49,22.00,67.10
921,2025-10-03,00:14:09,22.00,67.10
922,2025-10-03,00:14:29,22.00,67.00
923,2025-10-03,00:14:49,22.00,67.00
924,2025-10-03,00:15:09,22.00,67.00
925,2025-10-03,00:15:29,22.00,66.90
926,2025-10-03,00:15:49,22.00,66.90
927,2025-10-03,00:16:09,22.00,66.90
928,2025-10-03,00:16:29,22.00,66.80
929,2025-10-03,00:16:49,22.00,66.80
930,2025-10-03,00:17:09,22.00,66.90
931,2025-10-03,00:17:29,22.00,66.90
932,2025-10-03,00:17:49,22.00,66.80
933,2025-10-03,00:18:09,22.00,66.80
934,2025-10-03,00:18:29,22.00,66.80
935,2025-10-03,00:18:49,22.00,66.80
936,2025-10-03,00:19:09,22.00,66.80
937,2025-10-03,00:19:29,22.00,66.80
938,2025-10-03,00:19:49,22.00,66.70
939,2025-10-03,00:20:09,22.00,66.70
940,2025-10-03,00:20:29,22.00,66.70
941,2025-10-03,00:20:49,22.00,66.60
942,2025-10-03,00:21:09,22.00,66.70
943,2025-10-03,00:21:29,22.00,66.60
944,2025-10-03,00:21:49,22.00,66.60
945,2025-10-03,00:22:09,22.00,66.60
946,2025-10-03,00:22:29,22.00,66.50
947,2025-10-03,00:22:49,22.00,66.50
948,2025-10-03,00:23:09,22.00,66.60
949,2025-10-03,00:23:29,22.00,66.60
950,2025-10-03,00:23:49,22.00,66.50
951,2025-10-03,00:24:09,22.00,66.60
952,2025-10-03,00:24:29,22.00,66.50
953,2025-10-03,00:24:49,22.00,66.60
954,2025-10-03,00:25:09,22.00,66.60
955,2025-10-03,00:25:29,22.00,66.60
956,2025-10-03,00:25:49,22.00,66.60
957,2025-10-03,00:26:09,22.00,66.60
958,2025-10-03,00:26:29,22.00,66.60
959,2025-10-03,00:26:49,22.00,66.60
960,2025-10-03,00:27:09,22.00,66.60
961,2025-10-03,00:27:29,22.00,66.60
962,2025-10-03,00:27:49,22.00,66.50
963,2025-10-03,00:28:09,22.00,66.40
964,2025-10-03,00:28:29,22.00,66.40
965,2025-10-03,00:28:49,22.00,66.50
966,2025-10-03,00:29:09,22.00,66.50
967,2025-10-03,00:29:29,22.00,66.50
968,2025-10-03,00:29:49,22.00,66.40
969,2025-10-03,00:30:09,22.00,66.40
970,2025-10-03,00:30:29,22.00,66.40
971,2025-10-03,00:30:49,22.00,66.40
972,2025-10-03,00:31:09,22.00,66.30
973,2025-10-03,00:31:29,21.90,66.30
974,2025-10-03,00:31:49,22.00,66.40
975,2025-10-03,00:32:09,21.90,66.40
976,2025-10-03,00:32:29,21.90,66.50
977,2025-10-03,00:32:49,21.90,66.60
978,2025-10-03,00:33:09,21.90,66.70
979,2025-10-03,00:33:29,21.90,66.70
980,2025-10-03,00:33:49,21.90,66.80
981,2025-10-03,00:34:08,21.90,66.90
982,2025-10-03,00:34:28,21.80,66.90
983,2025-10-03,00:34:48,21.80,66.90
984,2025-10-03,00:35:08,21.80,66.90
985,2025-10-03,00:35:28,21.80,66.90
986,2025-10-03,00:35:48,21.80,66.90
987,2025-10-03,00:36:08,21.80,66.90
988,2025-10-03,00:36:28,21.80,66.90
989,2025-10-03,00:36:48,21.80,67.00
990,2025-10-03,00:37:08,21.80,66.90
991,2025-10-03,00:37:28,21.80,66.90
992,2025-10-03,00:37:48,21.80,66.90
993,2025-10-03,00:38:08,21.80,66.90
994,2025-10-03,00:38:28,21.80,66.90
995,2025-10-03,00:38:48,21.80,66.80
996,2025-10-03,00:39:08,21.80,66.70
997,2025-10-03,00:39:28,21.80,66.70
998,2025-10-03,00:39:48,21.80,66.60
999,2025-10-03,00:40:08,21.80,66.50
1000,2025-10-03,00:40:28,21.80,66.50
1001,2025-10-03,00:40:48,21.80,66.50
1002,2025-10-03,00:41:08,21.80,66.40
1003,2025-10-03,00:41:28,21.80,66.40
1004,2025-10-03,00:41:48,21.80,66.50
1005,2025-10-03,00:42:08,21.80,66.50
1006,2025-10-03,00:42:28,21.80,66.40
1007,2025-10-03,00:42:48,21.80,66.40
1008,2025-10-03,00:43:08,21.80,66.40
1009,2025-10-03,00:43:28,21.80,66.30
1010,2025-10-03,00:43:48,21.80,66.50
1011,2025-10-03,00:44:08,21.80,66.60
1012,2025-10-03,00:44:28,21.80,66.60
1013,2025-10-03,00:44:48,21.80,66.50
1014,2025-10-03,00:45:08,21.80,66.40
1015,2025-10-03,00:45:28,21.80,66.40
1016,2025-10-03,00:45:48,21.80,66.40
1017,2025-10-03,00:46:08,21.80,66.40
1018,2025-10-03,00:46:28,21.80,66.40
1019,2025-10-03,00:46:48,21.80,66.40
1020,2025-10-03,00:47:08,21.80,66.30
1021,2025-10-03,00:47:28,21.80,66.40
1022,2025-10-03,00:47:48,21.80,66.40
1023,2025-10-03,00:48:08,21.80,66.50
1024,2025-10-03,00:48:28,21.80,66.60
1025,2025-10-03,00:48:48,21.80,66.50
1026,2025-10-03,00:49:08,21.80,66.60
1027,2025-10-03,00:49:28,21.80,66.60
1028,2025-10-03,00:49:48,21.80,66.50
1029,2025-10-03,00:50:08,21.80,66.60
1030,2025-10-03,00:50:28,21.80,66.60
1031,2025-10-03,00:50:48,21.80,66.60
1032,2025-10-03,00:51:08,21.80,66.60
1033,2025-10-03,00:51:28,21.80,66.60
1034,2025-10-03,00:51:48,21.80,66.60
1035,2025-10-03,00:52:08,21.80,66.50
1036,2025-10-03,00:52:28,21.80,66.50
1037,2025-10-03,00:52:48,21.80,66.50
1038,2025-10-03,00:53:08,21.80,66.40
1039,2025-10-03,00:53:28,21.80,66.50
1040,2025-10-03,00:53:48,21.80,66.50
1041,2025-10-03,00:54:08,21.80,66.60
1042,2025-10-03,00:54:28,21.80,66.60
1043,2025-10-03,00:54:48,21.80,66.60
1044,2025-10-03,00:55:08,21.80,66.70
1045,2025-10-03,00:55:28,21.80,66.60
1046,2025-10-03,00:55:48,21.80,66.60
1047,2025-10-03,00:56:08,21.80,66.60
1048,2025-10-03,00:56:28,21.80,66.60
1049,2025-10-03,00:56:48,21.80,66.60
1050,2025-10-03,00:57:08,21.80,66.70
1051,2025-10-03,00:57:28,21.80,66.70
1052,2025-10-03,00:57:48,21.80,66.60
1053,2025-10-03,00:58:08,21.80,66.70
1054,2025-10-03,00:58:28,21.80,66.70
1055,2025-10-03,00:58:48,21.80,66.70
1056,2025-10-03,00:59:08,21.80,66.70
1057,2025-10-03,00:59:28,21.80,66.70
1058,2025-10-03,00:59:48,21.80,66.70
1059,2025-10-03,01:00:08,21.80,66.60
1060,2025-10-03,01:00:28,21.80,66.70
1061,2025-10-03,01:00:48,21.80,66.70
1062,2025-10-03,01:01:08,21.80,66.70
1063,2025-10-03,01:01:28,21.80,66.70
1064,2025-10-03,01:01:48,21.80,66.70
1065,2025-10-03,01:02:08,21.80,66.70
1066,2025-10-03,01:02:28,21.80,66.70
1067,2025-10-03,01:02:48,21.80,66.70
1068,2025-10-03,01:03:08,21.80,66.70
1069,2025-10-03,01:03:28,21.80,66.70
1070,2025-10-03,01:03:48,21.90,66.80
1071,2025-10-03,01:04:08,21.80,66.80
1072,2025-10-03,01:04:28,21.80,66.80
1073,2025-10-03,01:04:48,21.80,66.80
1074,2025-10-03,01:05:08,21.80,66.90
1075,2025-10-03,01:05:28,21.80,66.90
1076,2025-10-03,01:05:48,21.80,66.90
1077,2025-10-03,01:06:08,21.90,66.90
1078,2025-10-03,01:06:28,21.90,66.80
1079,2025-10-03,01:06:48,21.90,66.80
1080,2025-10-03,01:07:08,21.80,66.80
1081,2025-10-03,01:07:28,21.90,66.80
1082,2025-10-03,01:07:48,21.90,66.70
1083,2025-10-03,01:08:08,21.90,66.70
1084,2025-10-03,01:08:28,21.80,66.80
1085,2025-10-03,01:08:48,21.80,66.80
1086,2025-10-03,01:09:08,21.80,66.80
1087,2025-10-03,01:09:28,21.80,66.80
1088,2025-10-03,01:09:48,21.90,66.90
1089,2025-10-03,01:10:08,21.90,66.90
1090,2025-10-03,01:10:28,21.90,66.90
1091,2025-10-03,01:10:48,21.90,66.90
1092,2025-10-03,01:11:08,21.90,66.90
1093,2025-10-03,01:11:28,21.90,66.80
1094,2025-10-03,01:11:48,21.90,66.80
1095,2025-10-03,01:12:08,21.90,66.80
1096,2025-10-03,01:12:28,21.90,66.80
1097,2025-10-03,01:12:48,21.90,66.70
1098,2025-10-03,01:13:08,21.90,66.60
1099,2025-10-03,01:13:28,21.90,66.60
1100,2025-10-03,01:13:48,21.90,66.60
1101,2025-10-03,01:14:08,21.90,66.50
1102,2025-10-03,01:14:28,21.90,66.60
1103,2025-10-03,01:14:48,21.90,66.60
1104,2025-10-03,01:15:08,21.90,66.60
1105,2025-10-03,01:15:28,21.90,66.60
1106,2025-10-03,01:15:48,21.90,66.60
1107,2025-10-03,01:16:08,21.90,66.80
1108,2025-10-03,01:16:28,21.80,66.70
1109,2025-10-03,01:16:48,21.90,66.80
1110,2025-10-03,01:17:08,21.80,66.80
1111,2025-10-03,01:17:28,21.80,66.80
1112,2025-10-03,01:17:48,21.80,66.90
1113,2025-10-03,01:18:08,21.80,66.80
1114,2025-10-03,01:18:28,21.80,66.90
1115,2025-10-03,01:18:48,21.80,66.90
1116,2025-10-03,01:19:08,21.80,66.90
1117,2025-10-03,01:19:28,21.80,66.90
1118,2025-10-03,01:19:48,21.80,66.80
1119,2025-10-03,01:20:08,21.80,66.80
1120,2025-10-03,01:20:28,21.80,66.80
1121,2025-10-03,01:20:48,21.80,66.80
1122,2025-10-03,01:21:08,21.80,66.90
1123,2025-10-03,01:21:28,21.80,66.80
1124,2025-10-03,01:21:48,21.80,66.80
1125,2025-10-03,01:22:08,21.80,66.90
1126,2025-10-03,01:22:28,21.80,66.80
1127,2025-10-03,01:22:48,21.80,66.90
1128,2025-10-03,01:23:08,21.80,66.90
1129,2025-10-03,01:23:28,21.80,66.90
1130,2025-10-03,01:23:48,21.80,66.90
1131,2025-10-03,01:24:08,21.80,66.90
1132,2025-10-03,01:24:28,21.80,66.80
1133,2025-10-03,01:24:48,21.80,66.90
1134,2025-10-03,01:25:08,21.80,66.90
1135,2025-10-03,01:25:28,21.80,66.80
1136,2025-10-03,01:25:48,21.80,66.90
1137,2025-10-03,01:26:08,21.70,66.90
1138,2025-10-03,01:26:28,21.70,66.90
1139,2025-10-03,01:26:48,21.70,67.00
1140,2025-10-03,01:27:08,21.70,67.00
1141,2025-10-03,01:27:28,21.70,66.90
1142,2025-10-03,01:27:48,21.70,67.00
1143,2025-10-03,01:28:08,21.70,67.10
1144,2025-10-03,01:28:28,21.70,67.10
1145,2025-10-03,01:28:48,21.70,67.10
1146,2025-10-03,01:29:08,21.70,67.10
1147,2025-10-03,01:29:28,21.70,67.10
1148,2025-10-03,01:29:48,21.70,67.10
1149,2025-10-03,01:30:08,21.70,67.00
1150,2025-10-03,01:30:28,21.70,67.10
1151,2025-10-03,01:30:48,21.70,67.20
1152,2025-10-03,01:31:08,21.70,67.10
1153,2025-10-03,01:31:28,21.70,67.20
1154,2025-10-03,01:31:48,21.70,67.20
1155,2025-10-03,01:32:08,21.70,67.30
1156,2025-10-03,01:32:28,21.70,67.30
1157,2025-10-03,01:32:48,21.70,67.30
1158,2025-10-03,01:33:08,21.70,67.30
1159,2025-10-03,01:33:28,21.70,67.40
1160,2025-10-03,01:33:48,21.70,67.30
1161,2025-10-03,01:34:08,21.70,67.30
1162,2025-10-03,01:34:28,21.70,67.20
1163,2025-10-03,01:34:48,21.70,67.20
1164,2025-10-03,01:35:08,21.80,67.20
1165,2025-10-03,01:35:28,21.80,67.10
1166,2025-10-03,01:35:48,21.80,67.00
1167,2025-10-03,01:36:08,21.70,67.00
1168,2025-10-03,01:36:28,21.70,67.10
1169,2025-10-03,01:36:48,21.70,67.30
1170,2025-10-03,01:37:08,21.70,67.20
1171,2025-10-03,01:37:28,21.70,67.20
1172,2025-10-03,01:37:48,21.70,67.20
1173,2025-10-03,01:38:08,21.70,67.20
1174,2025-10-03,01:38:28,21.70,67.30
1175,2025-10-03,01:38:48,21.70,67.30
1176,2025-10-03,01:39:08,21.70,67.30
1177,2025-10-03,01:39:28,21.70,67.20
1178,2025-10-03,01:39:48,21.70,67.20
1179,2025-10-03,01:40:08,21.70,67.20
1180,2025-10-03,01:40:28,21.70,67.20
1181,2025-10-03,01:40:48,21.70,67.20
1182,2025-10-03,01:41:08,21.70,67.30
1183,2025-10-03,01:41:28,21.70,67.40
1184,2025-10-03,01:41:48,21.70,67.40
1185,2025-10-03,01:42:08,21.70,67.40
1186,2025-10-03,01:42:28,21.70,67.50
1187,2025-10-03,01:42:48,21.70,67.40
1188,2025-10-03,01:43:08,21.70,67.40
1189,2025-10-03,01:43:28,21.70,67.30
1190,2025-10-03,01:43:48,21.70,67.40
1191,2025-10-03,01:44:08,21.70,67.40
1192,2025-10-03,01:44:28,21.70,67.40
1193,2025-10-03,01:44:48,21.70,67.40
1194,2025-10-03,01:45:08,21.70,67.40
1195,2025-10-03,01:45:28,21.70,67.40
1196,2025-10-03,01:45:48,21.70,67.50
1197,2025-10-03,01:46:08,21.70,67.60
1198,2025-10-03,01:46:28,21.70,67.50
1199,2025-10-03,01:46:48,21.70,67.50
1200,2025-10-03,01:47:08,21.70,67.60
1201,2025-10-03,01:47:28,21.70,67.60
1202,2025-10-03,01:47:48,21.60,67.50
1203,2025-10-03,01:48:08,21.60,67.60
1204,2025-10-03,01:48:28,21.70,67.70
1205,2025-10-03,01:48:48,21.60,67.70
1206,2025-10-03,01:49:08,21.70,67.60
1207,2025-10-03,01:49:28,21.70,67.60
1208,2025-10-03,01:49:48,21.60,67.60
1209,2025-10-03,01:50:08,21.60,67.60
1210,2025-10-03,01:50:28,21.60,67.70
1211,2025-10-03,01:50:48,21.60,67.70
1212,2025-10-03,01:51:08,21.60,67.70
1213,2025-10-03,01:51:28,21.60,67.80
1214,2025-10-03,01:51:48,21.60,67.80
1215,2025-10-03,01:52:08,21.70,67.80
1216,2025-10-03,01:52:28,21.60,67.80
1217,2025-10-03,01:52:48,21.70,67.90
1218,2025-10-03,01:53:08,21.60,67.90
1219,2025-10-03,01:53:28,21.70,67.80
1220,2025-10-03,01:53:48,21.60,67.90
1221,2025-10-03,01:54:08,21.60,67.90
1222,2025-10-03,01:54:28,21.60,68.00
1223,2025-10-03,01:54:48,21.60,68.00
1224,2025-10-03,01:55:08,21.60,68.00
1225,2025-10-03,01:55:28,21.70,67.90
1226,2025-10-03,01:55:48,21.70,67.90
1227,2025-10-03,01:56:08,21.70,67.90
1228,2025-10-03,01:56:28,21.70,67.80
1229,2025-10-03,01:56:48,21.70,67.80
1230,2025-10-03,01:57:08,21.70,67.80
1231,2025-10-03,01:57:28,21.70,67.90
1232,2025-10-03,01:57:48,21.70,67.90
1233,2025-10-03,01:58:08,21.70,67.90
1234,2025-10-03,01:58:28,21.70,67.90
1235,2025-10-03,01:58:48,21.70,67.90
1236,2025-10-03,01:59:08,21.70,67.90
1237,2025-10-03,01:59:28,21.70,67.90
1238,2025-10-03,01:59:48,21.70,67.90
1239,2025-10-03,02:00:08,21.70,67.90
1240,2025-10-03,02:00:28,21.70,68.00
1241,2025-10-03,02:00:48,21.60,67.90
1242,2025-10-03,02:01:08,21.60,67.90
1243,2025-10-03,02:01:28,21.60,68.00
1244,2025-10-03,02:01:48,21.60,68.00
1245,2025-10-03,02:02:08,21.70,68.00
1246,2025-10-03,02:02:28,21.70,68.00
1247,2025-10-03,02:02:48,21.70,68.00
1248,2025-10-03,02:03:08,21.70,68.00
1249,2025-10-03,02:03:28,21.70,68.00
1250,2025-10-03,02:03:48,21.70,68.00
1251,2025-10-03,02:04:08,21.70,68.00
1252,2025-10-03,02:04:28,21.70,68.00
1253,2025-10-03,02:04:48,21.70,68.00
1254,2025-10-03,02:05:08,21.70,68.00
1255,2025-10-03,02:05:28,21.70,68.00
1256,2025-10-03,02:05:48,21.70,68.00
1257,2025-10-03,02:06:08,21.70,68.00
1258,2025-10-03,02:06:28,21.60,68.00
1259,2025-10-03,02:06:48,21.70,68.00
1260,2025-10-03,02:07:08,21.60,68.10
1261,2025-10-03,02:07:27,21.60,68.10
1262,2025-10-03,02:07:47,21.60,68.20
1263,2025-10-03,02:08:07,21.60,68.10
1264,2025-10-03,02:08:27,21.60,68.10
1265,2025-10-03,02:08:47,21.60,68.20
1266,2025-10-03,02:09:07,21.70,68.20
1267,2025-10-03,02:09:27,21.60,68.20
1268,2025-10-03,02:09:47,21.60,68.10
1269,2025-10-03,02:10:07,21.60,68.10
1270,2025-10-03,02:10:27,21.70,68.10
1271,2025-10-03,02:10:47,21.70,68.00
1272,2025-10-03,02:11:07,21.70,68.00
1273,2025-10-03,02:11:27,21.70,68.10
1274,2025-10-03,02:11:47,21.70,68.10
1275,2025-10-03,02:12:07,21.70,68.10
1276,2025-10-03,02:12:27,21.70,68.00
1277,2025-10-03,02:12:47,21.70,68.00
1278,2025-10-03,02:13:07,21.70,68.10
1279,2025-10-03,02:13:27,21.70,68.10
1280,2025-10-03,02:13:47,21.60,68.20
1281,2025-10-03,02:14:07,21.70,68.20
1282,2025-10-03,02:14:27,21.70,68.20
1283,2025-10-03,02:14:47,21.70,68.20
1284,2025-10-03,02:15:07,21.70,68.20
1285,2025-10-03,02:15:27,21.60,68.20
1286,2025-10-03,02:15:47,21.60,68.30
1287,2025-10-03,02:16:07,21.60,68.30
1288,2025-10-03,02:16:27,21.60,68.30
1289,2025-10-03,02:16:47,21.60,68.30
1290,2025-10-03,02:17:07,21.60,68.40
1291,2025-10-03,02:17:27,21.60,68.40
1292,2025-10-03,02:17:47,21.60,68.50
1293,2025-10-03,02:18:07,21.60,68.50
1294,2025-10-03,02:18:27,21.60,68.60
1295,2025-10-03,02:18:47,21.60,68.50
1296,2025-10-03,02:19:07,21.60,68.60
1297,2025-10-03,02:19:27,21.60,68.70
1298,2025-10-03,02:19:47,21.60,68.60
1299,2025-10-03,02:20:07,21.60,68.60
1300,2025-10-03,02:20:27,21.60,68.60
1301,2025-10-03,02:20:47,21.50,68.70
1302,2025-10-03,02:21:07,21.50,68.90
1303,2025-10-03,02:21:27,21.50,68.90
1304,2025-10-03,02:21:47,21.50,68.90
1305,2025-10-03,02:22:07,21.50,68.90
1306,2025-10-03,02:22:27,21.50,68.90
1307,2025-10-03,02:22:47,21.50,68.90
1308,2025-10-03,02:23:07,21.50,68.80
1309,2025-10-03,02:23:27,21.50,68.80
1310,2025-10-03,02:23:47,21.50,68.70
1311,2025-10-03,02:24:07,21.50,68.70
1312,2025-10-03,02:24:27,21.50,68.80
1313,2025-10-03,02:24:47,21.50,68.80
1314,2025-10-03,02:25:07,21.50,68.90
1315,2025-10-03,02:25:27,21.50,69.00
1316,2025-10-03,02:25:47,21.50,68.90
1317,2025-10-03,02:26:07,21.50,69.00
1318,2025-10-03,02:26:27,21.50,69.00
1319,2025-10-03,02:26:47,21.50,69.00
1320,2025-10-03,02:27:07,21.50,69.10
1321,2025-10-03,02:27:27,21.50,69.00
1322,2025-10-03,02:27:47,21.50,69.00
1323,2025-10-03,02:28:07,21.50,69.00
1324,2025-10-03,02:28:27,21.50,69.10
1325,2025-10-03,02:28:47,21.50,69.20
1326,2025-10-03,02:29:07,21.40,69.30
1327,2025-10-03,02:29:27,21.40,69.30
1328,2025-10-03,02:29:47,21.40,69.30
1329,2025-10-03,02:30:07,21.40,69.30
1330,2025-10-03,02:30:27,21.50,69.30
1331,2025-10-03,02:30:47,21.50,69.20
1332,2025-10-03,02:31:07,21.50,69.20
1333,2025-10-03,02:31:27,21.50,69.20
1334,2025-10-03,02:31:47,21.40,69.10
1335,2025-10-03,02:32:07,21.50,69.20
1336,2025-10-03,02:32:27,21.50,69.20
1337,2025-10-03,02:32:47,21.50,69.20
1338,2025-10-03,02:33:07,21.50,69.10
1339,2025-10-03,02:33:27,21.50,69.10
1340,2025-10-03,02:33:47,21.50,69.00
1341,2025-10-03,02:34:07,21.50,69.00
1342,2025-10-03,02:34:27,21.50,69.10
1343,2025-10-03,02:34:47,21.50,69.00
1344,2025-10-03,02:35:07,21.50,69.20
1345,2025-10-03,02:35:27,21.50,69.10
1346,2025-10-03,02:35:47,21.50,69.10
1347,2025-10-03,02:36:07,21.60,69.10
1348,2025-10-03,02:36:27,21.50,69.00
1349,2025-10-03,02:36:47,21.60,69.00
1350,2025-10-03,02:37:07,21.60,69.10
1351,2025-10-03,02:37:27,21.60,69.10
1352,2025-10-03,02:37:47,21.50,69.00
1353,2025-10-03,02:38:07,21.60,69.10
1354,2025-10-03,02:38:27,21.60,69.10
1355,2025-10-03,02:38:47,21.50,69.10
1356,2025-10-03,02:39:07,21.50,69.10
1357,2025-10-03,02:39:27,21.50,69.10
1358,2025-10-03,02:39:47,21.50,69.20
1359,2025-10-03,02:40:07,21.50,69.20
1360,2025-10-03,02:40:27,21.60,69.30
1361,2025-10-03,02:40:47,21.60,69.20
1362,2025-10-03,02:41:07,21.60,69.20
1363,2025-10-03,02:41:27,21.60,69.10
1364,2025-10-03,02:41:47,21.60,69.20
1365,2025-10-03,02:42:07,21.60,69.10
1366,2025-10-03,02:42:27,21.60,69.00
1367,2025-10-03,02:42:47,21.60,69.10
1368,2025-10-03,02:43:07,21.60,69.00
1369,2025-10-03,02:43:27,21.60,69.00
1370,2025-10-03,02:43:47,21.60,69.10
1371,2025-10-03,02:44:07,21.60,69.10
1372,2025-10-03,02:44:27,21.60,69.00
1373,2025-10-03,02:44:47,21.60,69.10
1374,2025-10-03,02:45:07,21.60,69.10
1375,2025-10-03,02:45:27,21.60,69.00
1376,2025-10-03,02:45:47,21.60,69.00
1377,2025-10-03,02:46:07,21.60,69.10
1378,2025-10-03,02:46:27,21.60,69.10
1379,2025-10-03,02:46:47,21.60,69.10
1380,2025-10-03,02:47:07,21.60,69.10
1381,2025-10-03,02:47:27,21.60,69.10
1382,2025-10-03,02:47:47,21.60,69.10
1383,2025-10-03,02:48:07,21.60,69.10
1384,2025-10-03,02:48:27,21.60,69.10
1385,2025-10-03,02:48:47,21.60,69.20
1386,2025-10-03,02:49:07,21.60,69.10
1387,2025-10-03,02:49:27,21.60,69.10
1388,2025-10-03,02:49:47,21.60,69.20
1389,2025-10-03,02:50:07,21.60,69.30
1390,2025-10-03,02:50:27,21.50,69.30
1391,2025-10-03,02:50:47,21.50,69.30
1392,2025-10-03,02:51:07,21.50,69.30
1393,2025-10-03,02:51:27,21.60,69.30
1394,2025-10-03,02:51:47,21.60,69.30
1395,2025-10-03,02:52:07,21.60,69.30
1396,2025-10-03,02:52:27,21.60,69.30
1397,2025-10-03,02:52:47,21.60,69.30
1398,2025-10-03,02:53:07,21.60,69.40
1399,2025-10-03,02:53:27,21.60,69.40
1400,2025-10-03,02:53:47,21.60,69.50
1401,2025-10-03,02:54:07,21.50,69.50
1402,2025-10-03,02:54:27,21.50,69.40
1403,2025-10-03,02:54:47,21.60,69.50
1404,2025-10-03,02:55:07,21.60,69.50
1405,2025-10-03,02:55:27,21.60,69.40
1406,2025-10-03,02:55:47,21.60,69.50
1407,2025-10-03,02:56:07,21.60,69.30
1408,2025-10-03,02:56:27,21.60,69.40
1409,2025-10-03,02:56:47,21.60,69.40
1410,2025-10-03,02:57:07,21.60,69.30
1411,2025-10-03,02:57:27,21.60,69.30
1412,2025-10-03,02:57:47,21.60,69.30
1413,2025-10-03,02:58:07,21.60,69.30
1414,2025-10-03,02:58:27,21.60,69.20
1415,2025-10-03,02:58:47,21.60,69.20
1416,2025-10-03,02:59:07,21.60,69.30
1417,2025-10-03,02:59:27,21.60,69.30
1418,2025-10-03,02:59:47,21.60,69.20
1419,2025-10-03,03:00:07,21.60,69.10
1420,2025-10-03,03:00:27,21.60,69.20
1421,2025-10-03,03:00:47,21.60,69.30
1422,2025-10-03,03:01:07,21.60,69.30
1423,2025-10-03,03:01:27,21.60,69.40
1424,2025-10-03,03:01:47,21.60,69.50
1425,2025-10-03,03:02:07,21.60,69.50
1426,2025-10-03,03:02:27,21.60,69.60
1427,2025-10-03,03:02:47,21.60,69.50
1428,2025-10-03,03:03:07,21.60,69.50
1429,2025-10-03,03:03:27,21.60,69.50
1430,2025-10-03,03:03:47,21.60,69.50
1431,2025-10-03,03:04:07,21.60,69.60
1432,2025-10-03,03:04:27,21.60,69.60
1433,2025-10-03,03:04:47,21.60,69.60
1434,2025-10-03,03:05:07,21.60,69.50
1435,2025-10-03,03:05:27,21.60,69.50
1436,2025-10-03,03:05:47,21.60,69.40
1437,2025-10-03,03:06:07,21.60,69.50
1438,2025-10-03,03:06:27,21.60,69.50
1439,2025-10-03,03:06:47,21.60,69.50
1440,2025-10-03,03:07:07,21.60,69.50
1441,2025-10-03,03:07:27,21.60,69.50
1442,2025-10-03,03:07:47,21.50,69.50
1443,2025-10-03,03:08:07,21.60,69.50
1444,2025-10-03,03:08:27,21.50,69.60
1445,2025-10-03,03:08:47,21.50,69.60
1446,2025-10-03,03:09:07,21.50,69.60
1447,2025-10-03,03:09:27,21.50,69.70
1448,2025-10-03,03:09:47,21.50,69.70
1449,2025-10-03,03:10:07,21.50,69.60
1450,2025-10-03,03:10:27,21.50,69.50
1451,2025-10-03,03:10:47,21.50,69.60
1452,2025-10-03,03:11:07,21.50,69.50
1453,2025-10-03,03:11:27,21.50,69.50
1454,2025-10-03,03:11:47,21.50,69.60
1455,2025-10-03,03:12:07,21.50,69.60
1456,2025-10-03,03:12:27,21.50,69.70
1457,2025-10-03,03:12:47,21.50,69.70
1458,2025-10-03,03:13:07,21.50,69.70
1459,2025-10-03,03:13:27,21.50,69.70
1460,2025-10-03,03:13:47,21.50,69.70
1461,2025-10-03,03:14:07,21.50,69.60
1462,2025-10-03,03:14:27,21.60,69.50
1463,2025-10-03,03:14:47,21.60,69.50
1464,2025-10-03,03:15:07,21.50,69.50
1465,2025-10-03,03:15:27,21.60,69.50
1466,2025-10-03,03:15:47,21.60,69.50
1467,2025-10-03,03:16:07,21.50,69.50
1468,2025-10-03,03:16:27,21.50,69.50
1469,2025-10-03,03:16:47,21.50,69.50
1470,2025-10-03,03:17:07,21.60,69.50
1471,2025-10-03,03:17:27,21.50,69.40
1472,2025-10-03,03:17:47,21.50,69.40
1473,2025-10-03,03:18:07,21.50,69.50
1474,2025-10-03,03:18:27,21.50,69.50
1475,2025-10-03,03:18:47,21.50,69.50
1476,2025-10-03,03:19:07,21.50,69.50
1477,2025-10-03,03:19:27,21.50,69.60
1478,2025-10-03,03:19:47,21.50,69.60
1479,2025-10-03,03:20:07,21.50,69.60
1480,2025-10-03,03:20:27,21.50,69.60
1481,2025-10-03,03:20:47,21.50,69.60
1482,2025-10-03,03:21:07,21.50,69.50
1483,2025-10-03,03:21:27,21.50,69.50
1484,2025-10-03,03:21:47,21.50,69.60
1485,2025-10-03,03:22:07,21.50,69.60
1486,2025-10-03,03:22:27,21.50,69.70
1487,2025-10-03,03:22:47,21.40,69.70
1488,2025-10-03,03:23:07,21.50,69.90
1489,2025-10-03,03:23:27,21.40,69.90
1490,2025-10-03,03:23:47,21.40,70.00
1491,2025-10-03,03:24:07,21.40,70.10
1492,2025-10-03,03:24:27,21.40,70.10
1493,2025-10-03,03:24:47,21.40,70.10
1494,2025-10-03,03:25:07,21.40,70.10
1495,2025-10-03,03:25:27,21.40,70.00
1496,2025-10-03,03:25:47,21.40,70.00
1497,2025-10-03,03:26:07,21.40,70.00
1498,2025-10-03,03:26:27,21.40,70.00
1499,2025-10-03,03:26:47,21.40,70.00
1500,2025-10-03,03:27:07,21.40,69.90
1501,2025-10-03,03:27:27,21.40,69.90
1502,2025-10-03,03:27:47,21.40,70.00
1503,2025-10-03,03:28:07,21.40,70.00
1504,2025-10-03,03:28:27,21.40,70.00
1505,2025-10-03,03:28:47,21.40,69.90
1506,2025-10-03,03:29:07,21.40,69.90
1507,2025-10-03,03:29:27,21.40,69.90
1508,2025-10-03,03:29:47,21.40,69.90
1509,2025-10-03,03:30:07,21.40,69.90
1510,2025-10-03,03:30:27,21.40,69.90
1511,2025-10-03,03:30:47,21.40,69.90
1512,2025-10-03,03:31:07,21.40,69.90
1513,2025-10-03,03:31:27,21.40,69.90
1514,2025-10-03,03:31:47,21.40,69.90
1515,2025-10-03,03:32:07,21.50,69.90
1516,2025-10-03,03:32:27,21.50,69.80
1517,2025-10-03,03:32:47,21.50,69.80
1518,2025-10-03,03:33:07,21.50,69.80
1519,2025-10-03,03:33:27,21.50,69.80
1520,2025-10-03,03:33:47,21.40,69.90
1521,2025-10-03,03:34:07,21.50,69.90
1522,2025-10-03,03:34:27,21.50,69.90
1523,2025-10-03,03:34:47,21.40,69.90
1524,2025-10-03,03:35:07,21.50,69.80
1525,2025-10-03,03:35:27,21.50,69.70
1526,2025-10-03,03:35:47,21.50,69.90
1527,2025-10-03,03:36:07,21.40,69.90
1528,2025-10-03,03:36:26,21.50,69.80
1529,2025-10-03,03:36:46,21.50,69.80
1530,2025-10-03,03:37:06,21.50,69.80
1531,2025-10-03,03:37:26,21.50,69.90
1532,2025-10-03,03:37:46,21.40,69.90
1533,2025-10-03,03:38:06,21.50,69.80
1534,2025-10-03,03:38:26,21.50,69.80
1535,2025-10-03,03:38:46,21.50,69.80
1536,2025-10-03,03:39:06,21.40,69.80
1537,2025-10-03,03:39:26,21.40,69.80
1538,2025-10-03,03:39:46,21.50,69.80
1539,2025-10-03,03:40:06,21.50,69.80
1540,2025-10-03,03:40:26,21.40,69.80
1541,2025-10-03,03:40:46,21.40,69.80
1542,2025-10-03,03:41:06,21.40,69.80
1543,2025-10-03,03:41:26,21.50,69.80
1544,2025-10-03,03:41:46,21.50,69.80
1545,2025-10-03,03:42:06,21.50,69.70
1546,2025-10-03,03:42:26,21.50,69.70
1547,2025-10-03,03:42:46,21.50,69.70
1548,2025-10-03,03:43:06,21.40,69.70
1549,2025-10-03,03:43:26,21.40,69.70
1550,2025-10-03,03:43:46,21.40,69.70
1551,2025-10-03,03:44:06,21.50,69.80
1552,2025-10-03,03:44:26,21.50,69.70
1553,2025-10-03,03:44:46,21.40,69.80
1554,2025-10-03,03:45:06,21.40,69.70
1555,2025-10-03,03:45:26,21.50,69.70
1556,2025-10-03,03:45:46,21.40,69.70
1557,2025-10-03,03:46:06,21.40,69.70
1558,2025-10-03,03:46:26,21.50,69.70
1559,2025-10-03,03:46:46,21.50,69.80
1560,2025-10-03,03:47:06,21.50,69.70
1561,2025-10-03,03:47:26,21.40,69.80
1562,2025-10-03,03:47:46,21.40,69.70
1563,2025-10-03,03:48:06,21.50,69.80
1564,2025-10-03,03:48:26,21.40,69.80
1565,2025-10-03,03:48:46,21.40,69.80
1566,2025-10-03,03:49:06,21.40,69.90
1567,2025-10-03,03:49:26,21.40,69.90
1568,2025-10-03,03:49:46,21.40,69.90
1569,2025-10-03,03:50:06,21.40,69.90
1570,2025-10-03,03:50:26,21.40,70.00
1571,2025-10-03,03:50:46,21.40,70.00
1572,2025-10-03,03:51:06,21.40,70.00
1573,2025-10-03,03:51:26,21.40,70.00
1574,2025-10-03,03:51:46,21.40,70.00
1575,2025-10-03,03:52:06,21.40,70.00
1576,2025-10-03,03:52:26,21.40,70.00
1577,2025-10-03,03:52:46,21.40,70.00
1578,2025-10-03,03:53:06,21.40,70.00
1579,2025-10-03,03:53:26,21.40,70.00
1580,2025-10-03,03:53:46,21.50,70.00
1581,2025-10-03,03:54:06,21.50,69.90
1582,2025-10-03,03:54:26,21.50,69.90
1583,2025-10-03,03:54:46,21.50,69.90
1584,2025-10-03,03:55:06,21.50,69.80
1585,2025-10-03,03:55:26,21.50,69.80
1586,2025-10-03,03:55:46,21.50,69.70
1587,2025-10-03,03:56:06,21.50,69.80
1588,2025-10-03,03:56:26,21.50,69.80
1589,2025-10-03,03:56:46,21.50,69.80
1590,2025-10-03,03:57:06,21.50,69.80
1591,2025-10-03,03:57:26,21.50,69.80
1592,2025-10-03,03:57:46,21.50,69.80
1593,2025-10-03,03:58:06,21.50,69.80
1594,2025-10-03,03:58:26,21.50,69.80
1595,2025-10-03,03:58:46,21.50,69.80
1596,2025-10-03,03:59:06,21.50,69.90
1597,2025-10-03,03:59:26,21.40,69.90
1598,2025-10-03,03:59:46,21.50,69.90
1599,2025-10-03,04:00:06,21.40,69.90
1600,2025-10-03,04:00:26,21.50,69.80
1601,2025-10-03,04:00:46,21.40,69.80
1602,2025-10-03,04:01:06,21.40,69.90
1603,2025-10-03,04:01:26,21.40,69.90
1604,2025-10-03,04:01:46,21.40,69.90
1605,2025-10-03,04:02:06,21.50,69.90
1606,2025-10-03,04:02:26,21.50,70.00
1607,2025-10-03,04:02:46,21.40,69.90
1608,2025-10-03,04:03:06,21.40,70.00
1609,2025-10-03,04:03:26,21.40,70.10
1610,2025-10-03,04:03:46,21.50,70.00
1611,2025-10-03,04:04:06,21.40,69.90
1612,2025-10-03,04:04:26,21.40,70.00
1613,2025-10-03,04:04:46,21.40,70.00
1614,2025-10-03,04:05:06,21.40,70.10
1615,2025-10-03,04:05:26,21.40,70.00
1616,2025-10-03,04:05:46,21.40,70.10
1617,2025-10-03,04:06:06,21.40,70.00
1618,2025-10-03,04:06:26,21.40,70.00
1619,2025-10-03,04:06:46,21.40,70.00
1620,2025-10-03,04:07:06,21.40,70.00
1621,2025-10-03,04:07:26,21.40,69.90
1622,2025-10-03,04:07:46,21.40,69.90
1623,2025-10-03,04:08:06,21.40,69.90
1624,2025-10-03,04:08:26,21.40,69.90
1625,2025-10-03,04:08:46,21.40,69.80
1626,2025-10-03,04:09:06,21.40,69.80
1627,2025-10-03,04:09:26,21.40,69.80
1628,2025-10-03,04:09:46,21.40,69.90
1629,2025-10-03,04:10:06,21.40,69.90
1630,2025-10-03,04:10:26,21.40,69.90
1631,2025-10-03,04:10:46,21.40,69.90
1632,2025-10-03,04:11:06,21.40,69.90
1633,2025-10-03,04:11:26,21.40,69.90
1634,2025-10-03,04:11:46,21.40,69.80
1635,2025-10-03,04:12:06,21.40,69.90
1636,2025-10-03,04:12:26,21.40,70.00
1637,2025-10-03,04:12:46,21.40,69.90
1638,2025-10-03,04:13:06,21.40,69.90
1639,2025-10-03,04:13:26,21.40,69.90
1640,2025-10-03,04:13:46,21.40,70.00
1641,2025-10-03,04:14:06,21.40,70.00
1642,2025-10-03,04:14:26,21.40,69.90
1643,2025-10-03,04:14:46,21.40,70.00
1644,2025-10-03,04:15:06,21.40,69.90
1645,2025-10-03,04:15:26,21.40,69.90
1646,2025-10-03,04:15:46,21.40,70.00
1647,2025-10-03,04:16:06,21.40,70.00
1648,2025-10-03,04:16:26,21.40,70.10
1649,2025-10-03,04:16:46,21.40,70.10
1650,2025-10-03,04:17:06,21.40,70.10
1651,2025-10-03,04:17:26,21.40,70.10
1652,2025-10-03,04:17:46,21.40,70.00
1653,2025-10-03,04:18:06,21.40,70.10
1654,2025-10-03,04:18:26,21.30,70.20
1655,2025-10-03,04:18:46,21.30,70.30
1656,2025-10-03,04:19:06,21.40,70.30
1657,2025-10-03,04:19:26,21.30,70.30
1658,2025-10-03,04:19:46,21.30,70.30
1659,2025-10-03,04:20:06,21.30,70.30
1660,2025-10-03,04:20:26,21.30,70.30
1661,2025-10-03,04:20:46,21.30,70.40
1662,2025-10-03,04:21:06,21.30,70.50
1663,2025-10-03,04:21:26,21.30,70.50
1664,2025-10-03,04:21:46,21.30,70.40
1665,2025-10-03,04:22:06,21.30,70.40
1666,2025-10-03,04:22:26,21.30,70.40
1667,2025-10-03,04:22:46,21.30,70.40
1668,2025-10-03,04:23:06,21.30,70.50
1669,2025-10-03,04:23:26,21.30,70.30
1670,2025-10-03,04:23:46,21.30,70.40
1671,2025-10-03,04:24:06,21.30,70.50
1672,2025-10-03,04:24:26,21.30,70.50
1673,2025-10-03,04:24:46,21.30,70.60
1674,2025-10-03,04:25:06,21.30,70.60
1675,2025-10-03,04:25:26,21.30,70.60
1676,2025-10-03,04:25:46,21.30,70.70
1677,2025-10-03,04:26:06,21.30,70.60
1678,2025-10-03,04:26:26,21.30,70.60
1679,2025-10-03,04:26:46,21.30,70.70
1680,2025-10-03,04:27:06,21.30,70.80
1681,2025-10-03,04:27:26,21.30,70.90
1682,2025-10-03,04:27:46,21.30,70.90
1683,2025-10-03,04:28:06,21.30,71.00
1684,2025-10-03,04:28:26,21.30,71.00
1685,2025-10-03,04:28:46,21.30,71.10
1686,2025-10-03,04:29:06,21.20,71.10
1687,2025-10-03,04:29:26,21.20,71.00
1688,2025-10-03,04:29:46,21.20,71.00
1689,2025-10-03,04:30:06,21.20,71.10
1690,2025-10-03,04:30:26,21.20,71.10
1691,2025-10-03,04:30:46,21.20,71.00
1692,2025-10-03,04:31:06,21.20,71.00
1693,2025-10-03,04:31:26,21.20,71.10
1694,2025-10-03,04:31:46,21.20,71.10
1695,2025-10-03,04:32:06,21.20,71.10
1696,2025-10-03,04:32:26,21.20,71.00
1697,2025-10-03,04:32:46,21.20,71.00
1698,2025-10-03,04:33:06,21.20,71.00
1699,2025-10-03,04:33:26,21.20,71.00
1700,2025-10-03,04:33:46,21.20,71.10
1701,2025-10-03,04:34:06,21.20,71.20
1702,2025-10-03,04:34:26,21.20,71.20
1703,2025-10-03,04:34:46,21.20,71.20
1704,2025-10-03,04:35:06,21.20,71.10
1705,2025-10-03,04:35:26,21.20,71.10
1706,2025-10-03,04:35:46,21.20,71.00
1707,2025-10-03,04:36:06,21.20,70.90
1708,2025-10-03,04:36:26,21.20,70.90
1709,2025-10-03,04:36:46,21.30,70.90
1710,2025-10-03,04:37:06,21.30,70.90
1711,2025-10-03,04:37:26,21.30,70.90
1712,2025-10-03,04:37:46,21.30,70.90
1713,2025-10-03,04:38:06,21.30,70.90
1714,2025-10-03,04:38:26,21.30,70.90
1715,2025-10-03,04:38:46,21.30,70.80
1716,2025-10-03,04:39:06,21.30,70.80
1717,2025-10-03,04:39:26,21.30,70.90
1718,2025-10-03,04:39:46,21.30,70.80
1719,2025-10-03,04:40:06,21.30,70.80
1720,2025-10-03,04:40:26,21.30,70.80
1721,2025-10-03,04:40:46,21.30,70.80
1722,2025-10-03,04:41:06,21.30,70.70
1723,2025-10-03,04:41:26,21.30,70.80
1724,2025-10-03,04:41:46,21.30,70.70
1725,2025-10-03,04:42:06,21.30,70.70
1726,2025-10-03,04:42:26,21.30,70.70
1727,2025-10-03,04:42:46,21.30,70.70
1728,2025-10-03,04:43:06,21.30,70.70
1729,2025-10-03,04:43:26,21.30,70.80
1730,2025-10-03,04:43:46,21.20,70.80
1731,2025-10-03,04:44:06,21.30,70.80
1732,2025-10-03,04:44:26,21.30,70.80
1733,2025-10-03,04:44:46,21.30,70.80
1734,2025-10-03,04:45:06,21.30,70.90
1735,2025-10-03,04:45:26,21.30,70.80
1736,2025-10-03,04:45:46,21.30,70.80
1737,2025-10-03,04:46:06,21.30,70.80
1738,2025-10-03,04:46:26,21.40,70.80
1739,2025-10-03,04:46:46,21.30,70.70
1740,2025-10-03,04:47:06,21.30,70.70
1741,2025-10-03,04:47:26,21.40,70.70
1742,2025-10-03,04:47:46,21.30,70.70
1743,2025-10-03,04:48:06,21.30,70.70
1744,2025-10-03,04:48:26,21.40,70.70
1745,2025-10-03,04:48:46,21.30,70.70
1746,2025-10-03,04:49:06,21.40,70.70
1747,2025-10-03,04:49:26,21.30,70.70
1748,2025-10-03,04:49:46,21.40,70.70
1749,2025-10-03,04:50:06,21.30,70.70
1750,2025-10-03,04:50:26,21.40,70.70
1751,2025-10-03,04:50:46,21.30,70.70
1752,2025-10-03,04:51:06,21.30,70.70
1753,2025-10-03,04:51:26,21.30,70.70
1754,2025-10-03,04:51:46,21.30,70.70
1755,2025-10-03,04:52:06,21.30,70.80
1756,2025-10-03,04:52:26,21.30,70.80
1757,2025-10-03,04:52:46,21.30,71.00
1758,2025-10-03,04:53:06,21.30,71.10
1759,2025-10-03,04:53:26,21.30,71.20
1760,2025-10-03,04:53:46,21.30,71.10
1761,2025-10-03,04:54:06,21.30,71.10
1762,2025-10-03,04:54:26,21.30,71.10
1763,2025-10-03,04:54:46,21.30,71.20
1764,2025-10-03,04:55:06,21.20,71.30
1765,2025-10-03,04:55:26,21.20,71.20
1766,2025-10-03,04:55:46,21.30,71.10
1767,2025-10-03,04:56:06,21.30,71.10
1768,2025-10-03,04:56:26,21.30,71.20
1769,2025-10-03,04:56:46,21.30,71.10
1770,2025-10-03,04:57:06,21.30,71.00
1771,2025-10-03,04:57:26,21.30,71.00
1772,2025-10-03,04:57:46,21.30,71.00
1773,2025-10-03,04:58:06,21.30,71.10
1774,2025-10-03,04:58:26,21.30,71.00
1775,2025-10-03,04:58:46,21.30,71.00
1776,2025-10-03,04:59:06,21.30,71.00
1777,2025-10-03,04:59:26,21.30,71.00
1778,2025-10-03,04:59:46,21.30,71.10
1779,2025-10-03,05:00:06,21.30,71.10
1780,2025-10-03,05:00:26,21.30,71.00
1781,2025-10-03,05:00:46,21.30,71.00
1782,2025-10-03,05:01:06,21.30,71.00
1783,2025-10-03,05:01:26,21.30,71.00
1784,2025-10-03,05:01:46,21.30,70.90
1785,2025-10-03,05:02:06,21.30,70.90
1786,2025-10-03,05:02:26,21.30,71.10
1787,2025-10-03,05:02:46,21.30,71.20
1788,2025-10-03,05:03:06,21.30,71.20
1789,2025-10-03,05:03:26,21.30,71.30
1790,2025-10-03,05:03:46,21.20,71.20
1791,2025-10-03,05:04:06,21.30,71.30
1792,2025-10-03,05:04:26,21.30,71.30
1793,2025-10-03,05:04:46,21.30,71.40
1794,2025-10-03,05:05:06,21.30,71.30
1795,2025-10-03,05:05:26,21.30,71.30
1796,2025-10-03,05:05:46,21.30,71.30
1797,2025-10-03,05:06:06,21.30,71.10
1798,2025-10-03,05:06:26,21.30,71.10
1799,2025-10-03,05:06:46,21.30,70.90
1800,2025-10-03,05:07:05,21.30,71.00
1801,2025-10-03,05:07:25,21.30,70.90
1802,2025-10-03,05:07:45,21.30,70.90
1803,2025-10-03,05:08:05,21.30,70.90
1804,2025-10-03,05:08:25,21.30,70.90
1805,2025-10-03,05:08:45,21.30,71.00
1806,2025-10-03,05:09:05,21.30,71.10
1807,2025-10-03,05:09:25,21.30,71.00
1808,2025-10-03,05:09:45,21.30,71.00
1809,2025-10-03,05:10:05,21.30,71.10
1810,2025-10-03,05:10:25,21.30,71.00
1811,2025-10-03,05:10:45,21.30,71.00
1812,2025-10-03,05:11:05,21.30,70.90
1813,2025-10-03,05:11:25,21.30,70.90
1814,2025-10-03,05:11:45,21.30,70.80
1815,2025-10-03,05:12:05,21.30,70.80
1816,2025-10-03,05:12:25,21.30,70.90
1817,2025-10-03,05:12:45,21.30,70.80
1818,2025-10-03,05:13:05,21.30,70.90
1819,2025-10-03,05:13:25,21.30,70.90
1820,2025-10-03,05:13:45,21.30,70.90
1821,2025-10-03,05:14:05,21.30,71.00
1822,2025-10-03,05:14:25,21.30,71.00
1823,2025-10-03,05:14:45,21.30,71.00
1824,2025-10-03,05:15:05,21.30,71.00
1825,2025-10-03,05:15:25,21.30,71.00
1826,2025-10-03,05:15:45,21.30,70.90
1827,2025-10-03,05:16:05,21.30,71.00
1828,2025-10-03,05:16:25,21.30,71.00
1829,2025-10-03,05:16:45,21.30,71.00
1830,2025-10-03,05:17:05,21.30,71.00
1831,2025-10-03,05:17:25,21.30,71.00
1832,2025-10-03,05:17:45,21.40,71.00
1833,2025-10-03,05:18:05,21.40,70.90
1834,2025-10-03,05:18:25,21.30,70.80
1835,2025-10-03,05:18:45,21.40,70.80
1836,2025-10-03,05:19:05,21.40,70.80
1837,2025-10-03,05:19:25,21.30,70.80
1838,2025-10-03,05:19:45,21.40,70.80
1839,2025-10-03,05:20:05,21.40,70.80
1840,2025-10-03,05:20:25,21.30,70.80
1841,2025-10-03,05:20:45,21.30,70.80
1842,2025-10-03,05:21:05,21.30,70.80
1843,2025-10-03,05:21:25,21.30,70.80
1844,2025-10-03,05:21:45,21.30,70.80
1845,2025-10-03,05:22:05,21.30,70.70
1846,2025-10-03,05:22:25,21.30,70.80
1847,2025-10-03,05:22:45,21.30,70.70
1848,2025-10-03,05:23:05,21.30,70.70
1849,2025-10-03,05:23:25,21.40,70.70
1850,2025-10-03,05:23:45,21.40,70.70
1851,2025-10-03,05:24:05,21.40,70.80
1852,2025-10-03,05:24:25,21.40,70.70
1853,2025-10-03,05:24:45,21.40,70.60
1854,2025-10-03,05:25:05,21.40,70.70
1855,2025-10-03,05:25:25,21.40,70.60
1856,2025-10-03,05:25:45,21.40,70.70
1857,2025-10-03,05:26:05,21.40,70.70
1858,2025-10-03,05:26:25,21.40,70.70
1859,2025-10-03,05:26:45,21.40,70.70
1860,2025-10-03,05:27:05,21.40,70.70
1861,2025-10-03,05:27:25,21.40,70.80
1862,2025-10-03,05:27:45,21.40,70.70
1863,2025-10-03,05:28:05,21.40,70.60
1864,2025-10-03,05:28:25,21.40,70.60
1865,2025-10-03,05:28:45,21.40,70.50
1866,2025-10-03,05:29:05,21.40,70.60
1867,2025-10-03,05:29:25,21.40,70.60
1868,2025-10-03,05:29:45,21.40,70.60
1869,2025-10-03,05:30:05,21.40,70.60
1870,2025-10-03,05:30:25,21.40,70.50
1871,2025-10-03,05:30:45,21.40,70.40
1872,2025-10-03,05:31:05,21.40,70.40
1873,2025-10-03,05:31:25,21.40,70.40
1874,2025-10-03,05:31:45,21.40,70.50
1875,2025-10-03,05:32:05,21.40,70.50
1876,2025-10-03,05:32:25,21.40,70.60
1877,2025-10-03,05:32:45,21.40,70.60
1878,2025-10-03,05:33:05,21.40,70.60
1879,2025-10-03,05:33:25,21.40,70.60
1880,2025-10-03,05:33:45,21.40,70.50
1881,2025-10-03,05:34:05,21.40,70.60
1882,2025-10-03,05:34:25,21.40,70.60
1883,2025-10-03,05:34:45,21.40,70.40
1884,2025-10-03,05:35:05,21.40,70.40
1885,2025-10-03,05:35:25,21.40,70.50
1886,2025-10-03,05:35:45,21.30,70.50
1887,2025-10-03,05:36:05,21.30,70.40
1888,2025-10-03,05:36:25,21.30,70.50
1889,2025-10-03,05:36:45,21.30,70.50
1890,2025-10-03,05:37:05,21.30,70.60
1891,2025-10-03,05:37:25,21.30,70.60
1892,2025-10-03,05:37:45,21.30,70.50
1893,2025-10-03,05:38:05,21.30,70.60
1894,2025-10-03,05:38:25,21.30,70.60
1895,2025-10-03,05:38:45,21.40,70.70
1896,2025-10-03,05:39:05,21.30,70.80
1897,2025-10-03,05:39:25,21.30,70.80
1898,2025-10-03,05:39:45,21.30,70.80
1899,2025-10-03,05:40:05,21.30,70.80
1900,2025-10-03,05:40:25,21.30,70.70
1901,2025-10-03,05:40:45,21.30,70.70
1902,2025-10-03,05:41:05,21.40,70.70
1903,2025-10-03,05:41:25,21.30,70.70
1904,2025-10-03,05:41:45,21.30,70.80
1905,2025-10-03,05:42:05,21.30,70.70
1906,2025-10-03,05:42:25,21.40,70.70
1907,2025-10-03,05:42:45,21.40,70.70
1908,2025-10-03,05:43:05,21.30,70.70
1909,2025-10-03,05:43:25,21.30,70.70
1910,2025-10-03,05:43:45,21.40,70.70
1911,2025-10-03,05:44:05,21.40,70.80
1912,2025-10-03,05:44:25,21.30,70.70
1913,2025-10-03,05:44:45,21.40,70.70
1914,2025-10-03,05:45:05,21.30,70.70
1915,2025-10-03,05:45:25,21.40,70.80
1916,2025-10-03,05:45:45,21.40,70.80
1917,2025-10-03,05:46:05,21.40,70.70
1918,2025-10-03,05:46:25,21.40,70.60
1919,2025-10-03,05:46:45,21.40,70.60
1920,2025-10-03,05:47:05,21.40,70.60
1921,2025-10-03,05:47:25,21.40,70.70
1922,2025-10-03,05:47:45,21.40,70.70
1923,2025-10-03,05:48:05,21.40,70.60
1924,2025-10-03,05:48:25,21.40,70.70
1925,2025-10-03,05:48:45,21.40,70.80
1926,2025-10-03,05:49:05,21.40,70.70
1927,2025-10-03,05:49:25,21.40,70.80
1928,2025-10-03,05:49:45,21.40,70.80
1929,2025-10-03,05:50:05,21.40,70.70
1930,2025-10-03,05:50:25,21.40,70.70
1931,2025-10-03,05:50:45,21.40,70.70
1932,2025-10-03,05:51:05,21.40,70.80
1933,2025-10-03,05:51:25,21.40,70.70
1934,2025-10-03,05:51:45,21.40,70.70
1935,2025-10-03,05:52:05,21.40,70.60
1936,2025-10-03,05:52:25,21.40,70.60
1937,2025-10-03,05:52:45,21.40,70.70
1938,2025-10-03,05:53:05,21.40,70.60
1939,2025-10-03,05:53:25,21.40,70.60
1940,2025-10-03,05:53:45,21.40,70.70
1941,2025-10-03,05:54:05,21.40,70.60
1942,2025-10-03,05:54:25,21.40,70.60
1943,2025-10-03,05:54:45,21.40,70.60
1944,2025-10-03,05:55:05,21.40,70.50
1945,2025-10-03,05:55:25,21.40,70.60
1946,2025-10-03,05:55:45,21.40,70.50
1947,2025-10-03,05:56:05,21.40,70.50
1948,2025-10-03,05:56:25,21.40,70.50
1949,2025-10-03,05:56:45,21.40,70.40
1950,2025-10-03,05:57:05,21.40,70.50
1951,2025-10-03,05:57:25,21.40,70.60
1952,2025-10-03,05:57:45,21.40,70.50
1953,2025-10-03,05:58:05,21.40,70.60
1954,2025-10-03,05:58:25,21.40,70.70
1955,2025-10-03,05:58:45,21.40,70.60
1956,2025-10-03,05:59:05,21.40,70.50
1957,2025-10-03,05:59:25,21.40,70.50
1958,2025-10-03,05:59:45,21.40,70.50
1959,2025-10-03,06:00:05,21.40,70.50
1960,2025-10-03,06:00:25,21.40,70.50
1961,2025-10-03,06:00:45,21.40,70.50
1962,2025-10-03,06:01:05,21.40,70.50
1963,2025-10-03,06:01:25,21.40,70.50
1964,2025-10-03,06:01:45,21.40,70.50
1965,2025-10-03,06:02:05,21.40,70.50
1966,2025-10-03,06:02:25,21.40,70.50
1967,2025-10-03,06:02:45,21.40,70.50
1968,2025-10-03,06:03:05,21.40,70.60
1969,2025-10-03,06:03:25,21.40,70.70
1970,2025-10-03,06:03:45,21.40,70.70
1971,2025-10-03,06:04:05,21.40,70.70
1972,2025-10-03,06:04:25,21.40,70.70
1973,2025-10-03,06:04:45,21.40,70.70
1974,2025-10-03,06:05:05,21.40,70.70
1975,2025-10-03,06:05:25,21.30,70.70
1976,2025-10-03,06:05:45,21.30,70.70
1977,2025-10-03,06:06:05,21.40,70.70
1978,2025-10-03,06:06:25,21.40,70.70
1979,2025-10-03,06:06:45,21.40,70.70
1980,2025-10-03,06:07:05,21.40,70.60
1981,2025-10-03,06:07:25,21.40,70.60
1982,2025-10-03,06:07:45,21.40,70.60
1983,2025-10-03,06:08:05,21.40,70.60
1984,2025-10-03,06:08:25,21.40,70.50
1985,2025-10-03,06:08:45,21.40,70.50
1986,2025-10-03,06:09:05,21.40,70.50
1987,2025-10-03,06:09:25,21.40,70.40
1988,2025-10-03,06:09:45,21.40,70.40
1989,2025-10-03,06:10:05,21.40,70.40
1990,2025-10-03,06:10:25,21.40,70.40
1991,2025-10-03,06:10:45,21.40,70.40
1992,2025-10-03,06:11:05,21.40,70.40
1993,2025-10-03,06:11:25,21.40,70.40
1994,2025-10-03,06:11:45,21.40,70.40
1995,2025-10-03,06:12:05,21.40,70.40
1996,2025-10-03,06:12:25,21.40,70.40
1997,2025-10-03,06:12:45,21.40,70.50
1998,2025-10-03,06:13:05,21.40,70.40
1999,2025-10-03,06:13:25,21.40,70.40
2000,2025-10-03,06:13:45,21.40,70.30
2001,2025-10-03,06:14:05,21.40,70.30
2002,2025-10-03,06:14:25,21.40,70.40
2003,2025-10-03,06:14:45,21.40,70.40
2004,2025-10-03,06:15:05,21.40,70.30
2005,2025-10-03,06:15:25,21.40,70.30
2006,2025-10-03,06:15:45,21.40,70.20
2007,2025-10-03,06:16:05,21.40,70.40
2008,2025-10-03,06:16:25,21.40,70.30
2009,2025-10-03,06:16:45,21.40,70.40
2010,2025-10-03,06:17:05,21.50,70.40
2011,2025-10-03,06:17:25,21.40,70.40
2012,2025-10-03,06:17:45,21.40,70.40
2013,2025-10-03,06:18:05,21.40,70.40
2014,2025-10-03,06:18:25,21.40,70.50
2015,2025-10-03,06:18:45,21.40,70.50
2016,2025-10-03,06:19:05,21.40,70.40
2017,2025-10-03,06:19:25,21.40,70.40
2018,2025-10-03,06:19:45,21.40,70.30
2019,2025-10-03,06:20:05,21.40,70.30
2020,2025-10-03,06:20:25,21.40,70.30
2021,2025-10-03,06:20:45,21.40,70.30
2022,2025-10-03,06:21:05,21.40,70.30
2023,2025-10-03,06:21:25,21.40,70.30
2024,2025-10-03,06:21:45,21.40,70.30
2025,2025-10-03,06:22:05,21.40,70.40
2026,2025-10-03,06:22:25,21.40,70.50
2027,2025-10-03,06:22:45,21.40,70.50
2028,2025-10-03,06:23:05,21.40,70.50
2029,2025-10-03,06:23:25,21.40,70.50
2030,2025-10-03,06:23:45,21.40,70.50
2031,2025-10-03,06:24:05,21.40,70.40
2032,2025-10-03,06:24:25,21.40,70.40
2033,2025-10-03,06:24:45,21.40,70.40
2034,2025-10-03,06:25:05,21.40,70.40
2035,2025-10-03,06:25:25,21.40,70.40
2036,2025-10-03,06:25:45,21.40,70.30
2037,2025-10-03,06:26:05,21.50,70.30
2038,2025-10-03,06:26:25,21.50,70.30
2039,2025-10-03,06:26:45,21.50,70.40
2040,2025-10-03,06:27:05,21.50,70.40
2041,2025-10-03,06:27:25,21.40,70.50
2042,2025-10-03,06:27:45,21.40,70.50
2043,2025-10-03,06:28:05,21.50,70.50
2044,2025-10-03,06:28:25,21.50,70.50
2045,2025-10-03,06:28:45,21.40,70.50
2046,2025-10-03,06:29:05,21.50,70.60
2047,2025-10-03,06:29:25,21.40,70.70
2048,2025-10-03,06:29:45,21.40,70.60
2049,2025-10-03,06:30:05,21.50,70.50
2050,2025-10-03,06:30:25,21.40,70.30
2051,2025-10-03,06:30:45,21.40,70.40
2052,2025-10-03,06:31:05,21.50,70.40
2053,2025-10-03,06:31:25,21.50,70.40
2054,2025-10-03,06:31:45,21.50,70.30
2055,2025-10-03,06:32:05,21.50,70.30
2056,2025-10-03,06:32:25,21.50,70.30
2057,2025-10-03,06:32:45,21.50,70.30
2058,2025-10-03,06:33:04,21.50,70.30
2059,2025-10-03,06:33:24,21.50,69.90
2060,2025-10-03,06:33:44,21.50,70.30
2061,2025-10-03,06:34:04,21.50,70.30
2062,2025-10-03,06:34:24,21.50,70.30
2063,2025-10-03,06:34:44,21.50,70.30
2064,2025-10-03,06:35:04,21.50,70.30
2065,2025-10-03,06:35:24,21.50,70.30
2066,2025-10-03,06:35:44,21.50,70.30
2067,2025-10-03,06:36:04,21.50,70.30
2068,2025-10-03,06:36:24,21.50,70.20
2069,2025-10-03,06:36:44,21.50,70.20
2070,2025-10-03,06:37:04,21.50,70.30
2071,2025-10-03,06:37:24,21.50,70.20
2072,2025-10-03,06:37:44,21.50,70.20
2073,2025-10-03,06:38:04,21.50,70.20
2074,2025-10-03,06:38:24,21.50,70.20
2075,2025-10-03,06:38:44,21.50,70.20
2076,2025-10-03,06:39:04,21.50,70.20
2077,2025-10-03,06:39:24,21.50,70.10
2078,2025-10-03,06:39:44,21.50,70.10
2079,2025-10-03,06:40:04,21.50,70.30
2080,2025-10-03,06:40:24,21.50,70.20
2081,2025-10-03,06:40:44,21.50,70.10
2082,2025-10-03,06:41:04,21.50,70.00
2083,2025-10-03,06:41:24,21.50,70.10
2084,2025-10-03,06:41:44,21.50,70.20
2085,2025-10-03,06:42:04,21.50,70.20
2086,2025-10-03,06:42:24,21.50,70.20
2087,2025-10-03,06:42:44,21.50,70.20
2088,2025-10-03,06:43:04,21.50,70.10
2089,2025-10-03,06:43:24,21.50,70.20
2090,2025-10-03,06:43:44,21.50,70.30
2091,2025-10-03,06:44:04,21.50,70.30
2092,2025-10-03,06:44:24,21.50,70.20
2093,2025-10-03,06:44:44,21.60,70.10
2094,2025-10-03,06:45:04,21.60,70.00
2095,2025-10-03,06:45:24,21.60,70.00
2096,2025-10-03,06:45:44,21.60,70.00
2097,2025-10-03,06:46:04,21.60,70.10
2098,2025-10-03,06:46:24,21.60,70.00
2099,2025-10-03,06:46:44,21.60,69.90
2100,2025-10-03,06:47:04,21.60,69.80
2101,2025-10-03,06:47:24,21.60,69.80
2102,2025-10-03,06:47:44,21.60,69.80
2103,2025-10-03,06:48:04,21.60,69.90
2104,2025-10-03,06:48:24,21.60,69.80
2105,2025-10-03,06:48:44,21.60,69.80
2106,2025-10-03,06:49:04,21.60,69.90
2107,2025-10-03,06:49:24,21.60,69.90
2108,2025-10-03,06:49:44,21.60,69.90
2109,2025-10-03,06:50:04,21.60,69.90
2110,2025-10-03,06:50:24,21.70,69.80
2111,2025-10-03,06:50:44,21.60,69.80
2112,2025-10-03,06:51:04,21.70,69.70
2113,2025-10-03,06:51:24,21.70,69.70
2114,2025-10-03,06:51:44,21.70,69.70
2115,2025-10-03,06:52:04,21.60,69.80
2116,2025-10-03,06:52:24,21.70,69.80
2117,2025-10-03,06:52:44,21.70,69.80
2118,2025-10-03,06:53:04,21.70,69.70
2119,2025-10-03,06:53:24,21.70,69.70
2120,2025-10-03,06:53:44,21.70,69.60
2121,2025-10-03,06:54:04,21.70,69.50
2122,2025-10-03,06:54:24,21.70,69.60
2123,2025-10-03,06:54:44,21.70,69.50
2124,2025-10-03,06:55:04,21.70,69.40
2125,2025-10-03,06:55:24,21.70,69.40
2126,2025-10-03,06:55:44,21.70,69.50
2127,2025-10-03,06:56:04,21.70,69.40
2128,2025-10-03,06:56:24,21.70,69.40
2129,2025-10-03,06:56:44,21.70,69.30
2130,2025-10-03,06:57:04,21.70,69.50
2131,2025-10-03,06:57:24,21.70,69.50
2132,2025-10-03,06:57:44,21.70,69.50
2133,2025-10-03,06:58:04,21.70,69.50
2134,2025-10-03,06:58:24,21.70,69.50
2135,2025-10-03,06:58:44,21.70,69.40
2136,2025-10-03,06:59:04,21.70,69.50
2137,2025-10-03,06:59:24,21.70,69.60
2138,2025-10-03,06:59:44,21.70,69.80
2139,2025-10-03,07:00:04,21.70,69.70
2140,2025-10-03,07:00:24,21.80,69.70
2141,2025-10-03,07:00:44,21.70,69.70
2142,2025-10-03,07:01:04,21.80,69.60
2143,2025-10-03,07:01:24,21.80,69.30
2144,2025-10-03,07:01:44,21.80,69.40
2145,2025-10-03,07:02:04,21.80,69.50
2146,2025-10-03,07:02:24,21.70,69.50
2147,2025-10-03,07:02:44,21.80,69.30
2148,2025-10-03,07:03:04,21.80,69.40
2149,2025-10-03,07:03:24,21.80,69.40
2150,2025-10-03,07:03:44,21.80,69.40
2151,2025-10-03,07:04:04,21.80,69.40
2152,2025-10-03,07:04:24,21.80,69.20
2153,2025-10-03,07:04:44,21.80,69.10
2154,2025-10-03,07:05:04,21.80,69.10
2155,2025-10-03,07:05:24,21.80,69.20
2156,2025-10-03,07:05:44,21.80,69.20
2157,2025-10-03,07:06:04,21.80,69.30
2158,2025-10-03,07:06:24,21.80,69.20
2159,2025-10-03,07:06:44,21.80,69.20
2160,2025-10-03,07:07:04,21.80,69.20
2161,2025-10-03,07:07:24,21.80,69.20
2162,2025-10-03,07:07:44,21.80,69.20
2163,2025-10-03,07:08:04,21.90,69.20
2164,2025-10-03,07:08:24,21.90,69.20
2165,2025-10-03,07:08:44,21.90,69.20
2166,2025-10-03,07:09:04,21.90,69.20
2167,2025-10-03,07:09:24,21.90,69.10
2168,2025-10-03,07:09:44,21.90,69.10
2169,2025-10-03,07:10:04,21.90,68.90
2170,2025-10-03,07:10:24,21.90,68.80
2171,2025-10-03,07:10:44,21.90,68.70
2172,2025-10-03,07:11:04,21.90,68.70
2173,2025-10-03,07:11:24,21.90,68.90
2174,2025-10-03,07:11:44,21.90,69.20
2175,2025-10-03,07:12:04,21.90,69.10
2176,2025-10-03,07:12:24,21.90,69.00
2177,2025-10-03,07:12:44,22.00,69.10
2178,2025-10-03,07:13:04,22.00,69.10
2179,2025-10-03,07:13:24,21.90,69.00
2180,2025-10-03,07:13:44,22.00,69.10
2181,2025-10-03,07:14:04,22.00,69.00
2182,2025-10-03,07:14:24,22.00,69.00
2183,2025-10-03,07:14:44,22.00,68.90
2184,2025-10-03,07:15:04,22.00,68.80
2185,2025-10-03,07:15:24,22.00,68.80
2186,2025-10-03,07:15:44,22.00,68.90
2187,2025-10-03,07:16:04,22.00,69.00
2188,2025-10-03,07:16:24,22.00,69.00
2189,2025-10-03,07:16:44,22.00,68.90
2190,2025-10-03,07:17:04,22.00,69.00
2191,2025-10-03,07:17:24,22.00,69.00
2192,2025-10-03,07:17:44,22.00,69.00
2193,2025-10-03,07:18:04,22.00,68.80
2194,2025-10-03,07:18:24,22.10,68.80
2195,2025-10-03,07:18:44,22.10,68.80
2196,2025-10-03,07:19:04,22.00,68.90
2197,2025-10-03,07:19:24,22.10,68.90
2198,2025-10-03,07:19:44,22.10,68.80
2199,2025-10-03,07:20:04,22.10,68.80
2200,2025-10-03,07:20:24,22.10,68.70
2201,2025-10-03,07:20:44,22.10,68.60
2202,2025-10-03,07:21:04,22.10,68.50
2203,2025-10-03,07:21:24,22.10,68.40
2204,2025-10-03,07:21:44,22.10,68.50
2205,2025-10-03,07:22:04,22.10,68.50
2206,2025-10-03,07:22:24,22.10,68.50
2207,2025-10-03,07:22:44,22.10,68.50
2208,2025-10-03,07:23:04,22.10,68.50
2209,2025-10-03,07:23:24,22.10,68.50
2210,2025-10-03,07:23:44,22.10,68.50
2211,2025-10-03,07:24:04,22.10,68.50
2212,2025-10-03,07:24:24,22.10,68.40
2213,2025-10-03,07:24:44,22.10,68.40
2214,2025-10-03,07:25:04,22.10,68.40
2215,2025-10-03,07:25:24,22.20,68.50
2216,2025-10-03,07:25:44,22.20,68.60
2217,2025-10-03,07:26:04,22.20,68.50
2218,2025-10-03,07:26:24,22.20,68.40
2219,2025-10-03,07:26:44,22.20,68.30
2220,2025-10-03,07:27:04,22.10,68.30
2221,2025-10-03,07:27:24,22.20,68.30
2222,2025-10-03,07:27:44,22.20,68.40
2223,2025-10-03,07:28:04,22.20,68.50
2224,2025-10-03,07:28:24,22.20,68.50
2225,2025-10-03,07:28:44,22.20,68.50
2226,2025-10-03,07:29:04,22.20,68.30
2227,2025-10-03,07:29:24,22.20,68.30
2228,2025-10-03,07:29:44,22.20,68.40
2229,2025-10-03,07:30:04,22.20,68.50
2230,2025-10-03,07:30:24,22.20,68.40
2231,2025-10-03,07:30:44,22.20,68.40
2232,2025-10-03,07:31:04,22.20,68.30
2233,2025-10-03,07:31:24,22.20,68.20
2234,2025-10-03,07:31:44,22.20,68.20
2235,2025-10-03,07:32:04,22.20,68.20
2236,2025-10-03,07:32:24,22.20,68.30
